g NB_GP_House_Preview
v 46.37613 17.17145 138.1159
v 43.14314 18.54146 158.11
v 36.53387 -13.05463 136.3217
v 35.88612 -13.05463 161.8073
v 74.68764 -13.05463 184.9483
v 76.64806 15.53203 174.5787
v 105.808 -13.05463 178.4938
v 103.4463 13.88115 169.9986
v 114.7445 15.42311 158.1787
v 122.7238 -13.05463 165.8542
v 47.86078 23.92976 75.92688
v 39.6694 -13.97752 75.99567
v 135.2143 -13.97752 152.7847
v 115.0311 39.94563 145.843
v 143.3197 -13.05463 129.873
v 123.7212 43.42509 119.8071
v 161.3189 -13.97752 116.9697
v 143.0388 44.49702 107.4312
v 176.3316 -13.97752 70.52136
v 156.9796 49.81654 62.7198
v 46.46783 -13.97752 17.05681
v 51.0307 15.34286 19.84267
v 39.6694 -13.97752 75.99567
v 47.27608 23.57436 60.90842
v 47.86078 23.92976 75.92688
v 168.3008 80.31204 22.57695
v 190.7138 -13.97752 30.50464
v 158.877 76.05872 54.78065
v 176.3316 -13.97752 70.52136
v 160.6196 83.72845 4.388565
v 182.041 -11.40375 -50.05049
v 152.6747 91.93127 -44.00871
v 118.1208 -9.506378 -138.4014
v 109.8377 70.2749 -126.1975
v 43.55013 -14.00046 -179.2322
v 38.92995 59.54414 -167.4639
v 29.12209 -14.00046 -172.6
v 28.35971 57.32004 -164.4086
v -21.02925 -9.987885 -184.2307
v -18.71342 67.52914 -176.1769
v -51.19228 -7.368256 -177.1342
v -52.52788 58.00217 -168.6791
v 28.48009 80.76489 -160.975
v 92.37732 102.427 -118.5966
v -7.524094 77.60641 -159.9432
v 24.04333 86.21625 -147.9571
v -63.73441 43.64291 -160.4992
v -54.06985 -7.368256 -174.5432
v -52.52788 58.00217 -168.6791
v -51.19228 -7.368256 -177.1342
v -75.53708 53.6514 -144.0248
v -99.52075 50.55026 -126.0599
v -101.1143 39.83672 -126.4325
v -121.1084 35.33118 -134.6698
v -124.6795 -13.97752 -146.4724
v -63.73441 43.64291 -160.4992
v -54.06985 -7.368256 -174.5432
v -140.4776 -13.97752 -131.517
v -134.3785 31.73706 -119.7659
v -160.7926 18.01408 -107.1206
v -157.6686 29.0945 -105.6818
v -164.6791 -13.97752 -118.7456
v -178.7517 -13.97752 -87.36735
v -176.9346 16.60396 -88.80041
v -180.3052 -13.97752 -58.67177
v -173.8621 12.98692 -63.28049
v -165.1319 -13.97752 -45.67105
v -163.481 11.28444 -51.39757
v -136.9752 -13.97752 -40.10506
v -139.526 16.79886 -44.7883
v -113.238 -13.97752 -50.06769
v -109.4375 17.60136 -60.09909
v -51.198 -13.97752 -55.69675
v -48.86499 19.16628 -66.50201
v -36.63239 4.841415 -62.27162
v -36.9534 -14.60234 -59.83542
v -154.1318 29.52441 -85.25215
v -165.665 17.36635 -77.61681
v -126.2903 38.696 -69.37959
v -124.7598 21.51648 -66.01476
v -99.25708 22.68587 -75.79396
v -99.10803 38.91382 -81.58925
v 15.59975 -13.73103 -29.04758
v 13.69092 11.69144 -26.54259
v 46.46783 -13.97752 17.05681
v 51.0307 15.34286 19.84267
v -36.9534 -14.60234 -59.83542
v -36.63239 4.841415 -62.27162
v -33.92677 44.74924 -77.66267
v -33.92677 44.74924 -77.66267
v 9.122314 81.47568 -70.3942
v 8.308334 43.66585 -50.10208
v -21.82602 66.92728 -91.08757
v 37.92108 89.21994 -45.10356
v 24.41019 44.39384 -41.41774
v -43.10408 64.33629 -97.81721
v -47.30008 46.15936 -78.51677
v 37.92108 89.21994 -45.10356
v 85.32094 95.14133 10.4418
v 70.95596 49.62164 8.389664
v 24.41019 44.39384 -41.41774
v 79.04987 70.21756 23.10431
v 37.92108 97.9444 -45.10356
v 79.04987 70.21756 23.10431
v 56.14386 23.97562 57.23405
v 70.95596 49.62164 8.389664
v 69.16177 67.67245 57.39455
v 61.32007 39.60742 76.76379
v 76.30413 67.60941 77.23383
v 56.29863 23.92976 76.60901
v 46.37613 17.17145 138.1159
v 66.21539 18.123 151.3344
v 43.14314 18.54146 158.11
v 47.86078 23.92976 75.92688
v 56.29863 23.92976 76.60901
v 47.27608 23.57436 60.90842
v 56.14386 23.97562 57.23405
v 76.64806 15.53203 174.5787
v 101.675 14.60341 164.1976
v 103.4463 13.88115 169.9986
v 114.7445 15.42311 158.1787
v -47.30008 46.15936 -78.51677
v -33.92677 44.74924 -77.66267
v -48.86499 19.16628 -66.50201
v -36.63239 4.841415 -62.27162
v -124.7598 21.51648 -66.01476
v -99.25708 22.68587 -75.79396
v -109.4375 17.60136 -60.09909
v -139.526 16.79886 -44.7883
v -165.665 17.36635 -77.61681
v -176.9346 16.60396 -88.80041
v -173.8621 12.98692 -63.28049
v -163.481 11.28444 -51.39757
v -160.7926 18.01408 -107.1206
v -48.86499 19.16628 -66.50201
v 156.9796 49.81654 62.7198
v 158.877 76.05872 54.78065
v 176.3316 -13.97752 70.52136
v 145.4922 71.49011 62.76566
v 145.4922 49.81654 62.76566
v 122.6435 45.71799 105.0524
v 145.4922 49.81654 62.76566
v 143.0388 44.49702 107.4312
v 156.9796 49.81654 62.7198
v 123.7212 43.42509 119.8071
v 121.0385 65.69482 99.26282
v 145.4922 71.49011 62.76566
v 122.6435 45.71799 105.0524
v 145.4922 49.81654 62.76566
v 160.0636 91.12875 6.228607
v 128.0949 88.01044 11.62265
v 152.6747 91.93127 -44.00871
v 110.5256 93.04907 -14.83162
v 51.48355 99.34879 -67.49368
v 37.92108 97.9444 -45.10356
v 85.32094 95.14133 10.4418
v 92.37732 102.427 -118.5966
v -48.86499 19.16628 -66.50201
v -99.25708 22.68587 -75.79396
v -47.30008 46.15936 -78.51677
v -99.10803 38.91382 -81.58925
v -157.6686 29.0945 -105.6818
v -134.3785 31.73706 -119.7659
v -126.2903 38.696 -69.37959
v -99.10803 38.91382 -81.58925
v -154.1318 29.52441 -85.25215
v -101.1143 39.83672 -126.4325
v -121.1084 35.33118 -134.6698
v -63.73441 43.64291 -160.4992
v -47.30008 46.15936 -78.51677
v 72.1024 38.65015 145.992
v 101.7151 38.61575 154.4356
v 66.21539 18.123 151.3344
v 101.675 14.60341 164.1976
v 114.7445 15.42311 158.1787
v 115.0311 39.94563 145.843
v 66.21539 18.123 151.3344
v 56.29863 23.92976 76.60901
v 72.1024 38.65015 145.992
v 61.32007 39.60742 76.76379
v 121.0385 65.69482 99.26282
v 122.6435 45.71799 105.0524
v 76.30413 67.60941 77.23383
v 61.32007 39.60742 76.76379
v 122.6435 45.71799 105.0524
v 123.7212 43.42509 119.8071
v 61.32007 39.60742 76.76379
v 115.0311 39.94563 145.843
v 72.1024 38.65015 145.992
v 101.7151 38.61575 154.4356
v 168.3008 80.31204 22.57695
v 145.4922 71.49011 62.76566
v 76.30413 67.60941 77.23383
v 121.0385 65.69482 99.26282
v 158.877 76.05872 54.78065
v 128.6509 76.53448 9.771133
v 160.6196 83.72845 4.388565
v 69.16177 67.67245 57.39455
v 79.04987 70.21756 23.10431
v 116.9514 81.93427 -7.437042
v 46.24428 88.5206 -67.00071
v 51.48355 99.34879 -67.49368
v 37.92108 89.21994 -45.10356
v 37.92108 97.9444 -45.10356
v -9.771133 66.92728 -107.8257
v 10.51526 80.36935 -106.5187
v -21.82602 66.92728 -91.08757
v 9.122314 81.47568 -70.3942
v -34.23631 66.92728 -126.295
v -43.10408 64.33629 -97.81721
v -75.53708 53.6514 -144.0248
v -52.52788 58.00217 -168.6791
v -18.71342 67.52914 -176.1769
v 46.24428 88.5206 -67.00071
v 37.92108 89.21994 -45.10356
v -43.10408 64.33629 -97.81721
v -47.30008 46.15936 -78.51677
v -99.52075 50.55026 -126.0599
v 51.48355 99.34879 -67.49368
v 11.56998 87.20218 -111.4026
v 92.37732 102.427 -118.5966
v 24.04333 86.21625 -147.9571
v 11.56998 87.20218 -111.4026
v 51.48355 99.34879 -67.49368
v 10.51526 80.36935 -106.5187
v 46.24428 88.5206 -67.00071
v -101.1143 39.83672 -126.4325
v -99.52075 50.55026 -126.0599
v -47.30008 46.15936 -78.51677
v -34.23631 66.92728 -126.295
v -29.24927 79.12546 -123.704
v -9.771133 66.92728 -107.8257
v -9.771133 80.42667 -107.8257
v 10.51526 80.36935 -106.5187
v 160.0636 91.12875 6.228607
v 152.6747 91.93127 -44.00871
v 160.6196 83.72845 4.388565
v 110.5256 93.04907 -14.83162
v 128.0949 88.01044 11.62265
v 116.9514 81.93427 -7.437042
v 128.6509 76.53448 9.771133
v 128.0949 88.01044 11.62265
v 160.0636 91.12875 6.228607
v 128.6509 76.53448 9.771133
v 160.6196 83.72845 4.388565
v 110.5256 93.04907 -14.83162
v 116.9514 81.93427 -7.437042
v 85.32094 95.14133 10.4418
v -18.71342 67.52914 -176.1769
v -7.524094 77.60641 -159.9432
v -34.23631 66.92728 -126.295
v -29.24927 79.12546 -123.704
v 24.04333 86.21625 -147.9571
v -9.771133 80.42667 -107.8257
v -7.524094 77.60641 -159.9432
v -29.24927 79.12546 -123.704
v 10.51526 80.36935 -106.5187
v 24.04333 86.21625 -147.9571
v 11.56998 87.20218 -111.4026
v 10.51526 80.36935 -106.5187
v 48.95563 58.63844 -20.08809
v 49.67789 64.27324 -24.5191
v 47.83211 68.80743 -20.36324
v 46.16977 64.44521 -14.96347
v 48.85818 72.68817 -19.93332
v 47.14998 73.23273 -13.71957
v 51.60393 52.3158 -19.55499
v 53.6274 53.37053 -21.88228
v 53.93121 57.40602 -22.91982
v 46.42772 65.78656 -10.73882
v 47.33914 59.45816 -13.76543
v 48.07286 58.69003 -13.25526
v 49.72948 67.74698 -7.643402
v 48.09006 62.07779 -15.75452
v 51.60393 47.65549 -16.46532
v 51.91919 49.61017 -19.33144
v 51.60393 52.3158 -19.55499
v 51.18547 71.67355 -23.08604
v 50.1078 73.49066 -8.124908
v 53.11723 70.20612 -4.186859
v 53.45543 61.20076 -6.628799
v 54.90569 64.43375 -4.73143
v 54.23502 61.62494 -5.998245
v 52.69878 73.4964 -5.986786
v 49.48872 82.12915 -14.9176
v 52.50961 80.36362 -14.1151
v 46.80605 79.38913 -18.7926
v 47.34486 77.68668 -17.2449
v 49.67789 75.65173 -17.68054
v 56.31583 73.56519 -4.966446
v 62.4837 81.17761 -11.50119
v 64.75367 77.82999 -5.660049
v 63.33781 74.55685 -7.941483
v 63.64162 82.47308 -16.06406
v 69.14457 69.4953 -10.27451
v 59.37111 68.09665 -3.716812
v 62.90216 63.72295 -5.889343
v 55.59357 82.32404 -14.4361
v 53.97707 81.64191 -10.03374
v 55.73114 65.85535 -2.713684
v 60.68379 61.66507 -6.600128
v 57.23871 61.99754 -5.178543
v 61.84743 62.81725 -6.697586
v 62.64995 58.2372 -8.669479
v 64.11739 56.17358 -8.761185
v 63.29768 50.22353 -10.48087
v 64.98869 51.39864 -11.63304
v 68.47389 58.08815 -12.84254
v 61.32007 55.0558 -9.294281
v 65.60777 56.59778 -14.62526
v 64.98869 51.39864 -11.63304
v 67.72297 52.75143 -13.00877
v 68.47389 58.08815 -12.84254
v 60.12202 51.49608 -11.13434
v 60.16788 51.68524 -13.67372
v 57.70876 49.20892 -12.21773
v 56.53365 50.98592 -15.89209
v 54.79105 49.34076 -14.18388
v 55.43306 49.86813 -11.95404
v 53.42677 54.58003 -9.168182
v 53.16309 60.18042 -8.761185
v 52.58414 51.44449 -15.47363
v 53.93121 57.40602 -22.91982
v 51.00777 53.3132 -16.11565
v 49.82693 57.14233 -16.54556
v 49.01868 61.08612 -14.18962
v 47.18437 63.60829 -14.83736
v 48.33081 61.43005 -16.48824
v 59.37111 45.74664 -17.2621
v 56.9865 46.48611 -19.83014
v 49.72948 67.74698 -7.643402
v 58.74055 62.46185 -6.250473
v 60.68379 61.66507 -6.600128
v 60.24814 67.61514 -4.444809
v 61.84743 62.81725 -6.697586
v 64.12313 46.56636 -14.16669
v 61.32007 55.0558 -9.294281
v 53.6274 53.37053 -21.88228
v 51.60393 52.3158 -19.55499
v 53.93121 57.40602 -22.91982
v 63.29768 50.22353 -10.48087
v 64.98869 51.39864 -11.63304
v 62.64995 58.2372 -8.669479
v 49.13333 74.87787 -15.65134
v 53.95987 77.07333 -24.30128
v 56.73427 80.48975 -24.44458
v 60.54048 82.47882 -20.45496
v 61.89902 80.0369 -25.17831
v 57.94951 76.50009 -29.04758
v 68.73184 81.14322 -18.68942
v 67.12109 79.87637 -11.38081
v 67.48795 72.68817 -12.854
v 54.61908 63.10959 -26.48526
v 14.53355 84.49658 -53.17456
v 24.08345 85.36212 -58.09854
v 24.24969 83.29852 -49.75241
v 17.84105 84.23862 -63.03973
v 11.09995 82.50174 -57.468
v 10.53246 80.0025 -60.4545
v 8.749725 79.99103 -53.89108
v 15.86343 81.07443 -64.42693
v 13.54761 76.90137 -63.53844
v 21.80203 78.70126 -67.10962
v 19.36583 75.34219 -67.48222
v 9.168182 76.44278 -59.62332
v 15.16409 72.02322 -64.35242
v 10.87639 80.81647 -50.46893
v 10.35475 76.19629 -48.95563
v 15.86916 76.55743 -45.92328
v 15.45071 82.15781 -47.59709
v 21.0511 76.74658 -46.65128
v 33.64482 74.59698 -53.2892
v 32.48691 67.62085 -51.95358
v 24.72546 71.13474 -47.86078
v 31.93661 79.9509 -56.83745
v 28.88707 82.62787 -60.86722
v 28.21066 63.22997 -53.1115
v 31.53537 80.27191 -57.12979
v 22.55869 64.23311 -49.1104
v 17.52577 71.42133 -46.46783
v 16.3736 63.9637 -48.31935
v 17.4054 58.94226 -50.69823
v 10.89359 63.21851 -52.96246
v 19.74988 58.67284 -54.10892
v 14.30426 57.1194 -53.73058
v 14.38451 67.87308 -48.79512
v 26.61711 60.04858 -52.42363
v 14.05205 58.99957 -58.04123
v 11.03116 65.45407 -59.25073
v 10.69868 67.7699 -52.22301
v 12.56166 70.67041 -47.96396
v 8.703873 70.36087 -53.73058
v 10.13692 71.129 -59.58319
v 17.93849 59.25752 -58.84373
v 15.76025 64.9955 -62.55823
v 18.60344 65.81522 -65.6479
v 21.31479 56.40862 -54.38406
v 19.02762 57.48053 -59.76089
v 8.411514 76.14468 -53.22615
v 30.88188 53.92082 -34.34416
v 32.01688 62.78285 -31.71306
v 36.05237 56.41434 -33.96584
v 35.24985 62.82298 -32.40092
v 32.73914 51.70244 -35.78294
v 28.65205 48.89938 -37.80643
v 31.75893 50.52733 -40.52924
v 35.37596 53.07245 -38.67773
v 37.9612 56.29396 -36.12115
v 25.57384 56.8156 -33.71361
v 25.92351 61.87717 -33.97156
v 26.34195 51.67378 -40.98209
v 28.72084 52.66545 -43.92273
v 26.2617 56.17358 -45.94621
v 23.43571 57.37163 -40.81012
v 22.64467 62.66248 -38.98154
v 25.36174 53.89789 -38.94141
v 23.94588 56.35129 -43.97432
v 22.05424 63.06947 -42.87373
v 35.53073 46.70393 -41.11394
v 37.51408 49.16306 -40.92476
v 41.72728 59.269 -37.74338
v 37.26187 65.87253 -33.43274
v 44.04311 65.35663 -37.71471
v 30.91055 47.40326 -46.47931
v 32.04553 50.02863 -47.80345
v 31.7016 57.22258 -50.17087
v 25.37321 66.36551 -50.29697
v 22.66187 65.85535 -45.05771
v 35.27278 69.1055 -31.39206
v 31.31754 67.03046 -31.17422
v 25.17831 67.80429 -33.63336
v 44.26666 73.66263 -38.68346
v 21.67018 71.24362 -45.51628
v 25.20125 76.22495 -50.66383
v 22.38672 72.79135 -38.37392
v 21.87654 66.99606 -39.06178
v 28.80109 81.6763 -48.93843
v 30.87616 67.28839 -55.28401
v 36.80328 78.79874 -52.38351
v 43.41255 82.0145 -42.25464
v 35.88612 82.42151 -40.58656
v 44.88574 79.03949 -39.63501
v 38.60321 75.0097 -34.08047
v 28.56033 73.78876 -33.00282
v 28.56033 73.78876 -33.00282
v 22.38672 72.79135 -38.37392
v 22.05424 63.06947 -42.87373
v 68.23314 89.20273 -6.52562
v 71.48905 85.66022 -11.71902
v 71.94763 90.90521 -0.1284332
v 77.88049 87.16779 -6.795029
v 65.79694 85.9411 -8.577759
v 68.70892 79.45792 -14.0807
v 63.00534 86.82959 0.7829895
v 65.65936 88.89319 4.147812
v 69.36813 88.30276 5.821625
v 62.06526 82.30685 -3.017487
v 62.54103 76.62048 -5.207199
v 67.59686 67.99918 -10.9509
v 63.83078 68.02213 -5.608459
v 64.69062 60.12883 -4.794479
v 69.20762 83.24695 8.733597
v 65.05748 84.41058 7.896698
v 63.44672 82.74823 6.096771
v 62.82764 78.08218 3.608978
v 65.67656 61.79691 -0.1169739
v 63.17731 74.0983 2.840866
v 63.95116 67.76416 -1.039871
v 68.24461 60.55301 -2.725143
v 63.18877 67.3801 1.155579
v 65.80267 82.63931 6.096771
v 65.453 65.4025 3.654831
v 64.78806 72.3385 2.456802
v 66.31857 65.46555 3.511536
v 64.20911 76.80389 3.190521
v 69.33946 82.23807 8.56163
v 64.28363 67.74124 1.361938
v 66.1982 68.84756 2.187378
v 64.87405 67.79855 -0.799118
v 69.12737 63.52231 -4.52507
v 67.97519 62.35867 1.373413
v 66.54787 67.98773 -0.4494476
v 73.36349 60.63327 -0.2316132
v 71.3744 65.05855 3.631912
v 76.83723 68.23422 3.958649
v 76.37865 64.68596 1.499512
v 74.80228 66.56039 7.082718
v 72.2801 64.43947 6.715851
v 69.49423 64.31909 5.471954
v 69.94708 70.20038 7.03685
v 78.79765 68.45203 4.807022
v 74.64751 62.51917 4.319778
v 76.72832 61.99181 5.351578
v 78.26456 62.95482 3.500061
v 76.39011 64.00381 1.195709
v 76.24107 69.00806 7.38652
v 75.73664 65.69482 7.673141
v 76.21815 65.66617 8.40686
v 77.7028 70.45831 9.094727
v 79.54858 68.25714 5.689774
v 77.81744 77.30835 9.908707
v 76.93468 77.10773 8.813843
v 76.13216 81.40689 10.79147
v 80.07021 82.17502 6.922211
v 73.39789 88.83588 7.180161
v 72.57244 84.59402 11.22139
v 83.17135 76.1619 4.015961
v 73.50107 82.83997 9.43866
v 69.43691 75.29633 7.690338
v 83.31465 85.53983 2.198853
v 79.43966 89.31165 1.64856
v 67.44782 66.26233 3.826797
v 49.24797 75.57721 -21.74471
v 53.38092 75.13583 -26.90372
v 51.49501 71.27802 -23.39558
v 48.63463 65.37955 -25.25856
v 45.9978 62.80579 -23.51596
v 46.81177 67.71259 -20.92499
v 43.07436 58.72443 -24.61655
v 43.00557 68.29153 -20.70143
v 44.89148 79.24011 -20.51801
v 43.88834 62.46758 -27.94698
v 52.2746 60.11163 -26.9897
v 46.18123 57.1366 -29.56348
v 43.06862 58.19707 -35.1524
v 39.39999 62.61089 -31.91942
v 40.14519 69.58701 -36.32751
v 43.69344 62.56503 -36.63132
v 44.54181 72.86584 -37.8007
v 41.02222 75.37085 -39.01593
v 42.73042 81.95718 -43.90553
v 38.79811 75.11862 -35.93771
v 35.1524 69.28894 -30.94495
v 39.94455 58.7531 -28.14188
v 40.54643 57.6353 -25.61969
v 38.1389 64.11273 -23.18922
v 37.00392 80.63876 -35.45049
v 38.71213 86.38821 -40.19678
v 35.85173 79.85345 -30.95067
v 35.21545 74.94666 -25.41907
v 37.68605 73.31299 -23.14909
v 37.21028 69.17429 -22.87395
v 39.39426 74.91226 -20.51227
v 37.8351 79.24585 -22.35805
v 35.82307 79.36047 -25.00061
v 38.01279 90.48676 -39.49744
v 43.22339 91.77078 -47.72321
v 42.74188 92.05167 -41.40054
v 37.33638 90.48102 -33.47859
v 49.51166 85.69461 -47.88943
v 54.20062 89.31738 -44.85709
v 44.36411 93.6452 -37.76057
v 37.33638 90.48102 -33.47859
v 43.95712 94.04074 -30.69846
v 51.16254 93.66815 -34.36136
v 62.26588 89.05942 -26.76614
v 55.78845 95.06107 -26.72601
v 49.09894 93.04907 -26.084
v 59.7265 93.02042 -25.68848
v 46.90923 89.23712 -25.33882
v 42.32916 89.30591 -24.77705
v 46.41624 89.46069 -20.19701
v 48.92123 83.21829 -20.27151
v 53.36945 80.2547 -21.32051
v 44.89148 79.24011 -20.51801
v 38.70639 89.77597 -24.7484
v 37.33638 90.48102 -33.47859
v 43.95712 94.04074 -30.69846
v 37.33638 90.48102 -33.47859
v 1.120117 19.32104 -31.15703
v 3.189453 19.32104 -23.26375
v -14.74098 19.32104 -26.30183
v -11.56532 19.32104 -18.37988
v -5.5522 19.32104 -34.39575
v -12.08696 19.32104 -32.0054
v -5.563675 19.32104 -16.24748
v -0.2269592 19.32104 -17.97862
v 3.189453 19.32104 -23.26375
v 1.120117 19.32104 -31.15703
v 6.003983 10.52205 -22.34659
v 3.395813 10.52205 -32.80792
v -5.5522 19.32104 -34.39575
v -5.5522 10.52205 -37.35358
v 1.509903 10.52205 -15.57681
v -0.2269592 19.32104 -17.97862
v -5.563675 10.52205 -13.28392
v -5.563675 19.32104 -16.24748
v -12.08696 19.32104 -32.0054
v -13.82956 10.52205 -34.40147
v -14.74098 19.32104 -26.30183
v -17.54977 10.52205 -26.30756
v -11.56532 19.32104 -18.37988
v -13.31366 10.52205 -15.98381
v -5.563675 19.32104 -16.24748
v -5.563675 10.52205 -13.28392
v 19.38303 19.31531 -1.160248
v 25.5681 19.31531 -0.0252533
v 14.51062 19.31531 1.488052
v 12.04002 19.31531 6.463638
v 14.8087 19.31531 14.16203
v 29.52908 19.31531 6.171295
v 21.60713 19.31531 16.50078
v 28.36543 19.31531 13.02704
v 25.5681 19.31531 -0.0252533
v 19.38303 19.31531 -1.160248
v 26.88078 10.4762 -2.662094
v 18.89005 10.4762 -4.06076
v 14.51062 19.31531 1.488052
v 12.40689 10.4762 -0.5698242
v 12.04002 19.31531 6.463638
v 9.128052 10.4762 6.039444
v 32.29202 10.4762 5.70697
v 29.52908 19.31531 6.171295
v 30.46916 10.4762 15.09065
v 28.36543 19.31531 13.02704
v 22.09438 10.4762 19.38409
v 21.60713 19.31531 16.50078
v 12.95718 10.4762 14.75244
v 14.8087 19.31531 14.16203
v 9.128052 10.4762 6.039444
v 12.04002 19.31531 6.463638
v -24.00427 14.16776 4.870071
v -22.29034 14.16776 -6.611603
v -24.00427 19.71083 4.870071
v -22.29034 19.71083 -6.611603
v -18.75928 19.72229 15.12505
v -18.75928 14.18495 15.12505
v -14.76392 14.16776 -14.4189
v -14.76392 19.71083 -14.4189
v -4.170731 14.16776 -16.73473
v -4.170731 19.71083 -16.73473
v 7.683533 14.16776 -10.67575
v 7.683533 19.71083 -10.67575
v 13.00877 14.16776 1.522446
v 13.00877 19.71083 1.522446
v 10.06241 14.16776 11.95511
v 10.06241 19.71083 11.95511
v 1.819443 14.16776 18.99431
v 1.819443 19.71083 18.99431
v -8.842514 14.16776 20.28978
v -8.842514 19.71083 20.28978
v -18.75928 14.18495 15.12505
v -18.75928 19.72229 15.12505
v -29.04865 10.61951 5.5522
v -26.8532 10.61951 -9.150986
v -24.00427 14.16776 4.870071
v -22.29034 14.16776 -6.611603
v -18.75928 14.18495 15.12505
v -22.3362 10.6367 18.69049
v -8.842514 14.16776 20.28978
v -9.63356 10.61951 25.29976
v 1.819443 14.16776 18.99431
v 4.02063 10.61951 23.64314
v 10.06241 14.16776 11.95511
v 14.57941 10.61951 14.62634
v 13.00877 14.16776 1.522446
v 18.35123 10.61951 1.270233
v 7.683533 14.16776 -10.67575
v 11.52986 10.61951 -14.35585
v -4.170731 14.16776 -16.73473
v -3.654831 10.61951 -22.11157
v -14.76392 14.16776 -14.4189
v -17.2173 10.61951 -19.14799
v 3.395813 3.437012 -32.80792
v 6.003983 3.437012 -22.34659
v 3.395813 10.52205 -32.80792
v 6.003983 10.52205 -22.34659
v -5.5522 10.52205 -37.35358
v -5.5522 3.437012 -37.35358
v 1.509903 3.437012 -15.57681
v 1.509903 10.52205 -15.57681
v -13.82956 10.52205 -34.40147
v -13.82956 3.437012 -34.40147
v -17.54977 10.52205 -26.30756
v -17.54977 3.437012 -26.30756
v -13.31366 10.52205 -15.98381
v -13.31366 3.437012 -15.98381
v 18.89005 3.391159 -4.06076
v 26.88078 3.391159 -2.662094
v 18.89005 10.4762 -4.06076
v 26.88078 10.4762 -2.662094
v 12.40689 10.4762 -0.5698242
v 12.40689 3.391159 -0.5698242
v 32.29202 3.391159 5.70697
v 32.29202 10.4762 5.70697
v 30.46916 3.391159 15.09065
v 30.46916 10.4762 15.09065
v 22.09438 3.391159 19.38409
v 22.09438 10.4762 19.38409
v 12.95718 3.391159 14.75244
v 12.95718 10.4762 14.75244
v -29.04865 3.534454 5.5522
v -26.8532 3.534454 -9.150986
v -29.04865 10.61951 5.5522
v -26.8532 10.61951 -9.150986
v -22.3362 10.6367 18.69049
v -22.3362 3.551651 18.69049
v -9.63356 10.61951 25.29976
v -9.63356 3.534454 25.29976
v 4.02063 10.61951 23.64314
v 4.02063 3.534454 23.64314
v 14.57941 10.61951 14.62634
v 14.57941 3.534454 14.62634
v -17.2173 3.534454 -19.14799
v -17.2173 10.61951 -19.14799
v -3.654831 3.534454 -22.11157
v -3.654831 10.61951 -22.11157
v 11.52986 3.534454 -14.35585
v 11.52986 10.61951 -14.35585
v 18.35123 3.534454 1.270233
v 18.35123 10.61951 1.270233
v -17.64149 25.13353 -4.026367
v -18.86246 25.13353 4.170731
v -22.29034 19.71083 -6.611603
v -24.00427 19.71083 4.870071
v -15.11931 25.14499 11.49654
v -18.75928 19.72229 15.12505
v -8.039993 25.13353 15.18236
v -8.842514 19.71083 20.28978
v -0.4275818 25.13353 14.25948
v 1.819443 19.71083 18.99431
v 5.465149 25.13353 9.2323
v 10.06241 19.71083 11.95511
v 7.568878 25.13353 1.780396
v 13.00877 19.71083 1.522446
v 3.76268 25.13353 -6.926865
v 7.683533 19.71083 -10.67575
v -4.703842 25.13353 -11.25471
v -4.170731 19.71083 -16.73473
v -12.26465 25.13353 -9.603821
v -14.76392 19.71083 -14.4189
v -17.64149 30.06325 -4.026367
v -18.86246 30.06325 4.170731
v -17.64149 25.13353 -4.026367
v -18.86246 25.13353 4.170731
v -15.11931 30.07471 11.49654
v -15.11931 25.14499 11.49654
v -12.26465 25.13353 -9.603821
v -12.26465 30.06325 -9.603821
v -4.703842 25.13353 -11.25471
v -4.703842 30.06325 -11.25471
v 3.76268 25.13353 -6.926865
v 3.76268 30.06325 -6.926865
v 7.568878 25.13353 1.780396
v 7.568878 30.06325 1.780396
v 5.465149 25.13353 9.2323
v 5.465149 30.06325 9.2323
v -0.4275818 25.13353 14.25948
v -0.4275818 30.06325 14.25948
v -8.039993 25.13353 15.18236
v -8.039993 30.06325 15.18236
v -15.11931 25.14499 11.49654
v -15.11931 30.07471 11.49654
v -18.86246 30.06325 4.170731
v -17.64149 30.06325 -4.026367
v -4.703842 30.06325 -11.25471
v -12.26465 30.06325 -9.603821
v -15.11931 30.07471 11.49654
v 3.76268 30.06325 -6.926865
v 7.568878 30.06325 1.780396
v -8.039993 30.06325 15.18236
v -0.4275818 30.06325 14.25948
v 5.465149 30.06325 9.2323
v -43.24739 9.937363 7.965485
v -41.43027 10.66536 7.277603
v -37.96227 9.960297 16.35747
v -36.49481 10.68829 15.44031
v -37.96227 9.948837 16.35747
v -37.96227 2.709015 16.35747
v -43.24739 9.937363 7.965485
v -43.24739 2.709015 7.965485
v -43.24739 9.937363 7.965485
v -43.24739 2.709015 7.965485
v -46.25682 9.925903 -3.292633
v -46.25682 2.709015 -3.292633
v -41.48186 10.71695 7.271881
v -44.4397 10.70549 -3.61937
v -41.48186 2.772079 7.271881
v -44.4397 2.772079 -3.61937
v -36.5464 2.772079 15.44031
v -36.5464 10.72841 15.44031
v -43.24739 9.937363 7.965485
v -46.25682 9.914444 -3.292633
v -41.43027 10.66536 7.277603
v -44.38811 10.6367 -3.613632
v -44.50275 9.937363 -38.8669
v -46.67528 9.931641 -21.11415
v -44.50275 2.709015 -38.8669
v -46.67528 2.709015 -21.11415
v -42.64551 2.772079 -38.31087
v -44.80656 2.772079 -21.03964
v -42.64551 10.71695 -38.31087
v -44.80656 10.71121 -21.03964
v -35.74963 2.772079 -53.89682
v -35.74963 10.71695 -53.89682
v -44.75497 10.6539 -21.03964
v -46.67528 9.931641 -21.11415
v -42.59392 10.65962 -38.30513
v -44.50275 9.937363 -38.8669
v -37.50943 9.937363 -54.79678
v -44.50275 9.937363 -38.8669
v -37.50943 2.709015 -54.79678
v -44.50275 2.709015 -38.8669
v -44.50275 9.937363 -38.8669
v -37.50943 9.937363 -54.79678
v -42.59392 10.65962 -38.30513
v -35.69804 10.65962 -53.89108
v -46.25682 2.709015 -3.292633
v -46.67528 2.709015 -21.11415
v -46.25682 9.925903 -3.292633
v -46.67528 9.931641 -21.11415
v -44.80656 10.71121 -21.03964
v -44.80656 2.772079 -21.03964
v -44.4397 10.70549 -3.61937
v -44.4397 2.772079 -3.61937
v -46.25682 9.914444 -3.292633
v -46.67528 9.931641 -21.11415
v -44.38811 10.6367 -3.613632
v -44.75497 10.6539 -21.03964
v -18.01982 2.731949 37.53809
v -28.95692 2.731949 27.91367
v -18.01982 9.908707 37.53809
v -28.95692 9.908707 27.91367
v -27.54106 10.65962 26.61818
v -27.54106 2.731949 26.61818
v -17.01668 10.65962 35.79549
v -17.01668 2.731949 35.79549
v -1.768936 9.908707 44.46835
v 15.79465 9.908707 47.6956
v -1.768936 2.731949 44.46835
v 15.79465 2.731949 47.6956
v -1.195709 2.731949 42.54807
v 15.93222 2.731949 45.80971
v -1.195709 10.65962 42.54807
v 15.93222 10.65962 45.80971
v -17.01668 2.731949 35.79549
v -17.01668 10.65962 35.79549
v 15.79465 9.908707 47.6956
v -1.195709 10.65962 42.54807
v 15.93222 10.65962 45.80971
v -1.768936 9.908707 44.46835
v 33.71935 2.731949 47.11665
v 15.79465 2.731949 47.6956
v 33.71935 9.908707 47.11665
v 15.79465 9.908707 47.6956
v 33.34676 10.65962 45.23074
v 15.93222 10.65962 45.80971
v 33.34676 2.731949 45.23074
v 15.93222 2.731949 45.80971
v 33.34676 10.65962 45.23074
v 33.71935 9.908707 47.11665
v 15.93222 10.65962 45.80971
v 15.79465 9.908707 47.6956
v 50.69249 2.731949 42.97224
v 33.71935 2.731949 47.11665
v 50.69249 9.908707 42.97224
v 33.71935 9.908707 47.11665
v 50.125 10.65962 41.1494
v 33.34676 10.65962 45.23074
v 50.125 2.731949 41.1494
v 33.34676 2.731949 45.23074
v 33.34676 10.65962 45.23074
v 50.125 10.65962 41.1494
v 33.71935 9.908707 47.11665
v 50.69249 9.908707 42.97224
v -18.01982 9.908707 37.53809
v -1.768936 9.908707 44.46835
v -18.01982 2.731949 37.53809
v -1.768936 2.731949 44.46835
v -1.768936 9.908707 44.46835
v -17.01668 10.65962 35.79549
v -1.195709 10.65962 42.54807
v -18.01982 9.908707 37.53809
v 66.66824 9.908707 35.9388
v 66.66824 2.731949 35.9388
v 50.69249 9.908707 42.97224
v 50.69249 2.731949 42.97224
v 65.81414 10.65962 34.24205
v 50.125 10.65962 41.1494
v 65.81414 2.731949 34.24205
v 50.125 2.731949 41.1494
v 66.66824 9.908707 35.9388
v 50.69249 9.908707 42.97224
v 65.81414 10.65962 34.24205
v 50.125 10.65962 41.1494
v -27.54106 10.65962 26.61818
v -18.01982 9.908707 37.53809
v -28.95692 9.908707 27.91367
v -17.01668 10.65962 35.79549
v -26.38315 14.99319 29.26646
v -27.99391 12.23026 30.55623
v -38.64441 14.99319 13.70918
v -40.2093 12.23026 15.01613
v -38.11703 14.99319 13.29073
v -25.85579 14.99319 28.84229
v -38.64441 14.99319 13.70918
v -26.38315 14.99319 29.26646
v -38.11703 14.99319 13.29073
v -36.32285 12.14427 11.93219
v -25.85579 14.99319 28.84229
v -24.08453 12.14427 27.51241
v -26.38315 14.99319 29.26646
v -25.85579 14.99319 28.84229
v -27.99391 12.23026 30.55623
v -24.08453 12.14427 27.51241
v -38.11703 14.99319 13.29073
v -38.64441 14.99319 13.70918
v -36.32285 12.14427 11.93219
v -40.2093 12.23026 15.01613
v -36.32285 12.14427 11.93219
v -40.2093 12.23026 15.01613
v -24.08453 12.14427 27.51241
v -27.99391 12.23026 30.55623
v -29.83395 12.62006 27.00224
v -27.98817 12.62006 29.32953
v -29.83395 2.737686 27.00224
v -27.98817 2.737686 29.32953
v -25.58638 12.62006 27.42642
v -25.58638 2.737686 27.42642
v -27.98817 12.62006 29.32953
v -27.98817 2.737686 29.32953
v -25.58638 12.62006 27.42642
v -27.43216 12.62006 25.0934
v -25.58638 2.737686 27.42642
v -27.43216 2.737686 25.0934
v -29.83395 12.62006 27.00224
v -29.83395 2.737686 27.00224
v -27.43216 12.62006 25.0934
v -27.43216 2.737686 25.0934
v -37.72151 10.33862 15.69827
v -28.09135 10.33862 28.10855
v -36.38017 10.33862 14.68365
v -26.75002 10.33862 27.09395
v -37.72151 12.43663 15.69827
v -28.09135 12.43663 28.10855
v -37.72151 10.33862 15.69827
v -28.09135 10.33862 28.10855
v -26.75002 12.43663 27.09395
v -36.38017 12.43663 14.68365
v -26.75002 10.33862 27.09395
v -36.38017 10.33862 14.68365
v -37.57248 9.570511 15.58936
v -27.93658 9.570511 28.00537
v -36.5808 9.570511 14.83842
v -26.95064 9.570511 27.24872
v -37.57248 10.41315 15.58936
v -27.93658 10.41315 28.00537
v -37.57248 9.570511 15.58936
v -27.93658 9.570511 28.00537
v -26.95064 10.41315 27.24872
v -36.5808 10.41315 14.83842
v -26.95064 9.570511 27.24872
v -36.5808 9.570511 14.83842
v -30.9976 9.742477 23.47118
v -28.76776 9.742477 26.29144
v -30.9976 3.626175 23.47118
v -28.76776 3.626175 26.29144
v -30.73965 3.626175 23.25336
v -30.73965 9.73674 23.25336
v -30.9976 3.626175 23.47118
v -30.9976 9.742477 23.47118
v -34.12741 9.742477 19.36116
v -33.85799 9.73674 19.12614
v -34.12741 3.626175 19.36116
v -33.85799 3.626175 19.13188
v -28.87668 9.73674 25.67236
v -30.73965 9.73674 23.25336
v -28.87668 3.626175 25.67236
v -30.73965 3.626175 23.25336
v -36.34578 9.742477 16.55237
v -34.12741 9.742477 19.36116
v -36.34578 3.626175 16.55237
v -34.12741 3.626175 19.36116
v -33.85799 9.73674 19.12614
v -36.07637 9.73674 16.32307
v -33.85799 3.626175 19.13188
v -36.07637 3.626175 16.32307
v -37.2916 12.62006 17.42368
v -37.2916 2.737686 17.42368
v -39.08578 12.62006 15.1537
v -39.08578 2.737686 15.1537
v -34.86113 12.62006 15.55496
v -34.86113 2.737686 15.55496
v -37.2916 12.62006 17.42368
v -37.2916 2.737686 17.42368
v -36.65532 12.62006 13.27927
v -36.65532 2.737686 13.27927
v -34.86113 12.62006 15.55496
v -34.86113 2.737686 15.55496
v -39.08578 12.62006 15.1537
v -39.08578 2.737686 15.1537
v -36.65532 12.62006 13.27927
v -36.65532 2.737686 13.27927
v -27.5468 2.709015 -69.33946
v -27.5468 9.937363 -69.33946
v -37.50943 2.709015 -54.79678
v -37.50943 9.937363 -54.79678
v -25.78127 10.71695 -68.41657
v -35.69804 10.65962 -53.89108
v -27.5468 9.937363 -69.33946
v -37.50943 9.937363 -54.79678
v -25.78127 10.71695 -68.41657
v -25.78127 2.772079 -68.41657
v -35.74963 10.71695 -53.89682
v -35.74963 2.772079 -53.89682
v -112.7737 -2.58757 76.90707
v -112.6591 -1.664673 76.88416
v -104.7371 -2.58757 87.03595
v -104.6912 -1.664673 86.93277
v -112.7737 -2.58757 76.90707
v -111.5814 -2.58757 68.6756
v -112.6591 -1.664673 76.88416
v -111.4667 -1.664673 68.73865
v -103.5792 -1.664673 62.48477
v -103.6193 -2.58757 62.35867
v -95.28464 -1.664673 63.09813
v -95.22159 -2.58757 62.98349
v -95.28464 -1.664673 63.09813
v -95.22159 -2.58757 62.98349
v -87.31683 -1.664673 73.15247
v -87.185 -2.58757 73.11807
v -104.7371 -2.58757 87.03595
v -104.6912 -1.664673 86.93277
v -96.43683 -2.58757 87.76968
v -96.45975 -1.664673 87.65503
v -88.47473 -2.58757 81.4585
v -88.57791 -1.664673 81.40115
v -87.31683 -1.664673 73.15247
v -87.185 -2.58757 73.11807
v -117.6518 0.6339417 11.52519
v -116.9926 0.6339417 7.615814
v -104.0435 1.201447 28.7735
v -100.9538 0.6339417 27.5468
v -55.52011 0.6339417 -3.006027
v -81.44702 0.6339417 -35.69696
v -129.2883 0.6339417 -7.884155
v -106.6001 0.6339417 -35.33583
v -117.3767 0.6339417 -36.57401
v -138.8267 0.6339417 -19.91612
v -35.9044 0.6339417 26.23412
v -49.85094 0.6339417 -2.74234
v -99.43478 0.6339417 39.2119
v -95.26172 0.6339417 49.01976
v -88.15945 0.6339417 59.9626
v -83.68259 0.6339417 65.70056
v -104.0435 1.201447 28.7735
v -104.0435 -2.604767 28.7735
v -117.6002 0.3301392 11.67996
v -117.6002 -2.604767 11.67996
v -117.6002 0.3301392 11.67996
v -117.6002 -2.604767 11.67996
v -116.9124 0.3301392 7.598618
v -116.9124 -2.604767 7.598618
v -116.9124 0.3301392 7.598618
v -116.9124 -2.604767 7.598618
v -139.6006 0.3301392 -20.98232
v -139.6006 -2.604767 -20.98232
v -37.647 -2.192047 122.4096
v -36.01331 -2.192047 115.0322
v -37.647 0.6339417 122.4096
v -36.01331 0.6339417 115.0322
v -20.9146 0.6339417 140.9362
v -20.9146 -2.192047 140.9362
v -37.647 0.6339417 122.4096
v -37.647 -2.192047 122.4096
v -13.82956 -2.192047 146.4506
v -13.82956 0.6339417 146.4506
v -4.778351 -2.192047 150.979
v -4.778351 0.6339417 150.979
v 6.772095 -2.192047 153.2605
v 6.772095 0.6339417 153.2605
v -50.81967 0.6339417 90.85934
v -50.81967 -2.192047 90.85934
v -67.66098 0.6339417 81.4241
v -67.66098 -2.192047 81.4241
v -78.66116 0.6339417 71.00861
v -78.66116 -2.192047 71.00861
v -83.68259 0.6339417 65.70056
v -83.68259 -2.192047 65.70056
v -95.26172 0.6339417 49.01976
v -95.26172 -2.192047 49.01976
v -99.43478 0.6339417 39.2119
v -99.43478 -2.192047 39.2119
v -88.15945 -2.192047 59.9626
v -88.15945 0.6339417 59.9626
v -100.9538 0.6339417 27.5468
v -52.38458 0.6339417 94.39041
v -52.38458 -2.192047 94.39041
v -50.81967 0.6339417 90.85934
v -50.81967 -2.192047 90.85934
v -36.01331 0.6339417 115.0322
v -36.01331 -2.192047 115.0322
v -52.38458 0.6339417 94.39041
v -52.38458 -2.192047 94.39041
v 22.37524 0.6339417 95.22733
v -50.81967 0.6339417 90.85934
v -13.07291 0.6339417 50.49867
v -67.66098 0.6339417 81.4241
v -36.01331 0.6339417 115.0322
v -37.647 0.6339417 122.4096
v -20.9146 0.6339417 140.9362
v -13.82956 0.6339417 146.4506
v -4.778351 0.6339417 150.979
v 6.772095 0.6339417 153.2605
v 11.80501 0.6339417 151.8045
v -52.38458 0.6339417 94.39041
v -35.9044 0.6339417 26.23412
v -78.66116 0.6339417 71.00861
v -83.68259 0.6339417 65.70056
v -12.7175 0.6339417 44.07857
v -112.6591 -1.664673 76.88416
v -111.4667 -1.664673 68.73865
v -104.6912 -1.664673 86.93277
v -96.45975 -1.664673 87.65503
v -88.57791 -1.664673 81.40115
v -103.5792 -1.664673 62.48477
v -87.31683 -1.664673 73.15247
v -95.28464 -1.664673 63.09813
v -46.57782 0.2613525 -49.73521
v -39.21764 4.187927 -50.89886
v -51.26106 0.2613525 -33.57031
v -44.88681 4.187927 -31.95955
v -45.59187 4.193665 -11.26617
v -51.77696 0.2613525 -10.52672
v -41.83727 4.187927 5.781494
v -47.59816 0.2613525 7.885223
v -40.62202 0.2613525 21.82602
v -35.76109 4.187927 17.97969
v -32.67142 4.187927 -62.21429
v -38.42085 0.2613525 -66.30711
v -29.86835 4.187927 25.42014
v -34.68916 0.2613525 29.30659
v -22.69159 0.2613525 39.28642
v -19.29237 4.187927 34.15607
v -3.861191 4.187927 41.65384
v -5.712708 0.2613525 47.55231
v 16.6774 4.187927 45.93581
v 16.84364 0.2613525 52.29286
v 36.48228 4.193665 44.55434
v 38.48283 0.2613525 50.81967
v 48.85245 4.199402 41.69395
v -26.22266 0.2613525 -75.98312
v -20.47322 4.216599 -71.8903
v 52.06824 0.2613525 46.19949
v 64.14033 0.2613525 36.62666
v 60.9532 4.216599 32.09247
v -122.3121 -2.364014 57.23978
v -112.9629 -2.364014 69.03101
v -136.6026 -2.364014 68.57242
v -127.2533 -2.364014 80.36362
v -116.385 -2.748077 23.76352
v -111.1228 0.4046631 19.58472
v -111.1228 -2.839783 19.58472
v -111.1228 0.4046631 19.58472
v -116.385 -2.748077 23.76352
v -117.6862 0.4046631 11.31311
v -122.9484 -2.748077 15.48618
v -122.9484 -2.748077 15.48618
v -117.6862 -2.839783 11.31311
v -117.6862 0.4046631 11.31311
v -111.9941 -2.364014 63.28729
v -123.877 -2.364014 48.30322
v -99.76724 -2.364014 53.58835
v -111.6502 -2.364014 38.60428
v -87.29388 -2.243637 73.55374
v -95.68015 -2.243637 62.97775
v -82.81128 0.9950714 66.58331
v -88.21106 0.9664154 59.66452
v -35.94452 -0.1571045 114.9749
v -41.72263 -3.097733 113.7195
v -35.94452 -0.3691864 114.9806
v -35.95599 -3.29837 115.0035
v -52.36739 -0.1284332 94.35602
v -52.36739 -3.29837 94.35602
v -61.55615 -3.132126 89.95364
v -52.36739 -0.1284332 94.35602
v -61.55615 -3.132126 89.95364
v -50.79675 -0.1284332 90.81921
v -59.95686 -3.132126 86.4054
v -103.4072 -2.822586 38.13423
v -103.4072 -2.467194 38.13423
v -99.48062 -2.822586 37.69859
v -99.48062 -2.467194 37.69859
v -103.4072 -2.467194 38.13423
v -104.6683 0.4677124 27.73596
v -99.48062 -2.467194 37.69859
v -100.8908 0.4677124 27.27739
v -103.4072 -2.467194 38.13423
v -103.4072 -2.822586 38.13423
v -104.6683 0.4677124 27.73596
v -104.6683 -2.822586 27.73596
v 48.85245 4.199402 41.69395
v -32.67142 4.187927 -62.21429
v 42.97691 4.187927 9.68515
v -3.901321 4.187927 -49.41994
v -39.21764 4.187927 -50.89886
v 36.48228 4.193665 44.55434
v -44.88681 4.187927 -31.95955
v 16.6774 4.187927 45.93581
v -3.861191 4.187927 41.65384
v -45.59187 4.193665 -11.26617
v -41.83727 4.187927 5.781494
v -19.29237 4.187927 34.15607
v -29.86835 4.187927 25.42014
v -35.76109 4.187927 17.97969
v -20.47322 4.216599 -71.8903
v 60.9532 4.216599 32.09247
v -43.40216 -2.983093 121.2402
v -41.72263 -3.097733 113.7195
v -37.62407 -0.1571045 122.5013
v -35.94452 -0.1571045 114.9749
v -43.40216 -2.983093 121.2402
v -37.62407 -0.1571045 122.5013
v -37.63553 -3.063339 122.53
v -80.79355 0.5766296 68.68134
v -83.88895 -2.203506 74.12695
v -82.81128 0.9950714 66.58331
v -87.29388 -2.243637 73.55374
v -80.79355 -2.644897 68.68134
v -83.88895 -2.593307 74.12695
v -80.79355 0.5766296 68.68134
v -83.88895 -2.203506 74.12695
v -83.88895 -2.593307 74.12695
v -87.29388 -2.610504 73.55374
v -83.88895 -2.203506 74.12695
v -87.29388 -2.243637 73.55374
v -95.46808 -2.203506 59.47536
v -89.78741 0.5708923 57.42322
v -95.68015 -2.243637 62.97775
v -88.21106 0.9664154 59.66452
v -95.46808 -2.524521 59.47536
v -89.81036 -2.564636 57.42322
v -95.46808 -2.203506 59.47536
v -89.78741 0.5708923 57.42322
v -95.68015 -2.530243 62.97775
v -95.46808 -2.524521 59.47536
v -95.68015 -2.243637 62.97775
v -95.46808 -2.203506 59.47536
v -100.9538 -2.192047 27.5468
v -100.9538 0.6339417 27.5468
v -99.43478 -2.192047 39.2119
v -21.98079 9.421463 80.26617
v -21.51648 9.421463 84.14691
v -21.98079 0.1352386 80.26617
v -21.51648 0.1352386 84.14691
v -18.20898 9.421463 88.06201
v -18.20898 0.1352386 88.06201
v -13.16461 9.421463 88.93332
v -13.16461 0.1352386 88.93332
v -8.739334 9.421463 86.35956
v -8.739334 0.1352386 86.36526
v -7.094177 9.421463 80.35217
v -7.094177 0.1352386 80.35217
v -9.616364 4.233795 75.72626
v -9.616364 9.421463 75.72626
v -14.51169 4.233795 73.96072
v -14.51169 9.312561 73.96072
v -9.616364 0.1352386 75.72626
v -24.22211 0.1352386 58.43782
v -24.22211 4.222321 58.43782
v -24.22211 0.1352386 58.43782
v -24.22211 4.222321 58.43782
v -34.94138 0.1352386 67.48901
v -34.94711 4.222321 67.48901
v -28.49835 4.228058 75.12436
v -27.2258 4.228058 74.04669
v -28.49835 0.1352386 75.12436
v -27.2258 0.1352386 74.04669
v -28.49835 4.228058 75.12436
v -28.49835 0.1352386 75.12436
v -34.94711 4.222321 67.48901
v -34.94138 0.1352386 67.48901
v -24.03867 9.415741 62.67395
v -24.03867 4.228058 62.67395
v -14.51169 9.312561 73.96072
v -14.51169 4.233795 73.96072
v -21.98079 9.421463 80.26617
v -27.2258 4.228058 74.04669
v -31.50777 9.415741 68.9794
v -31.50777 4.228058 68.9794
v -21.98079 0.1352386 80.26617
v -27.2258 0.1352386 74.04669
v -31.50777 9.415741 68.9794
v -31.50777 4.228058 68.9794
v -24.03867 9.415741 62.67395
v -24.03867 4.228058 62.67395
v -27.2258 4.228058 74.04669
v -28.49835 4.228058 75.12436
v -31.50777 4.228058 68.9794
v -34.94711 4.222321 67.48901
v -24.03867 4.228058 62.67395
v -24.22211 4.222321 58.43782
v -9.616364 4.233795 75.72626
v -14.51169 4.233795 73.96072
v -19.3497 22.4967 75.44537
v -18.8338 22.4967 74.4021
v -19.3497 19.83694 75.44537
v -18.8338 19.83694 74.4021
v -18.8338 19.83694 74.4021
v -18.8338 22.4967 74.4021
v -19.8656 19.83694 73.92059
v -19.8656 22.4967 73.92059
v -19.8656 19.83694 73.92059
v -19.8656 22.4967 73.92059
v -20.3815 19.83694 74.96387
v -20.3815 22.4967 74.96387
v -20.3815 19.83694 74.96387
v -20.3815 22.4967 74.96387
v -19.3497 19.83694 75.44537
v -19.3497 22.4967 75.44537
v -19.8656 22.4967 73.92059
v -18.8338 22.4967 74.4021
v -20.3815 22.4967 74.96387
v -19.3497 22.4967 75.44537
v -21.54515 19.83694 75.10718
v -21.54515 21.9464 75.10718
v -20.65092 19.83694 74.78043
v -20.65092 21.9464 74.78043
v -20.65092 19.83694 74.78043
v -20.65092 21.9464 74.78043
v -20.94899 19.83694 73.90338
v -20.94899 21.9464 73.90338
v -20.94899 19.83694 73.90338
v -20.94899 21.9464 73.90338
v -21.84322 19.83694 74.23013
v -21.84322 21.9464 74.23013
v -21.84322 19.83694 74.23013
v -21.84322 21.9464 74.23013
v -21.54515 19.83694 75.10718
v -21.54515 21.9464 75.10718
v -21.84322 21.9464 74.23013
v -20.94899 21.9464 73.90338
v -21.54515 21.9464 75.10718
v -20.65092 21.9464 74.78043
v -20.08916 19.84267 76.95868
v -20.08916 21.95213 76.95868
v -19.19493 19.84267 76.63193
v -19.19493 21.95213 76.63193
v -19.19493 19.84267 76.63193
v -19.19493 21.95213 76.63193
v -19.49873 19.84267 75.75491
v -19.49873 21.95213 75.75491
v -19.49873 19.84267 75.75491
v -19.49873 21.95213 75.75491
v -20.38724 19.84267 76.0759
v -20.38724 21.95213 76.0759
v -20.38724 19.84267 76.0759
v -20.38724 21.95213 76.0759
v -20.08916 19.84267 76.95868
v -20.08916 21.95213 76.95868
v -19.49873 21.95213 75.75491
v -19.19493 21.95213 76.63193
v -20.38724 21.95213 76.0759
v -20.08916 21.95213 76.95868
v -9.977493 10.92331 85.26468
v -9.977493 13.99005 85.26468
v -8.590286 10.92331 80.34644
v -8.590286 13.99005 80.34644
v -10.68256 10.92331 76.74658
v -10.68256 13.99005 76.74658
v -14.35692 10.92331 75.60587
v -14.35692 13.99005 75.60587
v -13.52002 13.99005 87.32257
v -13.52002 10.92331 87.32257
v -17.56125 13.99005 86.62323
v -17.56125 10.92331 86.62323
v -20.20953 13.99005 83.4877
v -20.20953 10.92331 83.4877
v -20.57066 13.99005 80.37509
v -20.57066 10.92331 80.37509
v -22.97247 13.98433 65.4025
v -22.97247 10.93478 65.4025
v -14.35692 13.99005 75.60587
v -14.35692 10.92331 75.60587
v -28.99706 13.98433 70.38953
v -28.99706 10.92331 70.38953
v -22.97247 13.98433 65.4025
v -22.97247 10.93478 65.4025
v -20.57066 13.99005 80.37509
v -20.57066 10.92331 80.37509
v -28.99706 13.98433 70.38953
v -28.99706 10.92331 70.38953
v -26.34303 18.22618 71.35254
v -26.34303 15.20529 71.35254
v -22.53682 18.22618 68.14249
v -22.53682 15.20529 68.14249
v -22.53682 18.22618 68.14249
v -22.53682 15.20529 68.14249
v -10.16666 18.22618 82.7941
v -10.16666 15.20529 82.7941
v -13.97285 18.22618 86.00415
v -13.97285 15.20529 86.00415
v -26.34303 18.22618 71.35254
v -26.34303 15.20529 71.35254
v -10.16666 18.22618 82.7941
v -10.16666 15.20529 82.7941
v -13.97285 18.22618 86.00415
v -13.97285 15.20529 86.00415
v -14.41998 15.32567 76.27081
v -19.92865 15.32567 80.58719
v -22.96674 15.31993 66.34256
v -28.09135 15.31993 70.67041
v -19.14908 15.32567 83.37305
v -11.10101 15.32567 77.71533
v -17.15999 15.32567 85.90097
v -9.38707 15.32567 80.47253
v -10.48193 15.32567 84.88062
v -13.57161 15.32567 86.6748
v -7.868027 8.257828 87.03021
v -9.977493 10.92331 85.26468
v -5.850281 8.257828 79.89359
v -8.590286 10.92331 80.34644
v -8.997284 8.257828 74.53394
v -10.68256 10.92331 76.74658
v -13.52002 10.92331 87.32257
v -13.01558 8.257828 90.02817
v -18.88539 8.257828 89.00784
v -17.56125 10.92331 86.62323
v -20.20953 10.92331 83.4877
v -22.73172 8.257828 84.4278
v -23.20177 8.257828 80.66171
v -20.57066 10.92331 80.37509
v -13.49135 8.257828 73.26712
v -14.35692 10.92331 75.60587
v -22.97247 10.93478 65.4025
v -23.84378 8.25209 60.83963
v -14.35692 10.92331 75.60587
v -13.49135 8.257828 73.26712
v -23.70047 10.92331 64.53693
v -28.99706 10.92331 70.38953
v -33.07268 8.25209 68.62399
v -29.68492 10.92331 69.5813
v -23.20177 8.257828 80.66171
v -20.57066 10.92331 80.37509
v -27.02516 17.98543 71.44998
v -24.29662 19.94012 72.42447
v -14.13336 17.98543 86.72067
v -14.56328 19.94012 83.96347
v -22.09544 17.98543 67.49475
v -21.81456 19.94012 70.33221
v -27.02516 17.98543 71.44998
v -24.29662 19.94012 72.42447
v -21.81456 19.94012 70.33221
v -22.09544 17.98543 67.49475
v -12.07549 19.94012 81.87692
v -9.306824 17.98543 82.64505
v -9.306824 17.98543 82.64505
v -14.13336 17.98543 86.72067
v -12.07549 19.94012 81.87692
v -14.56328 19.94012 83.96347
v -23.84378 8.25209 60.83963
v -23.70047 10.92331 64.53693
v -33.07268 8.25209 68.62399
v -29.68492 10.92331 69.5813
v -9.771133 13.65186 85.39081
v -10.48193 15.32567 84.88062
v -8.292221 13.65186 80.18591
v -9.38707 15.32567 80.47253
v -10.51059 13.65186 76.37973
v -11.10101 15.32567 77.71533
v -14.21935 13.65186 75.31924
v -14.41998 15.32567 76.27081
v -13.54868 13.65186 87.59198
v -13.57161 15.32567 86.6748
v -17.82492 13.65186 86.85251
v -17.15999 15.32567 85.90097
v -20.62225 13.65186 83.53928
v -19.14908 15.32567 83.37305
v -20.8974 13.65186 80.4668
v -19.92865 15.32567 80.58719
v -14.21935 13.65186 75.31924
v -14.41998 15.32567 76.27081
v -23.047 13.64612 64.77768
v -22.96674 15.31993 66.34256
v -29.56454 13.64612 70.28061
v -28.09135 15.31993 70.67041
v -20.8974 13.65186 80.4668
v -19.92865 15.32567 80.58719
v -23.047 13.64612 64.77768
v -22.96674 15.31993 66.34256
v -29.56454 13.64612 70.28061
v -28.09135 15.31993 70.67041
v -12.07549 19.94012 81.87692
v -14.56328 19.94012 83.96347
v -21.81456 19.94012 70.33221
v -24.29662 19.94012 72.42447
v -22.97247 10.93478 65.4025
v -28.99706 10.92331 70.38953
v -23.70047 10.92331 64.53693
v -29.68492 10.92331 69.5813
v -30.87149 4.302582 64.86366
v -32.55104 4.302582 66.27951
v -32.50519 4.302582 62.9319
v -34.18472 4.302582 64.34776
v -34.18472 4.302582 64.34776
v -32.55104 4.302582 66.27951
v -34.18472 0.2040253 64.34776
v -32.55104 0.2040253 66.27951
v -20.84009 0.3817291 89.54092
v -19.60765 0.3415985 86.80093
v -12.76337 1.310349 90.84216
v -13.6232 1.281693 88.34863
v -7.547028 1.981018 87.68369
v -9.33548 1.877838 85.83218
v -5.29425 2.915375 79.435
v -7.741928 2.863785 80.05408
v -10.6367 3.654831 74.81482
v -8.727859 3.654831 73.1926
v -32.50519 4.302582 62.9319
v -34.18472 4.302582 64.34776
v -34.18472 0.2040253 64.34776
v -27.92513 0.1925659 59.06264
v -27.92513 0.1925659 59.06264
v -26.28571 0.1925659 61.00014
v -32.50519 4.302582 62.9319
v -30.87149 4.302582 64.86366
v -12.54553 4.262451 72.79706
v -12.54553 3.368225 72.79706
v -10.73415 4.262451 71.26083
v -10.73988 3.368225 71.26083
v -10.53925 4.262451 75.15875
v -12.54553 4.262451 72.79706
v -8.722137 4.262451 73.61679
v -10.73415 4.262451 71.26083
v -8.722137 4.262451 73.61679
v -10.73415 4.262451 71.26083
v -8.722137 3.368225 73.61105
v -10.73988 3.368225 71.26083
v -8.722137 3.368225 73.61105
v -10.73988 3.368225 71.26083
v -10.54498 3.368225 75.15875
v -12.54553 3.368225 72.79706
v -8.722137 3.368225 73.61105
v -10.54498 3.368225 75.15875
v -8.722137 4.262451 73.61679
v -10.53925 4.262451 75.15875
v -77.11343 9.461594 -5.339035
v -77.53189 9.461594 -9.225494
v -77.11343 0.1753693 -5.339035
v -77.53189 0.1753693 -9.225494
v -80.78781 9.461594 -13.175
v -80.78781 0.1753693 -13.175
v -85.82645 9.461594 -14.10936
v -85.82645 0.1753693 -14.10936
v -90.28613 9.461594 -11.58717
v -90.2804 0.1753693 -11.59291
v -92.00006 9.461594 -5.597
v -92.00006 0.1753693 -5.597
v -89.52948 4.273911 -0.9424133
v -89.52948 9.461594 -0.9424133
v -84.65707 4.273911 0.8804321
v -84.65707 9.352676 0.8804321
v -89.52948 0.1753693 -0.9424133
v -75.1301 0.1753693 16.51224
v -75.1301 4.262451 16.51797
v -75.1301 0.1753693 16.51224
v -75.1301 4.262451 16.51797
v -64.3019 0.1753693 7.587158
v -64.29617 4.262451 7.59288
v -70.65323 4.268188 -0.1169739
v -71.93723 4.268188 0.9377594
v -70.65323 0.1753693 -0.1169739
v -71.93723 0.1753693 0.9377594
v -70.65323 4.268188 -0.1169739
v -70.65323 0.1753693 -0.1169739
v -64.29617 4.262451 7.59288
v -64.3019 0.1753693 7.587158
v -75.26193 9.455856 12.27612
v -75.26193 4.268188 12.27612
v -84.65707 9.352676 0.8804321
v -84.65707 4.273911 0.8804321
v -77.11343 9.461594 -5.339035
v -71.93723 4.268188 0.9377594
v -67.71832 9.455856 6.062378
v -67.71832 4.268188 6.062378
v -77.11343 0.1753693 -5.339035
v -71.93723 0.1753693 0.9377594
v -67.71832 9.455856 6.062378
v -67.71832 4.268188 6.062378
v -75.26193 9.455856 12.27612
v -75.26193 4.268188 12.27612
v -71.93723 4.268188 0.9377594
v -70.65323 4.268188 -0.1169739
v -67.71832 4.268188 6.062378
v -64.29617 4.262451 7.59288
v -75.26193 4.268188 12.27612
v -75.1301 4.262451 16.51797
v -89.52948 4.273911 -0.9424133
v -84.65707 4.273911 0.8804321
v -79.80188 22.53682 -0.5468903
v -80.32922 22.53682 0.4906464
v -79.80188 19.87706 -0.5468903
v -80.32922 19.87706 0.4906464
v -80.32922 19.87706 0.4906464
v -80.32922 22.53682 0.4906464
v -79.29742 19.87706 0.9778748
v -79.29742 22.53682 0.9778748
v -79.29742 19.87706 0.9778748
v -79.29742 22.53682 0.9778748
v -78.77579 19.87706 -0.05392456
v -78.77579 22.53682 -0.05392456
v -78.77579 19.87706 -0.05392456
v -78.77579 22.53682 -0.05392456
v -79.80188 19.87706 -0.5468903
v -79.80188 22.53682 -0.5468903
v -79.29742 22.53682 0.9778748
v -80.32922 22.53682 0.4906464
v -78.77579 22.53682 -0.05392456
v -79.80188 22.53682 -0.5468903
v -77.61215 19.87706 -0.1857605
v -77.61215 21.98653 -0.1857605
v -78.50638 19.87706 0.1295166
v -78.50638 21.98653 0.1295166
v -78.50638 19.87706 0.1295166
v -78.50638 21.98653 0.1295166
v -78.21405 19.87706 1.012268
v -78.21405 21.98653 1.012268
v -78.21405 19.87706 1.012268
v -78.21405 21.98653 1.012268
v -77.31979 19.87706 0.6970062
v -77.31979 21.98653 0.6970062
v -77.31979 19.87706 0.6970062
v -77.31979 21.98653 0.6970062
v -77.61215 19.87706 -0.1857605
v -77.61215 21.98653 -0.1857605
v -77.31979 21.98653 0.6970062
v -78.21405 21.98653 1.012268
v -77.61215 21.98653 -0.1857605
v -78.50638 21.98653 0.1295166
v -79.03949 19.8828 -2.048737
v -79.03949 21.99226 -2.048737
v -79.93945 19.8828 -1.733459
v -79.93945 21.99226 -1.733459
v -79.93945 19.8828 -1.733459
v -79.93945 21.99226 -1.733459
v -79.64709 19.8828 -0.8564301
v -79.64709 21.99226 -0.8564301
v -79.64709 19.8828 -0.8564301
v -79.64709 21.99226 -0.8564301
v -78.75287 19.8828 -1.16597
v -78.75287 21.99226 -1.16597
v -78.75287 19.8828 -1.16597
v -78.75287 21.99226 -1.16597
v -79.03949 19.8828 -2.048737
v -79.03949 21.99226 -2.048737
v -79.64709 21.99226 -0.8564301
v -79.93945 21.99226 -1.733459
v -78.75287 21.99226 -1.16597
v -79.03949 21.99226 -2.048737
v -89.05368 10.96344 -10.47513
v -89.05368 14.03018 -10.47513
v -90.50394 10.96344 -5.579803
v -90.50394 14.03018 -5.579803
v -88.45181 10.96344 -1.951294
v -88.45181 14.03018 -1.951294
v -84.78891 10.96344 -0.7704468
v -84.78891 14.03018 -0.7704468
v -85.48825 14.03018 -12.49287
v -85.48825 10.96344 -12.49287
v -81.4585 14.03018 -11.74768
v -81.4585 10.96344 -11.74768
v -78.85031 14.03018 -8.583481
v -78.85031 10.96344 -8.583481
v -78.52359 14.03018 -5.465149
v -78.52359 10.96344 -5.465149
v -76.29373 14.02446 9.536118
v -76.29373 10.9749 9.536118
v -84.78891 14.03018 -0.7704468
v -84.78891 10.96344 -0.7704468
v -70.21182 14.02446 4.617859
v -70.21182 10.96344 4.617859
v -76.29373 14.02446 9.536118
v -76.29373 10.9749 9.536118
v -78.52359 14.03018 -5.465149
v -78.52359 10.96344 -5.465149
v -70.21182 14.02446 4.617859
v -70.21182 10.96344 4.617859
v -72.8544 18.26631 3.626175
v -72.8544 15.24542 3.626175
v -76.69501 18.26631 6.796097
v -76.69501 15.24542 6.796097
v -76.69501 18.26631 6.796097
v -76.69501 15.24542 6.796097
v -88.89319 18.26631 -8.004532
v -88.89319 15.24542 -8.004532
v -85.04688 18.26631 -11.17445
v -85.04688 15.24542 -11.17445
v -72.8544 18.26631 3.626175
v -72.8544 15.24542 3.626175
v -88.89319 18.26631 -8.004532
v -88.89319 15.24542 -8.004532
v -85.04688 18.26631 -11.17445
v -85.04688 15.24542 -11.17445
v -84.72012 15.3658 -1.435394
v -79.15985 15.3658 -5.682983
v -76.28799 15.36006 8.596024
v -71.11179 15.36006 4.331238
v -79.91077 15.3658 -8.480301
v -88.02188 15.3658 -2.914307
v -81.86548 15.3658 -11.02542
v -89.70145 15.3658 -5.688705
v -88.55499 15.3658 -10.08533
v -85.44812 15.3658 -11.84512
v -91.14597 8.297943 -12.26932
v -89.05368 10.96344 -10.47513
v -93.24396 8.297943 -5.155609
v -90.50394 10.96344 -5.579803
v -90.16 8.297943 0.2384186
v -88.45181 10.96344 -1.951294
v -85.48825 10.96344 -12.49287
v -85.96402 8.297943 -15.20422
v -80.10568 8.297943 -14.1151
v -81.4585 10.96344 -11.74768
v -78.85031 10.96344 -8.583481
v -76.31094 8.297943 -9.489182
v -75.88675 8.297943 -5.717377
v -78.52359 10.96344 -5.465149
v -85.68314 8.297943 1.562576
v -84.78891 10.96344 -0.7704468
v -76.29373 10.9749 9.536118
v -75.47403 8.286484 14.11044
v -84.78891 10.96344 -0.7704468
v -85.68314 8.297943 1.562576
v -75.57721 10.96344 10.41315
v -70.21182 10.96344 4.617859
v -66.15915 8.286484 6.434967
v -69.53543 10.96344 5.437561
v -75.88675 8.297943 -5.717377
v -78.52359 10.96344 -5.465149
v -72.17227 18.02556 3.540192
v -74.88934 19.98024 2.531311
v -84.88062 18.02556 -11.88525
v -84.48511 19.98024 -9.122314
v -77.14783 18.02556 7.432373
v -77.39432 19.98024 4.594925
v -72.17227 18.02556 3.540192
v -74.88934 19.98024 2.531311
v -77.39432 19.98024 4.594925
v -77.14783 18.02556 7.432373
v -87.00156 19.98024 -7.064453
v -89.75876 18.02556 -7.866959
v -89.75876 18.02556 -7.866959
v -84.88062 18.02556 -11.88525
v -87.00156 19.98024 -7.064453
v -84.48511 19.98024 -9.122314
v -75.47403 8.286484 14.11044
v -75.57721 10.96344 10.41315
v -66.15915 8.286484 6.434967
v -69.53543 10.96344 5.437561
v -89.26004 13.69199 -10.60696
v -88.55499 15.3658 -10.08533
v -90.7963 13.69199 -5.419296
v -89.70145 15.3658 -5.688705
v -88.62952 13.69199 -1.584427
v -88.02188 15.3658 -2.914307
v -84.93222 13.69199 -0.4838409
v -84.72012 15.3658 -1.435394
v -85.45959 13.69199 -12.76228
v -85.44812 15.3658 -11.84512
v -81.19479 13.69199 -11.97124
v -81.86548 15.3658 -11.02542
v -78.43185 13.69199 -8.623611
v -79.91077 15.3658 -8.480301
v -78.1911 13.69199 -5.551132
v -79.15985 15.3658 -5.682983
v -84.93222 13.69199 -0.4838409
v -84.72012 15.3658 -1.435394
v -76.23068 13.68625 10.16092
v -76.28799 15.36006 8.596024
v -69.64435 13.68625 4.732498
v -71.11179 15.36006 4.331238
v -78.1911 13.69199 -5.551132
v -79.15985 15.3658 -5.682983
v -76.23068 13.68625 10.16092
v -76.28799 15.36006 8.596024
v -69.64435 13.68625 4.732498
v -71.11179 15.36006 4.331238
v -87.00156 19.98024 -7.064453
v -84.48511 19.98024 -9.122314
v -77.39432 19.98024 4.594925
v -74.88934 19.98024 2.531311
v -76.29373 10.9749 9.536118
v -70.21182 10.96344 4.617859
v -75.57721 10.96344 10.41315
v -69.53543 10.96344 5.437561
v -68.40619 4.342712 10.16666
v -66.70944 4.342712 8.76799
v -66.79541 4.342712 12.12135
v -65.09868 4.342712 10.72269
v -65.09868 4.342712 10.72269
v -66.70944 4.342712 8.76799
v -65.09868 0.2441559 10.72269
v -66.70944 0.2441559 8.76799
v -78.14526 0.4218597 -14.62526
v -79.40634 0.3817291 -11.90245
v -86.20477 1.350479 -16.02393
v -85.3736 1.321823 -13.51321
v -91.45551 2.021149 -12.92279
v -89.68997 1.917969 -11.05408
v -93.80573 2.955505 -4.702759
v -91.35233 2.903915 -5.293182
v -88.5206 3.694962 -0.01953125
v -90.44662 3.694962 1.579773
v -66.79541 4.342712 12.12135
v -65.09868 4.342712 10.72269
v -65.09868 0.2441559 10.72269
v -71.42133 0.2326965 15.93329
v -71.42133 0.2326965 15.93329
v -73.0321 0.2326965 13.97859
v -66.79541 4.342712 12.12135
v -68.40619 4.342712 10.16666
v -86.6347 4.302582 2.021149
v -86.6347 3.408356 2.015411
v -88.46329 4.302582 3.534454
v -88.45755 3.408356 3.534454
v -88.6123 4.302582 -0.3691864
v -86.6347 4.302582 2.021149
v -90.45236 4.302582 1.155579
v -88.46329 4.302582 3.534454
v -90.45236 4.302582 1.155579
v -88.46329 4.302582 3.534454
v -90.44662 3.408356 1.161316
v -88.45755 3.408356 3.534454
v -90.44662 3.408356 1.161316
v -88.45755 3.408356 3.534454
v -88.60657 3.408356 -0.3634644
v -86.6347 3.408356 2.015411
v -90.44662 3.408356 1.161316
v -88.60657 3.408356 -0.3634644
v -90.45236 4.302582 1.155579
v -88.6123 4.302582 -0.3691864
v 25.63689 8.56163 134.3383
v 29.03038 8.56163 124.3299
v 26.71455 -0.2774811 135.009
v 30.26854 -0.2774811 124.5878
v 24.83438 16.17404 125.1897
v 21.84789 16.17404 132.676
v 27.30498 8.56163 112.8654
v 22.35233 8.56163 103.6422
v 28.46861 -0.2774811 112.5157
v 23.28094 -0.2774811 102.8684
v 22.55295 16.17404 109.4719
v 25.08087 16.17404 117.1302
v 17.5659 16.17404 103.1435
v 13.43869 8.56163 95.68588
v 2.9487 8.56163 93.02612
v 13.90874 -0.2774811 94.51077
v 2.988831 -0.2774811 91.75931
v -10.68256 8.56163 96.6489
v -11.27298 -0.2774811 95.54831
v -22.99541 8.56163 110.4407
v -24.15332 -0.2774811 109.9821
v -23.5629 8.56163 128.9214
v -24.74373 -0.2774811 129.3112
v -12.11562 8.56163 143.4412
v -12.77483 -0.2774811 144.5016
v 5.986786 8.56163 147.2072
v 6.16449 -0.2774811 148.4397
v 19.09641 8.56163 142.0138
v 19.88173 -0.2774811 143.0055
v 2.816864 16.17404 97.25653
v 10.71014 16.17404 98.90167
v -20.86301 16.17404 123.791
v -20.61653 16.17404 115.7315
v -18.34082 16.17404 131.4436
v -13.34805 16.17404 137.7777
v -6.492294 16.17404 142.0196
v 16.47678 16.17404 138.6891
v 9.374542 16.17404 142.5011
v 1.395264 16.17404 143.659
v -5.156677 16.17404 98.41443
v -12.25893 16.17404 102.2321
v -17.63004 16.17404 108.2452
v 11.6445 16.24857 138.2133
v 20.82755 16.24857 127.9297
v 16.47678 16.17404 138.6891
v 21.84789 16.17404 132.676
v 24.83438 16.17404 125.1897
v 21.25172 16.24857 114.1494
v 25.08087 16.17404 117.1302
v 9.374542 16.17404 142.5011
v 1.395264 16.17404 143.659
v -1.998215 16.24857 140.191
v -6.492294 16.17404 142.0196
v -13.34805 16.17404 137.7777
v -13.72064 16.24857 132.934
v -18.34082 16.17404 131.4436
v -20.86301 16.17404 123.791
v -18.03702 16.24857 119.8415
v -20.61653 16.17404 115.7315
v -17.63004 16.17404 108.2452
v -12.9296 16.24857 107.0357
v -12.25893 16.17404 102.2321
v -5.156677 16.17404 98.41443
v -0.7829895 16.24857 100.5124
v 2.816864 16.17404 97.25653
v 10.71014 16.17404 98.90167
v 12.71643 16.24857 103.3212
v 17.5659 16.17404 103.1435
v 22.55295 16.17404 109.4719
v 21.25172 16.24857 114.1494
v 25.08087 16.17404 117.1302
v 11.6445 -0.3519897 138.2133
v 20.82755 -0.3519897 127.9297
v 11.6445 16.24857 138.2133
v 20.82755 16.24857 127.9297
v -1.998215 16.24857 140.191
v -1.998215 -0.3519897 140.191
v -13.72064 16.24857 132.934
v -13.72064 -0.3519897 132.934
v -18.03702 16.24857 119.8415
v -18.03702 -0.3519897 119.8415
v -12.9296 16.24857 107.0357
v -12.9296 -0.3519897 107.0357
v -0.7829895 16.24857 100.5124
v -0.7829895 -0.3519897 100.5124
v 12.71643 16.24857 103.3212
v 12.71643 -0.3519897 103.3212
v 21.25172 16.24857 114.1494
v 21.25172 -0.3519897 114.1494
v 20.82755 16.24857 127.9297
v 20.82755 -0.3519897 127.9297
v 31.49524 -0.0309906 124.5018
v 31.49524 22.78905 124.5018
v 30.63541 -0.0309906 111.1916
v 30.63541 22.78905 111.1916
v 30.63541 -0.0309906 111.1916
v 30.63541 22.78905 111.1916
v 21.13708 -0.0309906 111.8049
v 21.13708 22.78905 111.8049
v 21.99692 -0.0309906 125.1152
v 21.13708 -0.0309906 111.8049
v 21.99692 22.78905 125.1152
v 21.13708 22.78905 111.8049
v 29.80423 24.10745 112.3782
v 30.51503 24.10745 123.4356
v 22.20328 24.10745 112.8654
v 22.91408 24.10745 123.9229
v 20.96512 22.33046 126.5253
v 19.93332 22.33046 110.5381
v 22.91408 24.10745 123.9229
v 22.20328 24.10745 112.8654
v 32.79645 22.33046 125.7629
v 20.96512 22.33046 126.5253
v 30.51503 24.10745 123.4356
v 22.91408 24.10745 123.9229
v 31.76465 22.33046 109.7757
v 32.79645 22.33046 125.7629
v 29.80423 24.10745 112.3782
v 30.51503 24.10745 123.4356
v 19.93332 22.33046 110.5381
v 31.76465 22.33046 109.7757
v 22.20328 24.10745 112.8654
v 29.80423 24.10745 112.3782
v 24.15224 24.03294 122.1688
v 23.65353 24.03294 114.4532
v 24.15224 26.45193 122.1688
v 23.65353 26.45193 114.4532
v 29.07623 24.03294 121.8535
v 24.15224 24.03294 122.1688
v 29.07623 26.45193 121.8535
v 24.15224 26.45193 122.1688
v 28.58327 24.03294 114.1322
v 29.07623 24.03294 121.8535
v 28.58327 26.45193 114.1322
v 29.07623 26.45193 121.8535
v 23.65353 24.03294 114.4532
v 28.58327 24.03294 114.1322
v 23.65353 26.45193 114.4532
v 28.58327 26.45193 114.1322
v 26.03815 28.96266 114.4131
v 26.53113 28.96266 122.0829
v 21.90521 25.97617 112.1088
v 22.73065 25.97617 124.8974
v 26.53113 28.96266 122.0829
v 30.66406 25.97617 124.3872
v 22.73065 25.97617 124.8974
v 26.53113 28.96266 122.0829
v 26.03815 28.96266 114.4131
v 30.66406 25.97617 124.3872
v 29.83862 25.97617 111.5986
v 26.03815 28.96266 114.4131
v 21.90521 25.97617 112.1088
v 29.83862 25.97617 111.5986
v 19.93332 22.33046 110.5381
v 20.96512 22.33046 126.5253
v 31.76465 22.33046 109.7757
v 32.79645 22.33046 125.7629
v 21.90521 25.97617 112.1088
v 22.73065 25.97617 124.8974
v 29.83862 25.97617 111.5986
v 30.66406 25.97617 124.3872
v 31.49524 -0.0309906 124.5018
v 21.99692 -0.0309906 125.1152
v 31.49524 22.78905 124.5018
v 21.99692 22.78905 125.1152
v 9.116592 18.50706 100.0367
v 19.13654 18.50706 108.8414
v 9.116592 -0.01953125 100.0367
v 19.13654 -0.01953125 108.8414
v 19.13654 18.50706 108.8414
v 25.39613 18.50706 101.7219
v 19.13654 -0.01953125 108.8414
v 25.39613 -0.01953125 101.7219
v 25.39613 18.50706 101.7219
v 15.37619 18.50706 92.9115
v 25.39613 -0.01953125 101.7219
v 15.37619 -0.01953125 92.9115
v 15.37619 18.50706 92.9115
v 9.116592 18.50706 100.0367
v 15.37619 -0.01953125 92.9115
v 9.116592 -0.01953125 100.0367
v 13.30685 22.86356 96.60306
v 21.99692 22.86356 104.2384
v 10.54391 18.14594 99.74432
v 19.23398 18.14594 107.3797
v 24.16371 22.86356 101.7735
v 24.16371 18.14594 101.7735
v 21.99692 22.86356 104.2384
v 19.23398 18.14594 107.3797
v 15.47363 18.14594 94.13818
v 24.16371 18.14594 101.7735
v 15.47363 22.86356 94.13818
v 24.16371 22.86356 101.7735
v 10.54391 18.14594 99.74432
v 15.47363 18.14594 94.13818
v 13.30685 22.86356 96.60306
v 15.47363 22.86356 94.13818
v 12.84254 26.75575 97.32532
v 21.33199 26.75575 104.6167
v 7.356796 22.30754 100.1513
v 19.59511 22.30754 110.7445
v 21.33199 26.75575 104.6167
v 27.49414 22.30754 101.6187
v 19.59511 22.30754 110.7445
v 21.33199 26.75575 104.6167
v 12.84254 26.75575 97.32532
v 27.49414 22.30754 101.6187
v 15.25008 22.30754 91.03131
v 12.84254 26.75575 97.32532
v 7.356796 22.30754 100.1513
v 15.25008 22.30754 91.03131
v 7.356796 22.30754 100.1513
v 19.59511 22.30754 110.7445
v 15.25008 22.30754 91.03131
v 27.49414 22.30754 101.6187
v 21.70457 18.50706 127.8438
v 14.03485 18.50706 138.7579
v 21.70457 -0.01953125 127.8438
v 14.03485 -0.01953125 138.7579
v 14.03485 18.50706 138.7579
v 21.7963 18.50706 144.2093
v 14.03485 -0.01953125 138.7579
v 21.7963 -0.01953125 144.2093
v 21.7963 18.50706 144.2093
v 29.4603 18.50706 133.2951
v 21.7963 -0.01953125 144.2093
v 29.4603 -0.01953125 133.2951
v 29.4603 18.50706 133.2951
v 21.70457 18.50706 127.8438
v 29.4603 -0.01953125 133.2951
v 21.70457 -0.01953125 127.8438
v 25.5681 22.86356 131.6328
v 18.92444 22.86356 141.1024
v 22.14597 18.14594 129.2309
v 15.49657 18.14594 138.6949
v 21.60713 22.86356 142.9883
v 21.60713 18.14594 142.9883
v 18.92444 22.86356 141.1024
v 15.49657 18.14594 138.6949
v 28.25653 18.14594 133.5244
v 21.60713 18.14594 142.9883
v 28.25653 22.86356 133.5244
v 21.60713 22.86356 142.9883
v 22.14597 18.14594 129.2309
v 28.25653 18.14594 133.5244
v 25.5681 22.86356 131.6328
v 28.25653 22.86356 133.5244
v 24.79999 26.75575 131.2544
v 18.4716 26.75575 140.4776
v 21.39503 22.30754 126.1011
v 12.19479 22.30754 139.4229
v 18.4716 26.75575 140.4776
v 22.11729 22.30754 146.2786
v 12.19479 22.30754 139.4229
v 18.4716 26.75575 140.4776
v 24.79999 26.75575 131.2544
v 22.11729 22.30754 146.2786
v 31.32327 22.30754 132.9626
v 24.79999 26.75575 131.2544
v 21.39503 22.30754 126.1011
v 31.32327 22.30754 132.9626
v 21.39503 22.30754 126.1011
v 12.19479 22.30754 139.4229
v 31.32327 22.30754 132.9626
v 22.11729 22.30754 146.2786
v 29.552 15.19383 112.6533
v 23.89429 15.19383 101.4296
v 26.95531 15.19383 112.8081
v 22.20328 15.19383 103.3441
v 23.89429 19.79681 101.4296
v 23.89429 15.19383 101.4296
v 29.552 19.79681 112.6533
v 29.552 15.19383 112.6533
v 26.95531 15.19383 112.8081
v 22.20328 15.19383 103.3441
v 26.95531 19.79681 112.8081
v 22.20328 19.79681 103.3441
v 23.01152 20.76556 102.2608
v 23.89429 19.79681 101.4296
v 28.2336 20.76556 112.7393
v 29.552 19.79681 112.6533
v 26.95531 19.79681 112.8081
v 22.20328 19.79681 103.3441
v 28.2336 20.76556 112.7393
v 23.01152 20.76556 102.2608
v 27.74635 15.19383 133.748
v 30.2972 15.19383 123.1433
v 25.62543 15.19383 132.2461
v 27.75781 15.19383 123.2235
v 30.2972 19.79681 123.1433
v 30.2972 15.19383 123.1433
v 27.74635 19.79681 133.748
v 27.74635 15.19383 133.748
v 25.62543 15.19383 132.2461
v 27.75781 15.19383 123.2235
v 25.62543 19.79681 132.2461
v 27.75781 19.79681 123.2235
v 29.04184 20.76556 123.1891
v 30.2972 19.79681 123.1433
v 26.66296 20.76556 132.9913
v 27.74635 19.79681 133.748
v 27.75781 19.79681 123.2235
v 29.04184 20.76556 123.1891
v 25.62543 19.79681 132.2461
v 26.66296 20.76556 132.9913
v 19.13654 18.50706 108.8414
v 9.116592 18.50706 100.0367
v 25.39613 18.50706 101.7219
v 15.37619 18.50706 92.9115
v 14.03485 18.50706 138.7579
v 21.70457 18.50706 127.8438
v 21.7963 18.50706 144.2093
v 29.4603 18.50706 133.2951
v -77.35992 15.08492 97.49728
v -80.13434 15.08492 100.5869
v -77.47458 22.71452 97.45142
v -80.19165 22.71452 100.4723
v -77.33701 22.71452 93.38727
v -77.21661 15.08492 93.34714
v -79.84198 22.71452 90.18295
v -79.77893 15.08492 90.07977
v -83.82016 22.71452 89.34604
v -83.83737 15.08492 89.21994
v -84.24435 15.08492 101.1659
v -84.2157 22.71452 101.0455
v -87.76395 15.08492 98.97046
v -87.6665 22.71452 98.89594
v -89.05368 15.08492 95.02667
v -88.92758 22.71452 95.03241
v -87.50024 15.08492 91.17462
v -87.40854 22.71452 91.25488
v -83.83737 15.08492 89.21994
v -83.82016 22.71452 89.34604
v -89.97659 -2.507324 93.43314
v -88.14227 -2.507324 90.17722
v -89.97659 10.20679 93.43314
v -88.14227 10.20679 90.17722
v -84.92648 10.20679 88.27411
v -84.92648 -2.507324 88.27411
v -81.18906 -2.507324 88.23972
v -81.18906 10.20679 88.23972
v -89.9422 10.20679 97.17053
v -89.9422 -2.507324 97.17053
v -88.03909 10.20679 100.3863
v -88.03909 -2.507324 100.3863
v -84.78317 10.20679 102.2264
v -84.78317 -2.507324 102.2264
v -81.04575 -2.507324 102.1862
v -81.04575 10.20679 102.1862
v -77.82999 10.20679 100.2889
v -77.82999 -2.507324 100.2889
v -75.99567 10.20679 97.02722
v -75.99567 -2.507324 97.02722
v -76.03006 10.20679 93.29556
v -76.03006 -2.507324 93.29556
v -77.93317 10.20679 90.07404
v -77.93317 -2.507324 90.07404
v -81.18906 10.20679 88.23972
v -81.18906 -2.507324 88.23972
v -79.77893 15.08492 90.07977
v -83.83737 15.08492 89.21994
v -78.17966 8.401123 87.52319
v -84.2558 8.401123 86.23917
v -77.21661 15.08492 93.34714
v -74.35049 8.401123 92.40704
v -74.56259 8.372467 98.61505
v -77.35992 15.08492 97.49728
v -80.13434 15.08492 100.5869
v -78.707 8.401123 103.2295
v -84.24435 15.08492 101.1659
v -84.8577 8.401123 104.1008
v -87.76395 15.08492 98.97046
v -90.12561 8.401123 100.8163
v -89.05368 15.08492 95.02667
v -92.04593 8.401123 94.91779
v -87.50024 15.08492 91.17462
v -89.7301 8.401123 89.15686
v -83.83737 15.08492 89.21994
v -84.2558 8.401123 86.23917
v -90.81921 -2.020081 99.85895
v -87.46014 -2.020081 103.155
v -91.67334 -2.656357 100.3634
v -87.94739 -2.656357 104.0206
v -93.07773 -2.656357 95.33051
v -92.08606 -2.020081 95.31903
v -91.77652 -2.656357 90.27466
v -90.91095 -2.020081 90.7619
v -88.11935 -2.656357 86.54297
v -87.6149 -2.020081 87.39706
v -83.08643 -2.656357 85.13858
v -83.07498 -2.020081 86.13025
v -78.02487 -2.656357 86.43979
v -78.51212 -2.020081 87.30536
v -74.29892 -2.656357 90.09695
v -75.15302 -2.020081 90.60141
v -72.89453 -2.656357 95.12985
v -73.8862 -2.020081 95.14133
v -74.19574 -2.656357 100.1914
v -75.06131 -2.020081 99.70419
v -77.85291 -2.656357 103.9231
v -78.35733 -2.020081 103.0633
v -82.8858 -2.656357 105.3218
v -82.89728 -2.020081 104.3301
v -86.42834 1.70015 88.19958
v -85.45386 2.451065 89.43204
v -89.32886 1.70015 90.5842
v -88.40021 2.422409 91.76505
v -75.28485 1.70015 93.6796
v -75.47403 1.70015 97.4285
v -76.59753 2.416672 93.6051
v -76.82111 2.502655 97.34824
v -86.39966 1.642822 102.2206
v -86.11307 2.428131 101.0685
v -82.73676 1.642822 103.0346
v -82.45016 2.393738 101.8882
v -90.3721 4.841415 96.16168
v -89.36325 5.334381 96.13873
v -89.86194 4.847137 98.08197
v -88.98489 5.271332 97.62338
v -78.5809 4.841415 89.25433
v -79.21716 5.351578 90.05682
v -80.29483 4.847137 88.23398
v -80.65598 5.351578 89.23138
v -77.70386 4.847137 100.415
v -79.29742 4.847137 101.613
v -78.28284 5.208267 99.92773
v -79.65857 5.305725 100.7188
v -83.02911 36.23114 94.12671
v -81.95145 36.23114 94.85471
v -82.98898 37.15976 95.23303
v -84.04944 36.23114 94.92923
v -82.30685 36.23114 96.0986
v -83.60233 36.23114 96.14447
v -84.04944 36.23114 94.92923
v -83.01193 35.26813 94.56812
v -82.36417 35.26813 95.00375
v -83.62527 35.26813 95.04962
v -83.35587 35.26813 95.78336
v -83.62527 35.26813 95.04962
v -82.57626 35.26813 95.75467
v -83.28134 24.08453 89.97086
v -85.4653 21.99226 87.63782
v -81.36102 21.99226 87.54037
v -78.57516 24.08453 92.34399
v -83.12656 28.10855 92.2179
v -80.44962 28.10855 93.6051
v -83.01764 35.85854 94.64264
v -82.4903 35.85854 94.90631
v -80.3063 28.10855 96.6145
v -82.46161 35.85854 95.49673
v -78.28284 24.08453 97.6062
v -75.51416 21.99226 92.79111
v -75.17596 21.99226 96.88394
v -77.65228 21.99226 89.28873
v -77.13638 21.99226 100.4838
v -82.69092 24.08453 100.4952
v -80.50693 21.99226 102.8225
v -82.84567 28.10855 98.24246
v -82.95459 35.85854 95.82346
v -84.61121 21.99226 102.9257
v -85.52264 28.10855 96.86099
v -83.48196 35.85854 95.55405
v -87.39706 24.08453 98.11636
v -85.66595 28.10855 93.84586
v -83.51636 35.85854 94.96362
v -83.12656 28.10855 92.2179
v -83.01764 35.85854 94.64264
v -83.28134 24.08453 89.97086
v -87.68942 24.08453 92.85416
v -88.83588 21.99226 89.97659
v -85.4653 21.99226 87.63782
v -90.46384 21.99226 97.66925
v -90.7963 21.99226 93.58215
v -88.31998 21.9464 101.1659
v -78.707 8.401123 103.2295
v -89.7301 8.401123 89.15686
v -84.8577 8.401123 104.1008
v -92.04593 8.401123 94.91779
v -90.12561 8.401123 100.8163
v -84.2558 8.401123 86.23917
v -74.56259 8.372467 98.61505
v -78.17966 8.401123 87.52319
v -74.35049 8.401123 92.40704
v -77.65228 21.99226 89.28873
v -81.36102 21.99226 87.54037
v -75.51416 21.99226 92.79111
v -75.17596 21.99226 96.88394
v -77.13638 21.99226 100.4838
v -85.4653 21.99226 87.63782
v -88.83588 21.99226 89.97659
v -80.50693 21.99226 102.8225
v -84.61121 21.99226 102.9257
v -90.7963 21.99226 93.58215
v -90.46384 21.99226 97.66925
v -88.31998 21.9464 101.1659
v -83.07498 -2.020081 86.13025
v -78.51212 -2.020081 87.30536
v -87.6149 -2.020081 87.39706
v -75.15302 -2.020081 90.60141
v -90.91095 -2.020081 90.7619
v -73.8862 -2.020081 95.14133
v -92.08606 -2.020081 95.31903
v -75.06131 -2.020081 99.70419
v -90.81921 -2.020081 99.85895
v -78.35733 -2.020081 103.0633
v -87.46014 -2.020081 103.155
v -82.89728 -2.020081 104.3301
v -57.14233 5.391708 78.60956
v -55.97868 5.391708 80.07703
v -55.97868 8.670547 80.07703
v -57.14233 8.670547 78.60956
v -57.68689 5.391708 79.03949
v -57.68689 8.670547 79.03949
v -56.52325 8.670547 80.50693
v -56.52325 5.391708 80.50693
v -57.14233 5.391708 78.60956
v -57.68689 5.391708 79.03949
v -56.52325 5.391708 80.50693
v -55.97868 5.391708 80.07703
v -55.97868 5.391708 80.07703
v -56.52325 5.391708 80.50693
v -56.52325 8.670547 80.50693
v -55.97868 8.670547 80.07703
v -55.97868 8.670547 80.07703
v -56.52325 8.670547 80.50693
v -57.68689 8.670547 79.03949
v -57.14233 8.670547 78.60956
v -57.14233 8.670547 78.60956
v -57.68689 8.670547 79.03949
v -57.68689 5.391708 79.03949
v -57.14233 5.391708 78.60956
v -63.74014 3.998764 72.95184
v -64.42801 3.998764 71.67355
v -64.42801 4.904465 71.67355
v -63.74014 4.904465 72.95184
v -63.30449 3.998764 72.72256
v -63.99236 3.998764 71.44427
v -64.42801 3.998764 71.67355
v -63.74014 3.998764 72.95184
v -63.99236 3.998764 71.44427
v -63.99236 4.904465 71.44427
v -64.42801 4.904465 71.67355
v -64.42801 3.998764 71.67355
v -63.99236 4.904465 71.44427
v -63.30449 4.904465 72.72256
v -63.74014 4.904465 72.95184
v -64.42801 4.904465 71.67355
v -63.30449 4.904465 72.72256
v -63.30449 3.998764 72.72256
v -63.74014 3.998764 72.95184
v -63.74014 4.904465 72.95184
v -62.5421 3.998764 74.39636
v -63.44206 3.998764 73.26138
v -63.44206 4.904465 73.26138
v -62.5421 4.904465 74.39636
v -62.15231 3.998764 74.09256
v -63.058 3.998764 72.95184
v -63.44206 3.998764 73.26138
v -62.5421 3.998764 74.39636
v -63.058 3.998764 72.95184
v -63.058 4.904465 72.95184
v -63.44206 4.904465 73.26138
v -63.44206 3.998764 73.26138
v -63.058 4.904465 72.95184
v -62.15231 4.904465 74.09256
v -62.5421 4.904465 74.39636
v -63.44206 4.904465 73.26138
v -62.15231 4.904465 74.09256
v -62.15231 3.998764 74.09256
v -62.5421 3.998764 74.39636
v -62.5421 4.904465 74.39636
v -62.50197 9.816986 66.96738
v -47.3746 9.816986 67.94186
v -62.2211 9.816986 71.49011
v -61.41286 9.816986 63.60829
v -60.01991 9.816986 61.58482
v -54.92397 9.816986 58.42062
v -58.21426 9.816986 76.54022
v -47.8905 9.088989 67.46609
v -54.56856 9.088989 72.7684
v -54.56856 13.93274 72.7684
v -47.8905 13.93274 67.46609
v -47.8905 13.93274 67.46609
v -52.6024 13.93274 61.5275
v -52.6024 9.088989 61.5275
v -47.8905 9.088989 67.46609
v -54.64308 9.088989 62.81725
v -52.6024 9.088989 61.5275
v -52.6024 13.93274 61.5275
v -54.64308 13.93274 62.81725
v -56.46021 9.088989 64.63437
v -56.46021 13.93274 64.63437
v -57.14807 9.088989 66.93872
v -57.14807 13.93274 66.93872
v -57.18246 9.088989 69.3176
v -57.18246 13.93274 69.3176
v -56.0876 9.088989 71.27231
v -56.0876 13.93274 71.27231
v -54.56856 9.088989 72.7684
v -54.56856 13.93274 72.7684
v -63.56818 7.329193 72.7684
v -58.78175 7.329193 78.76434
v -58.78175 0.2326965 78.76434
v -63.56244 0.2326965 72.76266
v -64.40508 7.329193 70.69333
v -64.40508 0.2326965 70.69333
v -64.44521 7.329193 66.99033
v -64.44521 0.2326965 66.99033
v -63.76306 7.329193 64.19299
v -63.76306 0.2326965 64.19299
v -62.87457 7.329193 61.90009
v -62.87457 0.2326965 61.90009
v -60.91414 7.329193 59.66452
v -60.91414 0.2326965 59.66452
v -54.99275 7.329193 54.96982
v -54.99275 0.2326965 54.96982
v -44.88681 7.329193 67.74124
v -44.88681 0.2326965 67.74124
v -58.78175 0.2326965 78.76434
v -58.78175 7.329193 78.76434
v -54.99275 0.2326965 54.96982
v -44.88681 0.2326965 67.74124
v -44.88681 7.329193 67.74124
v -54.99275 7.329193 54.96982
v -61.8313 3.717896 61.24089
v -63.42487 2.921112 59.28619
v -56.74107 2.921112 53.84056
v -55.15898 3.717896 55.82965
v -55.12459 3.545929 55.8755
v -56.70668 2.749146 53.88643
v -63.38474 2.749146 59.33205
v -61.79691 3.545929 61.28101
v -56.74107 2.921112 53.84056
v -63.42487 2.921112 59.28619
v -63.38474 2.749146 59.33205
v -56.70668 2.749146 53.88643
v -56.74107 2.921112 53.84056
v -56.70668 2.749146 53.88643
v -55.12459 3.545929 55.8755
v -55.15898 3.717896 55.82965
v -61.8313 3.717896 61.24089
v -61.79691 3.545929 61.28101
v -63.38474 2.749146 59.33205
v -63.42487 2.921112 59.28619
v -56.7984 1.270233 54.40805
v -56.7984 0.3301392 54.40805
v -55.51437 0.3301392 56.03027
v -55.51437 1.694412 56.03027
v -61.38419 1.270233 58.0423
v -60.10017 1.694412 59.66452
v -60.10017 0.3301392 59.66452
v -61.38419 0.3301392 58.0423
v -61.38419 1.270233 58.0423
v -56.7984 1.270233 54.40805
v -55.51437 1.694412 56.03027
v -60.10017 1.694412 59.66452
v -61.38419 0.3301392 58.0423
v -56.7984 0.3301392 54.40805
v -56.7984 1.270233 54.40805
v -61.38419 1.270233 58.0423
v -64.14713 5.953461 61.1893
v -63.27583 6.033722 61.58482
v -63.01215 2.428131 61.7052
v -63.88344 2.347885 61.30968
v -63.2701 6.033722 61.57335
v -64.14139 5.953461 61.1721
v -63.87772 2.347885 61.29248
v -63.00641 2.428131 61.69373
v -56.17932 5.792953 54.26476
v -55.76086 2.238968 54.79211
v -56.34555 2.061279 54.05266
v -56.76401 5.615265 53.5253
v -56.16786 5.792953 54.25328
v -56.75255 5.615265 53.51382
v -56.33409 2.061279 54.04692
v -55.7494 2.238968 54.78639
v -62.60516 0.3014832 59.34352
v -61.57909 0.3014832 60.63899
v -61.57909 1.270233 60.63899
v -62.60516 1.270233 59.34352
v -61.66507 1.270233 60.70778
v -61.66507 0.3014832 60.70778
v -62.69115 0.3014832 59.41231
v -62.69115 1.270233 59.41231
v -61.57909 1.270233 60.63899
v -61.66507 1.270233 60.70778
v -62.69115 1.270233 59.41231
v -62.60516 1.270233 59.34352
v -56.5118 0.2957458 54.37939
v -57.25697 0.2957458 54.79785
v -57.02196 1.940903 54.67174
v -56.5118 1.940903 54.37939
v -57.02196 1.940903 54.67174
v -57.25697 0.2957458 54.79785
v -58.33464 0.2957458 52.88902
v -58.09962 1.940903 52.75717
v -57.58945 1.940903 52.47057
v -57.58945 0.2957458 52.47057
v -56.5118 0.2957458 54.37939
v -56.5118 1.940903 54.37939
v -57.58945 1.940903 52.47057
v -58.09962 1.940903 52.75717
v -58.33464 0.2957458 52.88902
v -57.58945 0.2957458 52.47057
v -56.5118 1.940903 54.37939
v -57.02196 1.940903 54.67174
v -58.09962 1.940903 52.75717
v -57.58945 1.940903 52.47057
v -62.2211 9.816986 71.49011
v -65.29358 6.629868 72.39008
v -65.3165 6.606934 66.56613
v -62.50197 9.816986 66.96738
v -59.16582 6.629868 80.11142
v -58.21426 9.816986 76.54022
v -64.00381 6.584015 62.47905
v -61.41286 9.816986 63.60829
v -61.55043 6.584015 59.07983
v -60.01991 9.816986 61.58482
v -54.92397 9.816986 58.42062
v -54.94116 6.618408 53.66859
v -43.70024 6.526688 67.83868
v -59.16582 6.629868 80.11142
v -58.21426 9.816986 76.54022
v -47.3746 9.816986 67.94186
v -47.3746 9.816986 67.94186
v -54.92397 9.816986 58.42062
v -54.94116 6.618408 53.66859
v -43.70024 6.526688 67.83868
v -52.59666 15.49763 61.29248
v -47.68988 15.49763 67.48328
v -54.8781 15.49763 62.63956
v -56.63217 15.49763 64.52545
v -57.50346 15.49763 66.8298
v -57.53786 15.49763 69.24881
v -56.40288 15.49763 71.39841
v -54.5571 15.49763 72.98624
v -55.52011 12.90094 61.69373
v -52.51068 12.90094 59.30911
v -52.59666 15.49763 61.29248
v -54.8781 15.49763 62.63956
v -57.69263 12.90094 63.87198
v -56.63217 15.49763 64.52545
v -58.79321 12.90094 66.66357
v -57.50346 15.49763 66.8298
v -57.53786 15.49763 69.24881
v -58.81615 12.90094 69.59274
v -57.57799 12.90094 72.32703
v -56.40288 15.49763 71.39841
v -54.5571 15.49763 72.98624
v -55.25642 12.90094 75.25046
v -45.80971 12.90094 67.75272
v -47.68988 15.49763 67.48328
v -52.59666 15.49763 61.29248
v -52.51068 12.90094 59.30911
v -55.25642 12.90094 75.25046
v -54.5571 15.49763 72.98624
v -47.68988 15.49763 67.48328
v -45.80971 12.90094 67.75272
v -55.64049 5.569397 76.36826
v -56.77547 5.569397 77.26822
v -56.77547 6.475098 77.26822
v -55.64049 6.475098 76.36826
v -55.94429 5.569397 75.97845
v -57.08501 5.569397 76.88416
v -56.77547 5.569397 77.26822
v -55.64049 5.569397 76.36826
v -57.08501 5.569397 76.88416
v -57.08501 6.475098 76.88416
v -56.77547 6.475098 77.26822
v -56.77547 5.569397 77.26822
v -57.08501 6.475098 76.88416
v -55.94429 6.475098 75.97845
v -55.64049 6.475098 76.36826
v -56.77547 6.475098 77.26822
v -55.94429 6.475098 75.97845
v -55.94429 5.569397 75.97845
v -55.64049 5.569397 76.36826
v -55.64049 6.475098 76.36826
v -61.71666 1.940903 60.54729
v -62.10072 1.940903 60.10017
v -62.27269 0.2957458 59.89954
v -61.71666 0.2957458 60.54729
v -62.51917 0.2957458 61.89436
v -63.32169 0.2957458 61.60202
v -63.0752 1.940903 61.69373
v -62.51917 1.940903 61.89436
v -45.80971 12.90094 67.75272
v -52.51068 12.90094 59.30911
v -55.52011 12.90094 61.69373
v -58.79321 12.90094 66.66357
v -55.25642 12.90094 75.25046
v -57.57799 12.90094 72.32703
v -58.81615 12.90094 69.59274
v -57.69263 12.90094 63.87198
v -61.71666 1.940903 60.54729
v -62.51917 1.940903 61.89436
v -63.0752 1.940903 61.69373
v -62.10072 1.940903 60.10017
v -62.10072 1.940903 60.10017
v -63.0752 1.940903 61.69373
v -63.32169 0.2957458 61.60202
v -62.27269 0.2957458 59.89954
v -62.60516 0.3014832 59.34352
v -62.60516 1.270233 59.34352
v -62.69115 1.270233 59.41231
v -62.69115 0.3014832 59.41231
v -62.74846 6.119705 38.00813
v -62.74846 4.801285 38.00813
v -65.65469 7.827911 34.33377
v -72.84866 4.801285 25.24243
v -72.84866 7.827911 25.24243
v -53.37625 6.119705 30.59062
v -53.37625 0.2154999 30.59062
v -62.74846 6.119705 38.00813
v -62.74846 4.801285 38.00813
v -62.737 0.2441559 37.69286
v -53.37625 0.2154999 30.59062
v -53.37625 6.119705 30.59062
v -63.47072 0.2154999 17.82492
v -56.2825 7.827911 26.91624
v -63.47072 7.827911 17.82492
v -72.84866 7.827911 25.24243
v -72.84866 4.801285 25.24243
v -63.47072 7.827911 17.82492
v -63.47072 0.2154999 17.82492
v -73.78302 0.2154999 25.9819
v -73.78302 4.463089 25.9819
v -73.78302 4.463089 25.9819
v -66.69797 4.463089 34.94138
v -73.78302 0.2154999 25.9819
v -66.69797 0.2154999 34.94138
v -59.49829 8.590286 25.80994
v -66.45721 8.590286 31.31288
v -59.66452 9.38707 25.5921
v -66.62918 9.38707 31.10078
v -61.28674 10.96344 23.5457
v -68.2514 10.96344 29.05438
v -61.95741 10.76854 22.69733
v -68.91635 10.76854 28.20601
v -60.04858 10.21825 25.1106
v -67.00751 10.21825 30.61928
v -60.61607 10.76854 24.39407
v -67.58075 10.76854 29.90274
v -62.5249 10.21825 21.98079
v -69.48956 10.21825 27.48375
v -62.90323 9.38707 21.49928
v -69.86789 9.38707 27.00797
v -55.00421 7.633011 26.96211
v -65.82666 7.598618 35.549
v -59.49829 8.590286 25.80994
v -66.45721 8.590286 31.31288
v -74.0123 7.633011 25.31122
v -63.13826 7.633011 16.70714
v -70.05707 8.590286 26.76721
v -63.09239 8.590286 21.25853
v -70.05707 8.590286 26.76721
v -66.45721 8.590286 31.31288
v -74.0123 7.633011 25.31122
v -65.82666 7.598618 35.549
v -55.00421 7.633011 26.96211
v -59.49829 8.590286 25.80994
v -63.13826 7.633011 16.70714
v -63.09239 8.590286 21.25853
v -59.49829 8.590286 25.80994
v -59.66452 9.38707 25.5921
v -63.09239 8.590286 21.25853
v -62.90323 9.38707 21.49928
v -62.5249 10.21825 21.98079
v -60.04858 10.21825 25.1106
v -61.95741 10.76854 22.69733
v -60.61607 10.76854 24.39407
v -61.28674 10.96344 23.5457
v -70.05707 8.590286 26.76721
v -69.86789 9.38707 27.00797
v -66.45721 8.590286 31.31288
v -66.62918 9.38707 31.10078
v -67.00751 10.21825 30.61928
v -69.48956 10.21825 27.48375
v -67.58075 10.76854 29.90274
v -68.91635 10.76854 28.20601
v -68.2514 10.96344 29.05438
v -61.95741 10.76854 22.69733
v -68.91635 10.76854 28.20601
v -62.5249 10.21825 21.98079
v -69.48956 10.21825 27.48375
v -60.61607 10.76854 24.39407
v -67.58075 10.76854 29.90274
v -61.28674 10.96344 23.5457
v -68.2514 10.96344 29.05438
v -59.66452 9.38707 25.5921
v -66.62918 9.38707 31.10078
v -60.04858 10.21825 25.1106
v -67.00751 10.21825 30.61928
v -62.90323 9.38707 21.49928
v -69.86789 9.38707 27.00797
v -63.09239 8.590286 21.25853
v -70.05707 8.590286 26.76721
v -65.74643 5.265594 33.88092
v -62.737 5.265594 37.69286
v -67.26547 5.265594 35.08469
v -64.25031 5.265594 38.8909
v -64.25031 5.265594 38.8909
v -64.25031 0.2441559 38.8909
v -67.26547 5.265594 35.08469
v -67.26547 0.2441559 35.08469
v -62.737 5.265594 37.69286
v -62.737 0.2441559 37.69286
v -64.25031 5.265594 38.8909
v -64.25031 0.2441559 38.8909
v -67.26547 5.265594 35.08469
v -67.26547 0.2441559 35.08469
v -65.74643 5.265594 33.88092
v -65.74643 0.2441559 33.88092
v -71.97736 4.520401 27.42642
v -71.83978 4.583466 27.3175
v -72.30984 5.638184 27.69011
v -72.17227 5.70697 27.58119
v -69.59274 5.70697 30.84283
v -69.26028 4.583466 30.57343
v -69.73032 5.638184 30.95175
v -69.39786 4.520401 30.68233
v -72.17227 5.70697 27.58119
v -71.83978 4.583466 27.3175
v -69.59274 5.70697 30.84283
v -69.26028 4.583466 30.57343
v -72.30984 5.638184 27.69011
v -72.17227 5.70697 27.58119
v -69.73032 5.638184 30.95175
v -69.59274 5.70697 30.84283
v -71.97736 4.520401 27.42642
v -72.30984 5.638184 27.69011
v -69.39786 4.520401 30.68233
v -69.73032 5.638184 30.95175
v -68.47498 5.44902 31.7256
v -72.64804 5.44902 26.44621
v -67.75842 5.44902 31.15237
v -71.93152 5.44902 25.87872
v -71.93152 5.44902 25.87872
v -72.64804 5.44902 26.44621
v -71.90857 4.537598 25.90164
v -72.59644 4.537598 26.44621
v -72.64804 5.44902 26.44621
v -68.47498 5.44902 31.7256
v -72.59644 4.537598 26.44621
v -68.4635 4.537598 31.66827
v -68.4635 4.537598 31.66827
v -68.47498 5.44902 31.7256
v -67.77563 4.537598 31.12944
v -67.75842 5.44902 31.15237
v -54.43672 3.557388 32.44786
v -55.11885 4.096222 31.58229
v -54.47112 3.459946 32.40773
v -55.15324 3.993042 31.5479
v -57.70409 3.993042 33.56564
v -57.67543 4.096222 33.60577
v -57.02196 3.459946 34.43121
v -56.9933 3.557388 34.46561
v -57.02196 3.459946 34.43121
v -56.9933 3.557388 34.46561
v -54.47112 3.459946 32.40773
v -54.43672 3.557388 32.44786
v -56.9933 3.557388 34.46561
v -57.67543 4.096222 33.60577
v -54.43672 3.557388 32.44786
v -55.11885 4.096222 31.58229
v -57.70409 3.993042 33.56564
v -57.02196 3.459946 34.43121
v -55.15324 3.993042 31.5479
v -54.47112 3.459946 32.40773
v -74.11548 4.302582 26.14813
v -74.0639 4.124878 26.108
v -72.62509 4.847137 24.97302
v -72.57352 4.669449 24.92717
v -74.11548 4.302582 26.14813
v -72.62509 4.847137 24.97302
v -66.88141 4.302582 35.29678
v -65.38528 4.847137 34.12167
v -74.0639 4.124878 26.108
v -74.11548 4.302582 26.14813
v -66.8241 4.124878 35.25665
v -66.88141 4.302582 35.29678
v -72.57352 4.669449 24.92717
v -74.0639 4.124878 26.108
v -65.33371 4.669449 34.07582
v -66.8241 4.124878 35.25665
v -61.72812 3.631912 18.43828
v -61.688 3.735092 18.40388
v -62.65102 4.182205 19.16628
v -62.61089 4.285385 19.1376
v -60.15176 4.182205 22.32474
v -60.11737 4.285385 22.29607
v -59.22887 3.631912 21.591
v -59.18874 3.735092 21.56235
v -59.18874 3.735092 21.56235
v -61.688 3.735092 18.40388
v -59.22887 3.631912 21.591
v -61.72812 3.631912 18.43828
v -59.18874 3.735092 21.56235
v -60.11737 4.285385 22.29607
v -61.688 3.735092 18.40388
v -62.61089 4.285385 19.1376
v -60.15176 4.182205 22.32474
v -59.22887 3.631912 21.591
v -62.65102 4.182205 19.16628
v -61.72812 3.631912 18.43828
v -52.67693 5.896133 30.50464
v -52.74571 5.695511 30.38998
v -62.98349 5.896133 38.66161
v -63.04654 5.718445 38.54123
v -55.69208 7.673141 26.69843
v -52.67693 5.896133 30.50464
v -65.99863 7.673141 34.84967
v -62.98349 5.896133 38.66161
v -65.99863 7.673141 34.84967
v -62.98349 5.896133 38.66161
v -66.25085 7.604355 34.40256
v -63.04654 5.718445 38.54123
v -52.74571 5.695511 30.38998
v -52.67693 5.896133 30.50464
v -55.8927 7.610077 26.41182
v -55.69208 7.673141 26.69843
v -53.87495 5.959198 30.39572
v -62.78285 5.976395 37.44637
v -52.74571 5.695511 30.38998
v -63.04654 5.718445 38.54123
v -65.55151 7.604355 33.87518
v -66.25085 7.604355 34.40256
v -62.78285 5.976395 37.44637
v -63.04654 5.718445 38.54123
v -56.59204 7.610077 26.96211
v -53.87495 5.959198 30.39572
v -55.8927 7.610077 26.41182
v -52.74571 5.695511 30.38998
v -56.39142 7.633011 26.91052
v -65.60886 7.604355 34.23631
v -55.00421 7.633011 26.96211
v -65.82666 7.598618 35.549
v -65.60886 7.604355 34.23631
v -72.6767 7.633011 25.39722
v -65.82666 7.598618 35.549
v -74.0123 7.633011 25.31122
v -72.6767 7.633011 25.39722
v -63.40767 7.633011 18.06567
v -74.0123 7.633011 25.31122
v -63.13826 7.633011 16.70714
v -63.40767 7.633011 18.06567
v -56.39142 7.633011 26.91052
v -63.13826 7.633011 16.70714
v -55.00421 7.633011 26.96211
v -115.0895 3.391159 67.57501
v -115.0895 2.072739 67.57501
v -118.7352 5.099365 70.50992
v -127.775 2.072739 77.77264
v -127.775 5.099365 77.77264
v -122.5758 3.391159 58.26012
v -122.5758 -2.513046 58.26012
v -115.0895 3.391159 67.57501
v -115.0895 2.072739 67.57501
v -115.399 -2.48439 67.56354
v -122.5758 -2.513046 58.26012
v -122.5758 3.391159 58.26012
v -135.2613 -2.513046 68.45776
v -126.2215 5.099365 61.19502
v -135.2613 5.099365 68.45776
v -127.775 5.099365 77.77264
v -127.775 2.072739 77.77264
v -135.2613 5.099365 68.45776
v -135.2613 -2.513046 68.45776
v -127.024 -2.513046 78.707
v -127.024 1.734543 78.707
v -127.024 1.734543 78.707
v -118.1219 1.734543 71.55319
v -127.024 -2.513046 78.707
v -118.1219 -2.513046 71.55319
v -127.3106 5.86174 64.41655
v -121.7504 5.86174 71.34109
v -127.5227 6.658524 64.58852
v -121.9625 6.658524 71.51306
v -129.5577 8.234894 66.22794
v -123.9974 8.234894 73.14673
v -130.4003 8.039993 66.90433
v -124.8401 8.039993 73.82315
v -128.0042 7.483963 64.97256
v -122.4382 7.483963 71.89713
v -128.715 8.039993 65.54581
v -123.1548 8.039993 72.47034
v -131.1169 7.483963 67.47757
v -125.5566 7.483963 74.39636
v -131.5926 6.658524 67.8616
v -126.0323 6.658524 74.78043
v -126.1928 4.904465 59.91673
v -117.52 4.870071 70.67041
v -127.3106 5.86174 64.41655
v -121.7504 5.86174 71.34109
v -127.6947 4.904465 78.94202
v -136.379 4.904465 68.13104
v -126.2674 5.86174 74.9696
v -131.8276 5.86174 68.05078
v -126.2674 5.86174 74.9696
v -121.7504 5.86174 71.34109
v -127.6947 4.904465 78.94202
v -117.52 4.870071 70.67041
v -126.1928 4.904465 59.91673
v -127.3106 5.86174 64.41655
v -136.379 4.904465 68.13104
v -131.8276 5.86174 68.05078
v -127.3106 5.86174 64.41655
v -127.5227 6.658524 64.58852
v -131.8276 5.86174 68.05078
v -131.5926 6.658524 67.8616
v -131.1169 7.483963 67.47757
v -128.0042 7.483963 64.97256
v -130.4003 8.039993 66.90433
v -128.715 8.039993 65.54581
v -129.5577 8.234894 66.22794
v -126.2674 5.86174 74.9696
v -126.0323 6.658524 74.78043
v -121.7504 5.86174 71.34109
v -121.9625 6.658524 71.51306
v -122.4382 7.483963 71.89713
v -125.5566 7.483963 74.39636
v -123.1548 8.039993 72.47034
v -124.8401 8.039993 73.82315
v -123.9974 8.234894 73.14673
v -130.4003 8.039993 66.90433
v -124.8401 8.039993 73.82315
v -131.1169 7.483963 67.47757
v -125.5566 7.483963 74.39636
v -128.715 8.039993 65.54581
v -123.1548 8.039993 72.47034
v -129.5577 8.234894 66.22794
v -123.9974 8.234894 73.14673
v -127.5227 6.658524 64.58852
v -121.9625 6.658524 71.51306
v -128.0042 7.483963 64.97256
v -122.4382 7.483963 71.89713
v -131.5926 6.658524 67.8616
v -126.0323 6.658524 74.78043
v -131.8276 5.86174 68.05078
v -126.2674 5.86174 74.9696
v -119.188 2.537048 70.60736
v -115.399 2.537048 67.56354
v -117.9728 2.537048 72.11493
v -114.1895 2.537048 69.07684
v -114.1895 2.537048 69.07684
v -114.1895 -2.48439 69.07684
v -117.9728 2.537048 72.11493
v -117.9728 -2.48439 72.11493
v -115.399 2.537048 67.56354
v -115.399 -2.48439 67.56354
v -114.1895 2.537048 69.07684
v -114.1895 -2.48439 69.07684
v -117.9728 2.537048 72.11493
v -117.9728 -2.48439 72.11493
v -119.188 2.537048 70.60736
v -119.188 -2.48439 70.60736
v -125.5967 1.786133 76.88416
v -125.7056 1.854919 76.74658
v -125.3273 2.909653 77.21661
v -125.4362 2.972702 77.07904
v -122.1975 2.972702 74.47662
v -122.4669 1.854919 74.14413
v -122.0886 2.909653 74.6142
v -122.358 1.786133 74.28171
v -125.4362 2.972702 77.07904
v -125.7056 1.854919 76.74658
v -122.1975 2.972702 74.47662
v -122.4669 1.854919 74.14413
v -125.3273 2.909653 77.21661
v -125.4362 2.972702 77.07904
v -122.0886 2.909653 74.6142
v -122.1975 2.972702 74.47662
v -125.5967 1.786133 76.88416
v -125.3273 2.909653 77.21661
v -122.358 1.786133 74.28171
v -122.0886 2.909653 74.6142
v -121.3262 2.72049 73.35309
v -126.5712 2.72049 77.56628
v -121.8994 2.72049 72.63657
v -127.1444 2.72049 76.84976
v -127.1444 2.72049 76.84976
v -126.5712 2.72049 77.56628
v -127.1215 1.809052 76.83258
v -126.5712 1.809052 77.50897
v -126.5712 2.72049 77.56628
v -121.3262 2.72049 73.35309
v -126.5712 1.809052 77.50897
v -121.3778 1.809052 73.33591
v -121.3778 1.809052 73.33591
v -121.3262 2.72049 73.35309
v -121.9281 1.809052 72.65948
v -121.8994 2.72049 72.63657
v -120.7071 0.8288422 59.30911
v -121.5669 1.361938 59.99699
v -120.7472 0.7256622 59.34352
v -121.6071 1.264496 60.03139
v -119.5664 1.264496 62.57076
v -119.5263 1.361938 62.53636
v -118.7065 0.7256622 61.87717
v -118.6664 0.8288422 61.8485
v -118.7065 0.7256622 61.87717
v -118.6664 0.8288422 61.8485
v -120.7472 0.7256622 59.34352
v -120.7071 0.8288422 59.30911
v -118.6664 0.8288422 61.8485
v -119.5263 1.361938 62.53636
v -120.7071 0.8288422 59.30911
v -121.5669 1.361938 59.99699
v -119.5664 1.264496 62.57076
v -118.7065 0.7256622 61.87717
v -121.6071 1.264496 60.03139
v -120.7472 0.7256622 59.34352
v -126.8521 1.568298 79.03375
v -126.8979 1.396332 78.98215
v -128.0444 2.118591 77.55484
v -128.0902 1.940903 77.50323
v -126.8521 1.568298 79.03375
v -128.0444 2.118591 77.55484
v -117.7607 1.568298 71.72516
v -118.953 2.118591 70.24622
v -126.8979 1.396332 78.98215
v -126.8521 1.568298 79.03375
v -117.8009 1.396332 71.67355
v -117.7607 1.568298 71.72516
v -128.0902 1.940903 77.50323
v -126.8979 1.396332 78.98215
v -118.9932 1.940903 70.19464
v -117.8009 1.396332 71.67355
v -134.6651 0.9033661 66.7037
v -134.6938 1.006546 66.66931
v -133.9256 1.453659 67.62659
v -133.9543 1.556839 67.58646
v -130.7901 1.453659 65.10442
v -130.8188 1.556839 65.06429
v -131.5238 0.9033661 64.18152
v -131.5582 1.006546 64.14713
v -131.5582 1.006546 64.14713
v -134.6938 1.006546 66.66931
v -131.5238 0.9033661 64.18152
v -134.6651 0.9033661 66.7037
v -131.5582 1.006546 64.14713
v -130.8188 1.556839 65.06429
v -134.6938 1.006546 66.66931
v -133.9543 1.556839 67.58646
v -130.7901 1.453659 65.10442
v -131.5238 0.9033661 64.18152
v -133.9256 1.453659 67.62659
v -134.6651 0.9033661 66.7037
v -122.6618 3.167603 57.56651
v -122.7764 2.966965 57.62958
v -114.4303 3.167603 67.81003
v -114.5507 2.989899 67.87308
v -126.4508 4.938858 60.61034
v -122.6618 3.167603 57.56651
v -118.2193 4.938858 70.85385
v -114.4303 3.167603 67.81003
v -118.2193 4.938858 70.85385
v -114.4303 3.167603 67.81003
v -118.6664 4.875809 71.10605
v -114.5507 2.989899 67.87308
v -122.7764 2.966965 57.62958
v -122.6618 3.167603 57.56651
v -126.7317 4.881531 60.81096
v -126.4508 4.938858 60.61034
v -122.765 3.224915 58.75882
v -115.6455 3.247849 67.61514
v -122.7764 2.966965 57.62958
v -114.5507 2.989899 67.87308
v -119.1938 4.875809 70.40674
v -118.6664 4.875809 71.10605
v -115.6455 3.247849 67.61514
v -114.5507 2.989899 67.87308
v -126.1757 4.881531 61.50456
v -122.765 3.224915 58.75882
v -126.7317 4.881531 60.81096
v -122.7764 2.966965 57.62958
v -126.2272 4.904465 61.30394
v -118.8384 4.875809 70.46979
v -126.1928 4.904465 59.91673
v -117.52 4.870071 70.67041
v -118.8384 4.875809 70.46979
v -127.6202 4.904465 77.60068
v -117.52 4.870071 70.67041
v -127.6947 4.904465 78.94202
v -127.6202 4.904465 77.60068
v -135.0205 4.898727 68.38898
v -127.6947 4.904465 78.94202
v -136.379 4.904465 68.13104
v -135.0205 4.898727 68.38898
v -126.2272 4.904465 61.30394
v -136.379 4.904465 68.13104
v -126.1928 4.904465 59.91673
v -147.0066 -2.59903 34.21912
v -147.0066 4.434418 34.21912
v -136.3905 -2.59903 48.25163
v -136.3905 4.434418 48.25163
v -136.3905 -2.59903 48.25163
v -136.3905 4.434418 48.25163
v -128.1303 -2.564636 42.00349
v -128.1303 4.434418 42.00349
v -132.9512 -2.59903 23.58582
v -132.9512 4.434418 23.58582
v -147.0066 -2.59903 34.21912
v -147.0066 4.434418 34.21912
v -132.9512 4.434418 23.58582
v -132.9512 -2.59903 23.58582
v -126.7202 4.434418 31.82878
v -126.7202 -2.593307 31.82878
v -126.7202 4.434418 31.82878
v -126.7202 -2.593307 31.82878
v -128.1303 4.434418 42.00349
v -128.1303 -2.564636 42.00349
v -132.8308 3.935715 22.71452
v -126.0725 3.935715 31.65108
v -133.2034 6.88208 25.40294
v -128.0845 6.88208 32.17271
v -132.8308 3.935715 22.71452
v -132.9626 3.855469 23.66034
v -126.0725 3.935715 31.65108
v -126.7776 3.855469 31.83452
v -126.0725 3.935715 31.65108
v -126.7776 3.855469 31.83452
v -127.5399 3.935715 42.33597
v -128.1705 3.855469 41.9691
v -127.5399 3.935715 42.33597
v -128.1705 3.855469 41.9691
v -136.5109 3.935715 49.12294
v -136.379 3.855469 48.17712
v -132.9626 3.855469 23.66034
v -132.8308 3.935715 22.71452
v -146.9321 3.855469 34.23059
v -147.8779 3.935715 34.09874
v -136.5109 3.935715 49.12294
v -136.379 3.855469 48.17712
v -147.8779 3.935715 34.09874
v -146.9321 3.855469 34.23059
v -133.2034 6.88208 25.40294
v -145.1895 6.88208 34.47134
v -132.8308 3.935715 22.71452
v -147.8779 3.935715 34.09874
v -135.118 6.669998 39.98575
v -135.8574 6.669998 40.9373
v -135.2211 10.39595 39.97429
v -135.8975 10.39595 40.83986
v -135.6339 10.39595 38.95395
v -135.5708 6.669998 38.8737
v -136.7287 10.39595 38.80492
v -136.7631 6.669998 38.70746
v -137.3994 10.39595 39.67047
v -137.5026 6.669998 39.65901
v -136.9867 10.39595 40.69081
v -137.0497 6.669998 40.77107
v -137.0497 6.669998 40.77107
v -136.9867 10.39595 40.69081
v -135.8173 6.704391 40.98315
v -134.8887 6.704391 40.96596
v -135.7886 9.432938 41.02328
v -134.9173 9.432938 41.00609
v -134.5848 6.704391 41.843
v -134.6307 9.432938 41.82581
v -135.3243 6.704391 42.40475
v -135.3243 9.432938 42.35316
v -136.0867 6.704391 41.87166
v -136.0408 9.432938 41.85446
v -135.8173 6.704391 40.98315
v -135.7886 9.432938 41.02328
v -136.8663 9.432938 41.20099
v -137.1185 9.432938 42.03217
v -137.5828 9.432938 40.70229
v -138.2764 9.432938 41.22391
v -137.9898 9.432938 42.04936
v -137.5828 6.652802 40.6507
v -136.8204 6.652802 41.18379
v -137.5828 9.432938 40.70229
v -136.8663 9.432938 41.20099
v -138.2764 9.432938 41.22391
v -138.3223 6.652802 41.21245
v -137.9898 9.432938 42.04936
v -138.0185 6.652802 42.08948
v -137.1185 9.432938 42.03217
v -137.0898 6.652802 42.07228
v -136.8663 9.432938 41.20099
v -136.8204 6.652802 41.18379
v -134.6307 9.432938 41.82581
v -135.3243 9.432938 42.35316
v -136.0408 9.432938 41.85446
v -134.9173 9.432938 41.00609
v -135.7886 9.432938 41.02328
v -136.9867 10.39595 40.69081
v -137.3994 10.39595 39.67047
v -135.8975 10.39595 40.83986
v -136.7287 10.39595 38.80492
v -135.2211 10.39595 39.97429
v -135.6339 10.39595 38.95395
v -127.1158 -2.409866 42.4678
v -148.2792 -2.409866 34.03569
v -125.6368 -2.409866 31.66254
v -132.7333 -2.409866 22.27887
v -136.5223 -2.409866 49.58151
v -126.0725 3.935715 31.65108
v -127.5399 3.935715 42.33597
v -128.0845 6.88208 32.17271
v -129.3341 6.88208 41.28697
v -136.1383 6.88208 46.43452
v -129.3341 6.88208 41.28697
v -136.5109 3.935715 49.12294
v -127.5399 3.935715 42.33597
v -145.1895 6.88208 34.47134
v -136.1383 6.88208 46.43452
v -147.8779 3.935715 34.09874
v -136.5109 3.935715 49.12294
v -138.265 0.04353333 27.3347
v -136.4536 0.04353333 25.97043
v -137.8694 0.3874664 27.85634
v -136.0638 0.3874664 26.48633
v -129.2883 0.169632 28.9856
v -131.134 0.169632 26.54366
v -128.7036 -0.2201538 28.5442
v -130.5493 -0.2201538 26.10228
v -127.0183 1.253036 31.78865
v -126.2616 0.4791718 31.89757
v -128.417 1.253036 41.94618
v -127.6546 0.4791718 42.04936
v -126.5884 -0.1628265 32.40773
v -126.8521 -0.1628265 34.31084
v -127.1329 0.2326965 32.33322
v -127.3966 0.2326965 34.23631
v -132.676 0.04353333 45.73518
v -134.4874 0.04353333 47.10519
v -133.0715 0.3874664 45.21928
v -134.8772 0.3874664 46.58356
v -142.1514 0.3817291 31.00334
v -144.5876 0.3817291 32.84338
v -142.5928 -0.008056641 30.41866
v -145.029 -0.008056641 32.26443
v -128.0845 6.88208 32.17271
v -129.3341 6.88208 41.28697
v -133.2034 6.88208 25.40294
v -145.1895 6.88208 34.47134
v -136.1383 6.88208 46.43452
v -109.0764 0.2613525 -22.13449
v -109.0764 7.2948 -22.13449
v -122.8624 0.2613525 -11.20313
v -122.8624 7.2948 -11.20313
v -122.8624 0.2613525 -11.20313
v -122.8624 7.2948 -11.20313
v -116.4251 0.2957458 -3.086273
v -116.4251 7.2948 -3.086273
v -98.12784 0.2613525 -8.331268
v -98.12784 7.2948 -8.331268
v -109.0764 0.2613525 -22.13449
v -109.0764 7.2948 -22.13449
v -98.12784 7.2948 -8.331268
v -98.12784 0.2613525 -8.331268
v -106.2217 7.2948 -1.905426
v -106.2217 0.2613525 -1.905426
v -106.2217 7.2948 -1.905426
v -106.2217 0.2613525 -1.905426
v -116.4251 7.2948 -3.086273
v -116.4251 0.2957458 -3.086273
v -97.25079 6.796097 -8.228088
v -106.0326 6.796097 -1.263428
v -99.95068 9.742477 -8.537628
v -106.6001 9.742477 -3.263977
v -97.25079 6.796097 -8.228088
v -98.20233 6.715851 -8.337006
v -106.0326 6.796097 -1.263428
v -106.2332 6.715851 -1.968491
v -106.0326 6.796097 -1.263428
v -106.2332 6.715851 -1.968491
v -116.7519 6.796097 -2.490128
v -116.3965 6.715851 -3.126404
v -116.7519 6.796097 -2.490128
v -116.3965 6.715851 -3.126404
v -123.7395 6.796097 -11.30057
v -122.7936 6.715851 -11.19165
v -98.20233 6.715851 -8.337006
v -97.25079 6.796097 -8.228088
v -109.0879 6.715851 -22.05998
v -108.9789 6.796097 -23.01152
v -123.7395 6.796097 -11.30057
v -122.7936 6.715851 -11.19165
v -108.9789 6.796097 -23.01152
v -109.0879 6.715851 -22.05998
v -99.95068 9.742477 -8.537628
v -109.2885 9.742477 -20.31165
v -97.25079 6.796097 -8.228088
v -108.9789 6.796097 -23.01152
v -114.5736 9.53038 -10.11972
v -115.5424 9.53038 -10.83626
v -114.5621 13.25633 -10.2229
v -115.4449 13.25633 -10.87639
v -113.5533 13.25633 -10.65855
v -113.4673 9.53038 -10.5955
v -113.4272 13.25633 -11.75342
v -113.3297 9.53038 -11.79353
v -114.3099 13.25633 -12.40689
v -114.2985 9.53038 -12.51007
v -115.3188 13.25633 -11.97124
v -115.4048 9.53038 -12.0343
v -115.4048 9.53038 -12.0343
v -115.3188 13.25633 -11.97124
v -115.5825 9.564774 -10.79041
v -115.5424 9.564774 -9.867508
v -115.6226 12.29332 -10.76173
v -115.5882 12.29332 -9.890442
v -116.4137 9.564774 -9.540771
v -116.4022 12.29332 -9.586624
v -116.9926 9.564774 -10.26877
v -116.941 12.29332 -10.26877
v -116.4767 9.564774 -11.04262
v -116.4595 12.29332 -10.99677
v -115.5825 9.564774 -10.79041
v -115.6226 12.29332 -10.76173
v -115.8232 12.29332 -11.8394
v -116.6602 12.29332 -12.07442
v -115.3417 12.29332 -12.56166
v -115.8806 12.29332 -13.24379
v -116.7003 12.29332 -12.93999
v -115.2901 9.513184 -12.5674
v -115.806 9.513184 -11.79353
v -115.3417 12.29332 -12.56166
v -115.8232 12.29332 -11.8394
v -115.8806 12.29332 -13.24379
v -115.8691 9.513184 -13.29538
v -116.7003 12.29332 -12.93999
v -116.7404 9.513184 -12.96864
v -116.6602 12.29332 -12.07442
v -116.7003 9.513184 -12.04002
v -115.8232 12.29332 -11.8394
v -115.806 9.513184 -11.79353
v -116.4022 12.29332 -9.586624
v -116.941 12.29332 -10.26877
v -116.4595 12.29332 -10.99677
v -115.5882 12.29332 -9.890442
v -115.6226 12.29332 -10.76173
v -115.3188 13.25633 -11.97124
v -114.3099 13.25633 -12.40689
v -115.4449 13.25633 -10.87639
v -113.4272 13.25633 -11.75342
v -114.5621 13.25633 -10.2229
v -113.5533 13.25633 -10.65855
v -106.0326 6.796097 -1.263428
v -116.7519 6.796097 -2.490128
v -106.6001 9.742477 -3.263977
v -115.743 9.742477 -4.307236
v -121.0453 9.742477 -10.99103
v -115.743 9.742477 -4.307236
v -123.7395 6.796097 -11.30057
v -116.7519 6.796097 -2.490128
v -109.2885 9.742477 -20.31165
v -121.0453 9.742477 -10.99103
v -108.9789 6.796097 -23.01152
v -123.7395 6.796097 -11.30057
v -101.9971 2.903915 -13.55334
v -100.5869 2.903915 -11.77634
v -102.5073 3.247849 -13.14635
v -101.0971 3.247849 -11.36935
v -103.4359 3.030029 -4.542267
v -101.0398 3.030029 -6.439636
v -102.983 2.640228 -3.96904
v -100.5869 2.640228 -5.866409
v -106.1931 4.113419 -2.209244
v -106.2791 3.339569 -1.446854
v -116.3735 4.113419 -3.372879
v -116.4652 3.339569 -2.610504
v -106.8007 2.697556 -1.762131
v -108.7095 2.697556 -1.97995
v -106.7376 3.093079 -2.306686
v -108.6465 3.093079 -2.530243
v -120.2657 2.903915 -7.545959
v -121.6758 2.903915 -9.322952
v -119.7556 3.247849 -7.947205
v -121.1657 3.247849 -9.724197
v -105.7517 3.242111 -17.35381
v -107.6491 3.242111 -19.74988
v -105.1785 2.852325 -17.80666
v -107.0758 2.852325 -20.20273
v -106.6001 9.742477 -3.263977
v -115.743 9.742477 -4.307236
v -99.95068 9.742477 -8.537628
v -109.2885 9.742477 -20.31165
v -121.0453 9.742477 -10.99103
v -79.65283 6.492294 42.74295
v -82.16928 6.492294 44.78937
v -79.65283 4.766891 42.74295
v -82.16928 4.766891 44.78937
v -79.62418 4.766891 42.78308
v -82.13489 4.766891 44.8295
v -79.62418 6.492294 42.78308
v -82.13489 6.492294 44.8295
v -79.4006 4.732498 41.08633
v -79.4006 5.741364 41.08633
v -78.95349 4.732498 40.16919
v -78.95349 5.741364 40.16919
v -79.20572 5.741364 39.18324
v -79.20572 4.732498 39.18324
v -80.38657 4.732498 41.33856
v -80.38657 5.741364 41.33856
v -79.4006 4.732498 41.08633
v -79.4006 5.741364 41.08633
v -81.30371 5.741364 40.89145
v -81.30371 4.732498 40.89145
v -78.95349 5.741364 40.16919
v -79.4006 5.741364 41.08633
v -80.38657 5.741364 41.33856
v -81.30371 5.741364 40.89145
v -79.20572 5.741364 39.18324
v -91.19754 4.732498 35.0159
v -91.16888 4.686646 35.05603
v -92.37265 4.732498 35.97319
v -92.33826 4.686646 36.00758
v -91.23193 4.686646 34.98151
v -91.19754 4.732498 35.0159
v -92.40131 4.686646 35.93306
v -92.37265 4.732498 35.97319
v -91.19754 4.635056 35.0159
v -91.23193 4.686646 34.98151
v -92.37265 4.635056 35.97319
v -92.40131 4.686646 35.93306
v -91.16888 4.686646 35.05603
v -91.19754 4.635056 35.0159
v -92.33826 4.686646 36.00758
v -92.37265 4.635056 35.97319
v -92.28668 3.849731 35.9044
v -92.23508 3.849731 35.86427
v -92.28668 4.652252 35.9044
v -92.23508 4.652252 35.86427
v -92.34399 4.652252 35.95026
v -92.34399 3.849731 35.95026
v -92.28668 3.849731 35.9044
v -92.33252 3.849731 35.85281
v -92.28668 4.652252 35.9044
v -92.33252 4.652252 35.85281
v -92.24655 4.652252 35.96172
v -92.24655 3.849731 35.96172
v -92.79111 2.577179 36.11076
v -92.1319 2.577179 36.36298
v -91.85101 2.577179 35.62926
v -92.51596 2.577179 35.37703
v -92.1319 2.577179 36.36298
v -92.79111 2.577179 36.11076
v -92.1319 3.895584 36.34004
v -92.77393 3.895584 36.09357
v -91.85101 2.577179 35.62926
v -92.1319 2.577179 36.36298
v -91.86823 3.895584 35.64645
v -92.1319 3.895584 36.34004
v -92.51596 2.577179 35.37703
v -91.85101 2.577179 35.62926
v -92.51022 3.895584 35.39996
v -91.86823 3.895584 35.64645
v -92.79111 2.577179 36.11076
v -92.51596 2.577179 35.37703
v -92.77393 3.895584 36.09357
v -92.51022 3.895584 35.39996
v -76.54596 8.865433 38.12277
v -75.46255 8.865433 39.13737
v -76.4657 4.147812 38.11131
v -75.45111 4.147812 39.05713
v -74.24161 4.147812 38.38646
v -74.16708 8.865433 38.42085
v -74.49954 4.147812 37.02792
v -74.44797 8.865433 36.9706
v -75.87527 4.147812 36.85596
v -75.91541 8.865433 36.78717
v -75.91541 8.865433 36.78717
v -75.87527 4.147812 36.85596
v -74.16708 8.865433 38.42085
v -75.91541 8.865433 36.78717
v -74.44797 8.865433 36.9706
v -75.46255 8.865433 39.13737
v -76.54596 8.865433 38.12277
v -87.6149 8.67627 37.13683
v -88.13654 9.610626 36.49481
v -85.75766 8.67627 35.62352
v -86.26208 9.610626 34.97005
v -88.13654 9.610626 36.49481
v -88.68109 8.693466 35.82414
v -86.26208 9.610626 34.97005
v -87.21939 8.693466 34.63184
v -87.6149 8.67627 37.13683
v -85.75766 8.67627 35.62352
v -88.13654 9.495987 36.49481
v -86.2793 9.495987 34.98151
v -88.13654 9.495987 36.49481
v -86.2793 9.495987 34.98151
v -88.68109 8.693466 35.82414
v -87.21939 8.693466 34.63184
v -87.6149 8.67627 37.13683
v -88.13654 9.495987 36.49481
v -88.13654 9.610626 36.49481
v -88.68109 8.693466 35.82414
v -73.22699 0.2040253 38.03105
v -73.22699 4.147812 38.03105
v -82.30685 0.2040253 26.87039
v -82.30685 4.147812 26.87039
v -73.22699 4.147812 38.03105
v -73.22699 0.2040253 38.03105
v -82.72531 4.147812 45.76384
v -82.72531 0.2040253 45.76384
v -82.7941 4.795547 45.83263
v -91.84531 4.795547 34.70636
v -73.23273 4.795547 38.04825
v -82.28394 4.795547 26.92198
v -82.2782 4.365631 27.2258
v -82.2782 3.729355 27.23726
v -86.9213 4.365631 31.00334
v -86.91556 3.729355 31.0148
v -82.7941 3.694962 46.72687
v -92.71658 3.694962 34.53439
v -82.7941 4.795547 45.83263
v -91.84531 4.795547 34.70636
v -82.28394 4.795547 26.92198
v -82.27246 3.694962 26.03349
v -73.23273 4.795547 38.04825
v -72.35568 3.694962 38.22595
v -72.35568 3.694962 38.22595
v -82.7941 3.694962 46.72687
v -73.23273 4.795547 38.04825
v -82.7941 4.795547 45.83263
v -92.77393 3.895584 36.09357
v -92.51022 3.895584 35.39996
v -91.86823 3.895584 35.64645
v -92.1319 3.895584 36.34004
v -72.35568 3.694962 38.22595
v -82.27246 3.694962 26.03349
v -82.7941 3.694962 46.72687
v -92.71658 3.694962 34.53439
v -91.80518 0.2040253 34.60892
v -91.80518 4.147812 34.60892
v -82.72531 0.2040253 45.76384
v -82.72531 4.147812 45.76384
v -91.80518 0.2040253 34.60892
v -82.30685 0.2040253 26.87039
v -91.80518 4.147812 34.60892
v -82.30685 4.147812 26.87039
v -92.37265 4.732498 35.97319
v -92.33826 4.686646 36.00758
v -92.40131 4.686646 35.93306
v -92.37265 4.635056 35.97319
v -91.84531 4.795547 34.70636
v -92.71658 3.694962 34.53439
v -82.28394 4.795547 26.92198
v -82.27246 3.694962 26.03349
v -79.45221 8.234894 39.41252
v -79.01654 8.0056 39.94563
v -81.06296 8.234894 40.71948
v -80.62732 8.0056 41.25258
v -73.63397 6.194214 37.99094
v -75.29633 6.194214 35.94452
v -73.63397 4.789825 37.99094
v -75.29633 4.789825 35.94452
v -82.5304 7.839371 40.47873
v -83.08072 7.655945 40.9201
v -83.99213 7.833633 38.68454
v -84.53668 7.655945 39.13165
v -80.51266 4.394302 29.26646
v -80.51266 8.601761 29.26646
v -87.4028 4.394302 34.85539
v -87.4028 8.601761 34.85539
v -81.87692 4.394302 41.65384
v -87.4028 4.394302 34.85539
v -81.87692 8.601761 41.65384
v -87.4028 8.601761 34.85539
v -81.87692 8.601761 41.65384
v -74.99252 8.601761 36.0477
v -81.87692 4.394302 41.65384
v -74.99252 4.394302 36.0477
v -74.99252 4.394302 36.0477
v -74.99252 8.601761 36.0477
v -80.51266 4.394302 29.26646
v -80.51266 8.601761 29.26646
v -87.11047 9.662216 34.179
v -87.86713 8.2005 34.79808
v -81.18906 9.662216 29.36392
v -80.4668 8.2005 28.7735
v -87.86713 8.2005 34.79808
v -81.81961 8.2005 42.22705
v -80.4668 8.2005 28.7735
v -74.42502 8.2005 36.20247
v -81.0687 9.662216 41.60797
v -87.11047 9.662216 34.179
v -75.14157 9.662216 36.79289
v -81.18906 9.662216 29.36392
v -81.0687 9.662216 41.60797
v -75.14157 9.662216 36.79289
v -81.81961 8.2005 42.22705
v -74.42502 8.2005 36.20247
v -81.81961 8.2005 42.22705
v -87.86713 8.2005 34.79808
v -81.0687 9.662216 41.60797
v -87.11047 9.662216 34.179
v -75.14157 9.662216 36.79289
v -81.18906 9.662216 29.36392
v -74.42502 8.2005 36.20247
v -80.4668 8.2005 28.7735
v -75.85809 8.0056 36.48909
v -75.58295 7.79924 36.82729
v -78.39172 8.0056 38.55269
v -78.11658 7.79924 38.88516
v -75.32498 4.789825 35.97319
v -75.32498 6.194214 35.97319
v -73.66263 4.789825 38.01385
v -73.66263 6.194214 38.01385
v -118.2422 0.9148254 44.4397
v -117.5601 1.447922 45.30527
v -120.7988 0.9148254 46.45172
v -120.1224 1.447922 47.31728
v -115.187 1.625626 56.65509
v -112.7049 1.625626 59.81929
v -116.0869 1.092529 57.36015
v -113.5991 1.092529 60.52435
v -112.0973 5.093628 40.42714
v -101.8137 5.093628 53.51382
v -122.0198 5.093628 48.22298
v -111.7361 5.093628 61.30968
v -112.0572 -2.53598 40.62202
v -112.0572 3.970108 40.62202
v -121.8134 -2.530243 48.28603
v -121.8134 3.970108 48.28603
v -111.7304 -2.53598 61.12624
v -111.7304 3.970108 61.12624
v -101.9742 -2.54744 53.46223
v -101.9742 3.970108 53.46223
v -112.0572 3.970108 40.62202
v -112.0572 -2.53598 40.62202
v -101.9742 3.970108 53.46223
v -101.9742 -2.54744 53.46223
v -112.1317 3.637634 39.40106
v -112.0572 3.855469 40.62776
v -100.8277 3.637634 53.78897
v -101.9742 3.855469 53.46223
v -100.8277 3.637634 53.78897
v -112.0973 5.093628 40.42714
v -112.1317 3.637634 39.40106
v -101.8137 5.093628 53.51382
v -111.6788 3.637634 62.31281
v -111.7361 5.093628 61.30968
v -100.8277 3.637634 53.78897
v -101.8137 5.093628 53.51382
v -100.8277 3.637634 53.78897
v -101.9742 3.855469 53.46223
v -111.6788 3.637634 62.31281
v -111.7304 3.855469 61.12624
v -111.6788 3.637634 62.31281
v -111.7304 3.855469 61.12624
v -122.9771 3.637634 47.9249
v -121.8134 3.855469 48.29176
v -122.9771 3.637634 47.9249
v -122.0198 5.093628 48.22298
v -111.6788 3.637634 62.31281
v -111.7361 5.093628 61.30968
v -112.1317 3.637634 39.40106
v -122.0198 5.093628 48.22298
v -122.9771 3.637634 47.9249
v -112.0973 5.093628 40.42714
v -122.9771 3.637634 47.9249
v -121.8134 3.855469 48.29176
v -112.1317 3.637634 39.40106
v -112.0572 3.855469 40.62776
v -121.8134 -2.530243 48.28603
v -121.8134 3.970108 48.28603
v -111.7304 -2.53598 61.12624
v -111.7304 3.970108 61.12624
v -108.7267 3.907059 44.19894
v -108.8758 3.907059 44.31358
v -108.7267 6.303131 44.19894
v -108.8758 6.303131 44.31358
v -111.5413 6.303131 40.91437
v -111.5413 3.907059 40.91437
v -111.3979 6.303131 40.79973
v -111.3979 3.907059 40.79973
v -108.8758 6.303131 44.31358
v -108.8758 3.907059 44.31358
v -111.5413 6.303131 40.91437
v -111.5413 3.907059 40.91437
v -108.7267 6.303131 44.19894
v -108.8758 6.303131 44.31358
v -111.3979 6.303131 40.79973
v -111.5413 6.303131 40.91437
v -108.8758 3.907059 44.31358
v -108.7267 3.907059 44.19894
v -111.5413 3.907059 40.91437
v -111.3979 3.907059 40.79973
v -111.3979 6.303131 40.79973
v -111.3979 3.907059 40.79973
v -108.7267 6.303131 44.19894
v -108.7267 3.907059 44.19894
v -101.9512 -7.167633 102.0945
v -101.9512 -2.816864 102.0945
v -42.95505 -7.116043 126.7947
v -42.95505 -2.816864 126.7947
v -107.6835 -6.892471 117.2563
v -121.4236 -6.892471 111.8909
v -107.6835 -8.445908 117.2563
v -121.4236 -8.445908 111.8909
v -21.73431 -7.035782 140.896
v -10.20679 -7.035782 148.8237
v -19.6879 -7.035782 146.1296
v -42.6971 -7.035782 126.4451
v -44.45116 -7.035782 131.0079
v -6.188492 -7.035782 153.6961
v 5.533936 -7.035782 155.8801
v 5.986786 -7.035782 153.4038
v -158.6259 -7.035782 29.0945
v -154.0286 -7.035782 27.79329
v -149.3454 -7.035782 57.96777
v -143.6074 -7.035782 60.02565
v -19.6879 -7.035782 146.1296
v -6.188492 -7.035782 153.6961
v -19.6879 -10.56111 146.1296
v -6.188492 -10.56111 153.6961
v -44.45116 -7.035782 131.0079
v -44.45116 -10.56111 131.0079
v 5.533936 -10.56111 155.8801
v 5.533936 -7.035782 155.8801
v -116.8264 -7.035782 100.3921
v -126.4967 -7.035782 90.91095
v -114.8488 -7.035782 96.5228
v -123.5274 -7.035782 88.26837
v -138.7235 -7.035782 69.17429
v -142.9711 -7.035782 71.14044
v -138.7235 -7.035782 69.17429
v -142.9711 -7.035782 71.14044
v -143.6074 -7.035782 60.02565
v -149.3454 -7.035782 57.96777
v -44.45116 -7.035782 131.0079
v -44.45116 -10.56111 131.0079
v -109.363 -6.995651 103.3155
v -113.0947 -10.54391 101.8538
v -116.8264 -7.035782 100.3921
v -126.4967 -10.56111 90.91095
v -126.4967 -7.035782 90.91095
v -113.0947 -10.54391 101.8538
v -116.8264 -7.035782 100.3921
v -142.9711 -7.035782 71.14044
v -142.9711 -10.56111 71.14044
v -149.3454 -7.035782 57.96777
v -149.3454 -10.56111 57.96777
v -158.6259 -7.035782 29.0945
v -158.6259 -10.56111 29.0945
v -142.9711 -10.56111 71.14044
v -142.9711 -7.035782 71.14044
v -154.0286 -10.56111 27.79329
v -158.6259 -7.035782 29.0945
v -158.6259 -10.56111 29.0945
v -154.0286 -7.035782 27.79329
v -42.6971 -7.035782 126.4451
v -44.45116 -7.035782 131.0079
v -107.758 -7.035782 99.46344
v -109.363 -6.995651 103.3155
v -10.2813 -2.816864 149.0186
v -10.2813 -7.116043 149.0186
v -21.83749 -2.816864 141.0508
v -21.83749 -7.093109 141.0508
v -42.95505 -2.816864 126.7947
v -42.95505 -7.116043 126.7947
v 5.952393 -7.116043 153.5872
v 5.952393 -2.816864 153.5872
v -21.83749 -2.816864 141.0508
v -21.32159 -2.816864 140.5292
v -10.2813 -2.816864 149.0186
v -9.885773 -2.816864 148.4225
v -42.95505 -2.816864 126.7947
v -42.45634 -2.816864 126.2616
v 5.952393 -2.816864 153.5872
v 6.284866 -2.816864 152.9567
v -101.9512 -2.816864 102.0945
v -101.2576 -2.816864 101.6531
v -42.95505 -2.816864 126.7947
v -42.45634 -2.816864 126.2616
v -101.229 -2.788193 94.13818
v -100.5984 -2.788193 94.09805
v -101.9512 -2.816864 102.0945
v -101.2576 -2.816864 101.6531
v -115.3245 -7.150436 96.84955
v -123.0229 -7.116043 89.52948
v -115.3245 -2.816864 96.84955
v -123.0229 -2.816864 89.52948
v -138.9643 -2.816864 69.32907
v -138.9643 -7.116043 69.32907
v -143.8653 -2.816864 60.20908
v -143.8653 -7.116043 60.20908
v -101.229 -2.788193 94.13818
v -101.9512 -2.816864 102.0945
v -101.9512 -7.167633 102.0945
v -154.0974 -2.811127 28.2404
v -143.8653 -2.816864 60.20908
v -154.0974 -7.116043 28.2404
v -143.8653 -7.116043 60.20908
v -153.507 -2.811127 27.95378
v -143.3265 -2.816864 59.82503
v -154.0974 -2.811127 28.2404
v -143.8653 -2.816864 60.20908
v -115.3245 -2.816864 96.84955
v -123.0229 -2.816864 89.52948
v -115.1468 -2.816864 96.15594
v -122.5357 -2.816864 89.09381
v -138.4197 -2.816864 68.94501
v -138.9643 -2.816864 69.32907
v -143.3265 -2.816864 59.82503
v -143.8653 -2.816864 60.20908
v -110.3604 -2.79393 90.43515
v -110.2057 -2.79393 90.77338
v -115.3245 -7.150436 96.84955
v -115.3245 -2.816864 96.84955
v -110.2057 -2.79393 90.77338
v -50.40695 -2.834061 158.0756
v -69.98828 -2.834061 163.481
v -52.16675 -2.834061 153.7018
v -70.92264 -2.834061 157.8233
v -101.957 -2.834061 160.2825
v -100.4035 -2.834061 154.1776
v -119.8989 -2.834061 149.6263
v -118.4601 -2.834061 146.0608
v -38.81638 -2.834061 150.9275
v -40.14626 -2.834061 146.4964
v -107.6835 -2.960159 117.2563
v -107.6835 -8.445908 117.2563
v -40.14626 -2.834061 146.4964
v -40.14626 -8.445908 146.4964
v -121.9223 -8.445908 153.4611
v -120.2199 -3.011749 149.7695
v -102.9486 -8.445908 164.9772
v -101.957 -2.834061 160.2825
v -69.52969 -8.445908 168.2159
v -69.98828 -2.834061 163.481
v -50.40695 -2.834061 158.0756
v -48.27457 -8.445908 162.3461
v -37.25148 -8.445908 155.7311
v -38.81638 -2.834061 150.9275
v -40.14626 -2.834061 146.4964
v -40.14626 -8.445908 146.4964
v -38.81638 -2.834061 150.9275
v -37.25148 -8.445908 155.7311
v -140.5349 -2.834061 131.8964
v -143.8653 -2.834061 134.5504
v -153.9541 -2.834061 112.3667
v -157.938 -2.834061 114.6539
v -163.8995 -2.834061 89.62692
v -168.0955 -2.834061 91.05426
v -166.8975 -2.834061 69.96536
v -170.9387 -2.834061 66.76102
v -134.0288 -2.960159 143.3724
v -132.6989 -2.834061 140.0362
v -163.3148 -2.834061 56.75255
v -159.9844 -2.834061 57.8302
v -121.4236 -8.445908 111.8909
v -127.5285 -2.960159 127.1788
v -121.4236 -2.960159 111.8909
v -121.4236 -8.445908 111.8909
v -121.4236 -2.960159 111.8909
v -159.9958 -8.445908 57.55505
v -159.9844 -2.834061 57.8302
v -134.0288 -2.960159 143.3724
v -136.2988 -8.445908 148.0556
v -143.8653 -2.834061 134.5504
v -147.5569 -8.457382 137.5885
v -157.938 -2.834061 114.6539
v -162.0709 -8.480301 117.0901
v -172.601 -8.445908 92.37839
v -168.0955 -2.834061 91.05426
v -175.4843 -8.445908 66.03876
v -170.9387 -2.834061 66.76102
v -168.2445 -8.445908 55.65768
v -163.3148 -2.834061 56.75255
v -163.3148 -2.834061 56.75255
v -168.2445 -8.445908 55.65768
v -159.9844 -2.834061 57.8302
v -159.9958 -8.445908 57.55505
v -106.7835 -2.318161 81.48715
v -97.35971 -2.318161 85.25323
v -110.4235 -2.209244 90.46954
v -100.971 -2.203506 94.25284
v -101.527 -3.699615 101.0685
v -114.9691 -3.699615 95.7948
v -133.0887 -1.016937 141.5438
v -119.8759 -1.246231 148.583
v -139.7668 -1.762131 147.5684
v -121.0281 -1.968491 157.8062
v -114.9577 -7.035782 95.80054
v -114.9691 -3.699615 95.7948
v -123.5446 -7.035782 117.4569
v -123.5962 -3.665222 117.5945
v -143.6762 -3.097733 60.12883
v -138.798 -7.064453 69.22015
v -147.6486 -3.097733 61.92876
v -142.8335 -7.064453 71.01434
v -147.6486 -7.196289 61.92876
v -147.6486 -3.097733 61.92876
v -142.8335 -7.064453 71.01434
v -151.6268 -3.097733 50.28085
v -154.791 -7.098846 40.63922
v -143.6762 -3.097733 60.12883
v -147.6486 -3.097733 61.92876
v -147.2473 -3.097733 48.96243
v -151.6268 -3.097733 50.28085
v -151.6268 -3.097733 50.28085
v -154.791 -7.098846 40.63922
v -147.2473 -3.097733 48.96243
v -150.3256 -7.098846 39.33228
v -54.49977 -3.149323 126.7489
v -52.72852 -3.149323 122.444
v -45.29953 -7.144699 130.578
v -43.45375 -7.144699 126.3247
v -74.47662 -7.13324 118.4715
v -72.80853 -7.13324 114.0692
v -65.18466 -3.149323 122.2777
v -63.43633 -3.149323 117.9327
v -52.72852 -3.149323 122.444
v -54.49977 -3.149323 126.7489
v -63.43633 -3.149323 117.9327
v -65.18466 -3.149323 122.2777
v -74.47662 -7.13324 118.4715
v -65.18466 -3.149323 122.2777
v -45.29953 -7.144699 130.578
v -54.49977 -3.149323 126.7489
v -72.5907 -5.447952 170.3941
v -73.33591 -2.22644 162.8333
v -64.11273 -5.447952 169.5572
v -64.85793 -2.22644 162.0021
v -64.73181 -2.415604 161.9907
v -63.31595 -5.447952 164.8109
v -64.85793 -2.22644 162.0021
v -64.11273 -5.447952 169.5572
v -73.33591 -2.22644 162.8333
v -72.5907 -5.447952 170.3941
v -73.51935 -2.518784 162.8562
v -74.45367 -5.447952 165.4873
v -113.7883 -2.960159 132.5499
v -107.6835 -8.445908 117.2563
v -107.6835 -2.960159 117.2563
v -111.2202 -3.642303 126.7088
v -101.527 -3.699615 101.0685
v -109.7929 -7.035782 122.8108
v -101.5156 -7.035782 101.0742
v -132.6531 -2.702209 144.708
v -132.6531 7.839371 144.708
v -131.2773 -2.702209 141.4578
v -131.2773 7.839371 141.4578
v -118.4543 12.3793 150.7096
v -121.7905 7.839371 149.2995
v -136.0408 12.3793 143.2692
v -132.6531 7.839371 144.708
v -118.4543 -2.702209 150.7096
v -121.7905 -2.702209 149.2995
v -136.0408 -2.702209 143.2692
v -132.6531 -2.702209 144.708
v -136.0408 12.3793 143.2692
v -136.0408 -2.702209 143.2692
v -134.6708 12.3793 140.0247
v -134.6708 -2.702209 140.0247
v -131.2773 7.839371 141.4578
v -132.6531 7.839371 144.708
v -120.4205 7.839371 146.0493
v -121.7905 7.839371 149.2995
v -118.4543 12.3793 150.7096
v -117.0843 12.3793 147.4594
v -118.4543 -2.702209 150.7096
v -117.0843 -2.702209 147.4594
v -134.6708 12.3793 140.0247
v -134.6708 -2.702209 140.0247
v -131.2773 7.839371 141.4578
v -131.2773 -2.702209 141.4578
v -117.0843 12.3793 147.4594
v -120.4205 7.839371 146.0493
v -117.0843 -2.702209 147.4594
v -120.4205 -2.702209 146.0493
v -120.4205 -2.702209 146.0493
v -120.4205 7.839371 146.0493
v -121.7905 -2.702209 149.2995
v -121.7905 7.839371 149.2995
v -122.2777 7.770584 149.46
v -122.2777 -2.604767 149.46
v -116.7805 7.770584 151.7873
v -116.7805 -2.604767 151.7873
v -137.9268 -2.604767 142.845
v -132.4353 -2.604767 145.1666
v -137.9268 7.770584 142.845
v -132.4353 7.770584 145.1666
v -132.5556 -2.604767 145.4646
v -138.0529 -2.604767 143.1374
v -132.5556 7.770584 145.4646
v -138.0529 7.770584 143.1374
v -116.6143 13.2334 149.9243
v -116.6143 13.97859 149.9243
v -116.3563 13.2334 149.3282
v -116.3563 13.97859 149.3282
v -116.3563 13.2334 149.3282
v -116.3563 13.97859 149.3282
v -136.3389 13.2334 140.8788
v -136.3389 13.97859 140.8788
v -136.5911 13.97859 141.4807
v -136.3389 13.97859 140.8788
v -116.6143 13.97859 149.9243
v -116.3563 13.97859 149.3282
v -136.5911 13.2334 141.4807
v -136.5911 13.97859 141.4807
v -116.6143 13.2334 149.9243
v -116.6143 13.97859 149.9243
v -136.5911 13.2334 141.4807
v -136.3389 13.2334 140.8788
v -136.5911 13.97859 141.4807
v -136.3389 13.97859 140.8788
v -116.9066 7.770584 152.0796
v -116.9066 -2.604767 152.0796
v -122.4038 7.770584 149.7581
v -122.4038 -2.604767 149.7581
v -115.9608 11.82327 146.72
v -116.5914 13.68625 149.3683
v -135.2154 11.82327 138.5802
v -136.2529 13.68625 141.0508
v -117.7894 11.86913 152.2115
v -137.4682 11.85767 143.9112
v -116.7404 13.70918 149.718
v -136.4134 13.69199 141.4234
v -135.2154 11.82327 138.5802
v -137.4682 11.85767 143.9112
v -115.9608 11.82327 146.72
v -117.7894 11.86913 152.2115
v -138.0529 -2.604767 143.1374
v -137.9268 -2.604767 142.845
v -138.0529 7.770584 143.1374
v -137.9268 7.770584 142.845
v -116.9066 7.770584 152.0796
v -116.7805 7.770584 151.7873
v -116.9066 -2.604767 152.0796
v -116.7805 -2.604767 151.7873
v -122.2777 7.770584 149.46
v -122.4038 7.770584 149.7581
v -122.2777 -2.604767 149.46
v -122.4038 -2.604767 149.7581
v -132.5556 -2.604767 145.4646
v -132.5556 7.770584 145.4646
v -132.4353 -2.604767 145.1666
v -132.4353 7.770584 145.1666
v -132.5556 -2.604767 145.4646
v -132.4353 -2.604767 145.1666
v -138.0529 -2.604767 143.1374
v -137.9268 -2.604767 142.845
v -132.4353 7.770584 145.1666
v -132.5556 7.770584 145.4646
v -137.9268 7.770584 142.845
v -138.0529 7.770584 143.1374
v -122.4038 7.770584 149.7581
v -122.2777 7.770584 149.46
v -116.9066 7.770584 152.0796
v -116.7805 7.770584 151.7873
v -122.4038 -2.604767 149.7581
v -116.9066 -2.604767 152.0796
v -122.2777 -2.604767 149.46
v -116.7805 -2.604767 151.7873
v -136.3332 13.84102 141.2343
v -137.4682 11.85767 143.9112
v -135.2154 11.82327 138.5802
v -117.0786 13.84102 149.374
v -115.9608 11.82327 146.72
v -118.2079 11.86913 152.0338
v -146.3875 -2.960159 129.2309
v -158.8781 -2.960159 109.7127
v -146.3875 4.325516 129.2309
v -158.8781 4.245255 109.7127
v -144.9029 5.191071 127.9182
v -144.9029 -2.960159 127.9182
v -133.2722 5.013382 141.8304
v -133.2722 -2.954437 141.8304
v -146.3875 4.325516 129.2309
v -134.3613 4.147812 143.5386
v -146.3875 -2.960159 129.2309
v -134.3613 -2.960159 143.5386
v -170.0215 4.256714 73.36456
v -167.9751 4.250992 85.25894
v -170.0215 -2.954437 73.35883
v -167.9751 -2.954437 85.25894
v -167.9751 4.250992 85.25894
v -163.7448 4.250992 99.07938
v -167.9751 -2.954437 85.25894
v -163.7448 -2.954437 99.07938
v -166.0032 5.110825 84.81757
v -166.0032 -2.954437 84.81757
v -161.8817 5.110825 98.31699
v -161.8817 -2.954437 98.31699
v -160.5175 5.145218 57.22832
v -162.4149 4.222321 56.79266
v -160.5175 -2.942963 57.22832
v -162.4149 -2.971634 56.79266
v -63.52805 -2.9487 159.8354
v -63.52805 4.044632 159.8354
v -51.35851 -2.9487 156.4419
v -51.35851 4.187927 156.4419
v -39.55009 4.187927 149.0186
v -39.55009 -2.9487 149.0186
v -51.35851 4.187927 156.4419
v -51.35851 -2.9487 156.4419
v -52.06931 5.076431 154.5732
v -52.06931 -2.9487 154.5732
v -40.08321 5.076431 147.1729
v -40.08321 -2.9487 147.1729
v -109.9993 3.975845 154.7394
v -109.9993 -2.954437 154.7394
v -119.4231 3.975845 149.139
v -119.4231 -2.954437 149.139
v -118.3512 4.824219 147.4365
v -118.3512 -2.954437 147.4365
v -109.1337 4.824219 152.8936
v -109.1337 -2.954437 152.8936
v -109.9993 3.975845 154.7394
v -92.85989 3.975845 159.3539
v -109.9993 -2.954437 154.7394
v -92.85989 -2.954437 159.3539
v -75.27341 -2.954437 161.1652
v -92.85989 -2.954437 159.3539
v -75.27341 3.975845 161.1652
v -92.85989 3.975845 159.3539
v -92.44717 4.824219 157.3762
v -92.44717 -2.954437 157.3762
v -75.20462 4.824219 159.2105
v -75.20462 -2.954437 159.2105
v -52.06931 -2.9487 154.5732
v -52.06931 5.076431 154.5732
v -63.84904 -2.9487 157.9609
v -63.84904 4.893005 157.9609
v -39.55009 -2.9487 149.0186
v -39.55009 4.187927 149.0186
v -40.08321 -2.9487 147.1729
v -40.08321 5.076431 147.1729
v -166.0032 -2.954437 84.81757
v -166.0032 5.110825 84.81757
v -167.9866 -2.954437 73.41617
v -167.9866 5.116562 73.41617
v -162.4149 -2.971634 56.79266
v -162.4149 4.222321 56.79266
v -167.614 -2.954437 63.86624
v -167.614 4.256714 63.86624
v -160.5175 5.145218 57.22832
v -160.5175 -2.942963 57.22832
v -165.8542 5.116562 64.75475
v -165.8542 -2.954437 64.75475
v -157.1068 5.105087 108.8012
v -157.1068 -2.960159 108.8012
v -144.9029 5.191071 127.9182
v -144.9029 -2.960159 127.9182
v -92.44717 -2.954437 157.3762
v -92.44717 4.824219 157.3762
v -109.1337 -2.954437 152.8936
v -109.1337 4.824219 152.8936
v -167.614 -2.954437 63.86624
v -167.614 4.256714 63.86624
v -170.0215 -2.954437 73.35883
v -170.0215 4.256714 73.36456
v -165.8542 5.116562 64.75475
v -165.8542 -2.954437 64.75475
v -167.9866 5.116562 73.41617
v -167.9866 -2.954437 73.41617
v -146.3875 4.325516 129.2309
v -158.8781 4.245255 109.7127
v -144.9029 5.191071 127.9182
v -157.1068 5.105087 108.8012
v -146.3875 4.325516 129.2309
v -144.9029 5.191071 127.9182
v -134.3613 4.147812 143.5386
v -133.2722 5.013382 141.8304
v -166.0032 5.110825 84.81757
v -167.9751 4.250992 85.25894
v -167.9866 5.116562 73.41617
v -170.0215 4.256714 73.36456
v -160.5175 5.145218 57.22832
v -165.8542 5.116562 64.75475
v -162.4149 4.222321 56.79266
v -167.614 4.256714 63.86624
v -166.0032 5.110825 84.81757
v -161.8817 5.110825 98.31699
v -167.9751 4.250992 85.25894
v -163.7448 4.250992 99.07938
v -52.06931 5.076431 154.5732
v -51.35851 4.187927 156.4419
v -63.84904 4.893005 157.9609
v -63.52805 4.010239 159.8354
v -40.08321 5.076431 147.1729
v -39.55009 4.187927 149.0186
v -52.06931 5.076431 154.5732
v -51.35851 4.187927 156.4419
v -118.3512 4.824219 147.4365
v -109.1337 4.824219 152.8936
v -119.4231 3.975845 149.139
v -109.9993 3.975845 154.7394
v -92.44717 4.824219 157.3762
v -92.85989 3.975845 159.3539
v -109.1337 4.824219 152.8936
v -109.9993 3.975845 154.7394
v -92.44717 4.824219 157.3762
v -75.20462 4.824219 159.2105
v -92.85989 3.975845 159.3539
v -75.27341 3.975845 161.1652
v -170.0215 4.256714 73.36456
v -167.614 4.256714 63.86624
v -167.9866 5.116562 73.41617
v -165.8542 5.116562 64.75475
v -157.0495 8.487106 107.8153
v -157.0495 -2.576111 107.8153
v -156.2011 8.487106 109.6267
v -156.2011 -2.576111 109.6267
v -157.0495 8.487106 107.8153
v -159.8296 8.487106 109.1165
v -157.0495 -2.576111 107.8153
v -159.8296 -2.576111 109.1165
v -159.8296 8.487106 109.1165
v -158.9813 8.487106 110.9337
v -159.8296 -2.576111 109.1165
v -158.9813 -2.576111 110.9337
v -158.9813 8.487106 110.9337
v -156.2011 8.487106 109.6267
v -158.9813 -2.576111 110.9337
v -156.2011 -2.576111 109.6267
v -161.4289 7.08844 100.1914
v -162.1741 7.08844 98.60934
v -161.4289 -2.54744 100.1914
v -162.1741 -2.54744 98.60934
v -161.4289 7.08844 100.1914
v -161.4289 -2.54744 100.1914
v -162.7244 7.08844 100.799
v -162.7244 -2.54744 100.799
v -163.4696 7.08844 99.21695
v -162.7244 7.08844 100.799
v -163.4696 -2.54744 99.21695
v -162.7244 -2.54744 100.799
v -157.5654 10.17812 111.2202
v -159.5316 8.028534 112.1546
v -164.2148 10.17239 96.91833
v -166.1064 8.034271 97.79535
v -163.5269 10.17812 96.59732
v -156.8832 10.17812 110.8935
v -164.2148 10.17239 96.91833
v -157.5654 10.17812 111.2202
v -163.5269 10.17812 96.59732
v -161.4346 8.039993 95.62283
v -156.8832 10.17812 110.8935
v -154.877 8.039993 109.9362
v -157.5654 10.17812 111.2202
v -156.8832 10.17812 110.8935
v -159.5316 8.028534 112.1546
v -154.877 8.039993 109.9362
v -163.5269 10.17812 96.59732
v -164.2148 10.17239 96.91833
v -161.4346 8.039993 95.62283
v -166.1064 8.034271 97.79535
v -158.2074 7.08844 107.0816
v -158.2074 -2.54744 107.0816
v -157.4679 7.08844 108.6637
v -157.4679 -2.54744 108.6637
v -159.5029 -2.54744 107.6835
v -158.2074 -2.54744 107.0816
v -159.5029 7.08844 107.6835
v -158.2074 7.08844 107.0816
v -158.7634 7.08844 109.2656
v -158.7634 -2.54744 109.2656
v -159.5029 7.08844 107.6835
v -159.5029 -2.54744 107.6835
v -161.2168 8.492844 98.8157
v -162.0652 8.492844 97.0043
v -161.2168 -2.576111 98.8157
v -162.0652 -2.576111 97.0043
v -161.2168 8.492844 98.8157
v -161.2168 -2.576111 98.8157
v -163.9912 8.492844 100.1169
v -163.9912 -2.576111 100.1169
v -164.8453 8.492844 98.2998
v -163.9912 8.492844 100.1169
v -164.8453 -2.576111 98.2998
v -163.9912 -2.576111 100.1169
v -164.8453 8.492844 98.2998
v -164.8453 -2.576111 98.2998
v -162.0652 8.492844 97.0043
v -162.0652 -2.576111 97.0043
v -159.0157 6.698654 109.8044
v -157.0495 6.698654 108.8872
v -164.0486 6.698654 99.05072
v -162.0824 6.698654 98.13354
v -159.0157 6.698654 109.8044
v -164.0486 6.698654 99.05072
v -159.0157 8.441254 109.8044
v -164.0486 8.441254 99.05072
v -162.0824 8.441254 98.13354
v -162.0824 6.698654 98.13354
v -157.0495 8.441254 108.8872
v -157.0495 6.698654 108.8872
v -161.4346 8.039993 95.62283
v -166.1064 8.034271 97.79535
v -154.877 8.039993 109.9362
v -159.5316 8.028534 112.1546
v -114.8086 -2.971634 149.0415
v -114.7513 5.328644 148.9441
v -115.3016 -2.971634 148.732
v -115.2443 5.328644 148.6403
v -115.2443 5.328644 148.6403
v -114.7513 5.328644 148.9441
v -116.6086 5.122284 150.8529
v -116.1156 5.122284 151.1567
v -116.1156 5.122284 151.1567
v -116.1156 -2.971634 151.1567
v -116.6086 5.122284 150.8529
v -116.6086 -2.971634 150.8529
v -64.81779 8.487106 157.5941
v -64.81779 -2.576111 157.5941
v -62.82298 8.487106 157.3647
v -62.82298 -2.576111 157.3647
v -64.81779 8.487106 157.5941
v -64.46814 8.487106 160.6379
v -64.81779 -2.576111 157.5941
v -64.46814 -2.576111 160.6379
v -64.46814 8.487106 160.6379
v -62.47905 8.487106 160.4086
v -64.46814 -2.576111 160.6379
v -62.47905 -2.576111 160.4086
v -62.47905 8.487106 160.4086
v -62.82298 8.487106 157.3647
v -62.47905 -2.576111 160.4086
v -62.82298 -2.576111 157.3647
v -73.43909 7.08844 159.3195
v -75.17023 7.08844 159.5201
v -73.43909 -2.54744 159.3195
v -75.17023 -2.54744 159.5201
v -73.43909 7.08844 159.3195
v -73.43909 -2.54744 159.3195
v -73.27286 7.08844 160.7411
v -73.27286 -2.54744 160.7411
v -75.0097 7.08844 160.9359
v -73.27286 7.08844 160.7411
v -75.0097 -2.54744 160.9359
v -73.27286 -2.54744 160.7411
v -61.75679 10.17812 159.1647
v -61.48737 8.028534 161.32
v -77.42871 10.17239 160.913
v -77.19943 8.034271 162.9881
v -77.50897 10.17812 160.1621
v -61.8485 10.17812 158.4138
v -77.42871 10.17239 160.913
v -61.75679 10.17812 159.1647
v -77.50897 10.17812 160.1621
v -77.76691 8.039993 157.8635
v -61.8485 10.17812 158.4138
v -62.11792 8.039993 156.2068
v -61.75679 10.17812 159.1647
v -61.8485 10.17812 158.4138
v -61.48737 8.028534 161.32
v -62.11792 8.039993 156.2068
v -77.50897 10.17812 160.1621
v -77.42871 10.17239 160.913
v -77.76691 8.039993 157.8635
v -77.19943 8.034271 162.9881
v -65.87827 7.08844 158.4539
v -65.87827 -2.54744 158.4539
v -64.14713 7.08844 158.2533
v -64.14713 -2.54744 158.2533
v -65.71777 -2.54744 159.8698
v -65.87827 -2.54744 158.4539
v -65.71777 7.08844 159.8698
v -65.87827 7.08844 158.4539
v -63.98662 7.08844 159.6748
v -63.98662 -2.54744 159.6748
v -65.71777 7.08844 159.8698
v -65.71777 -2.54744 159.8698
v -74.67151 8.492844 158.6774
v -76.66632 8.492844 158.9067
v -74.67151 -2.576111 158.6774
v -76.66632 -2.576111 158.9067
v -74.67151 8.492844 158.6774
v -74.67151 -2.576111 158.6774
v -74.32184 8.492844 161.7213
v -74.32184 -2.576111 161.7213
v -76.31665 8.492844 161.9505
v -74.32184 8.492844 161.7213
v -76.31665 -2.576111 161.9505
v -74.32184 -2.576111 161.7213
v -76.31665 8.492844 161.9505
v -76.31665 -2.576111 161.9505
v -76.66632 8.492844 158.9067
v -76.66632 -2.576111 158.9067
v -63.5567 6.698654 160.0876
v -63.80319 6.698654 157.9265
v -75.35364 6.698654 161.4346
v -75.60013 6.698654 159.2793
v -63.5567 6.698654 160.0876
v -75.35364 6.698654 161.4346
v -63.5567 8.441254 160.0876
v -75.35364 8.441254 161.4346
v -75.60013 8.441254 159.2793
v -75.60013 6.698654 159.2793
v -63.80319 8.441254 157.9265
v -63.80319 6.698654 157.9265
v -77.76691 8.039993 157.8635
v -77.19943 8.034271 162.9881
v -62.11792 8.039993 156.2068
v -61.48737 8.028534 161.32
v 85.32094 95.14133 10.4418
v 116.9514 81.93427 -7.437042
v 79.04987 70.21756 23.10431
v -33.92677 44.74924 -77.66267
v 8.308334 43.66585 -50.10208
v 13.69092 11.69144 -26.54259
v 24.41019 44.39384 -41.41774
v 51.0307 15.34286 19.84267
v 70.95596 49.62164 8.389664
v 70.95596 49.62164 8.389664
v 56.14386 23.97562 57.23405
v 51.0307 15.34286 19.84267
v 47.27608 23.57436 60.90842
v 39.6694 -13.97752 75.99567
v -43.10408 64.33629 -97.81721
v -99.52075 50.55026 -126.0599
v -75.53708 53.6514 -144.0248
vt 0.7182433 0.166506
vt 0.729941 0.1743044
vt 0.7289661 0.1548084
vt 0.7426133 0.1684556
vt 0.7465125 0.190876
vt 0.7318905 0.1889264
vt 0.7377393 0.2084224
vt 0.7260417 0.1996492
vt 0.7143441 0.2045232
vt 0.7240921 0.2171956
vt 0.6909489 0.1489596
vt 0.7016717 0.1343375
vt 0.7162937 0.2230444
vt 0.7045961 0.1986744
vt 0.7036213 0.2279184
vt 0.6909489 0.1996492
vt 0.6928985 0.234742
vt 0.6821757 0.2074476
vt 0.6656041 0.2425404
vt 0.6597552 0.2123216
vt 0.670478 0.1148415
vt 0.6626797 0.1284887
vt 0.7016717 0.1343375
vt 0.6831505 0.1440856
vt 0.6909489 0.1489596
vt 0.6373348 0.2025736
vt 0.641234 0.2483893
vt 0.6519569 0.2025736
vt 0.6656041 0.2425404
vt 0.6295364 0.1986744
vt 0.5934688 0.2425404
vt 0.6110152 0.1918508
vt 0.5388799 0.2064728
vt 0.5671492 0.1772288
vt 0.5096359 0.1626068
vt 0.5427791 0.14701
vt 0.5076863 0.151884
vt 0.5408295 0.1431108
vt 0.5037871 0.1206903
vt 0.5437539 0.1187407
vt 0.5067115 0.1011943
vt 0.5418044 0.1021691
vt 0.5525271 0.1392116
vt 0.577872 0.161632
vt 0.5525271 0.1226399
vt 0.5603256 0.1362872
vt 0.5388799 0.09437071
vt 0.5067115 0.09924471
vt 0.5418044 0.1021691
vt 0.5067115 0.1011943
vt 0.5496027 0.0885219
vt 0.553502 0.07682429
vt 0.5525271 0.06902588
vt 0.5388799 0.06122747
vt 0.5135351 0.05537867
vt 0.5388799 0.09437071
vt 0.5067115 0.09924471
vt 0.5184091 0.04465586
vt 0.5418044 0.05245427
vt 0.5388799 0.03685745
vt 0.5437539 0.04075666
vt 0.5232831 0.03003384
vt 0.5359555 0.01248743
vt 0.5447288 0.02321024
vt 0.553502 0.003714219
vt 0.5554516 0.01638663
vt 0.5661744 0.00468902
vt 0.5632499 0.01638663
vt 0.577872 0.01443703
vt 0.5690988 0.02418504
vt 0.5885948 0.03393305
vt 0.577872 0.04465586
vt 0.6129648 0.06220228
vt 0.5983428 0.07584949
vt 0.6100404 0.07682429
vt 0.6178388 0.07000068
vt 0.5525271 0.03685745
vt 0.553502 0.02808424
vt 0.5651996 0.04952987
vt 0.572998 0.04563066
vt 0.5768972 0.05927787
vt 0.5690988 0.06415188
vt 0.6451333 0.0933959
vt 0.63636 0.1031439
vt 0.670478 0.1148415
vt 0.6626797 0.1284887
vt 0.6178388 0.07000068
vt 0.6100404 0.07682429
vt 0.5944436 0.0924211
vt 0.5944436 0.0924211
vt 0.6002924 0.1187407
vt 0.6197884 0.1099675
vt 0.5866452 0.1031439
vt 0.6129648 0.1353123
vt 0.626612 0.1167911
vt 0.5788468 0.0953455
vt 0.5885948 0.0894967
vt 0.6129648 0.1353123
vt 0.6353852 0.1596824
vt 0.6519569 0.1450604
vt 0.626612 0.1167911
vt 0.646108 0.1596824
vt 0.61199 0.1401864
vt 0.646108 0.1596824
vt 0.6782765 0.1479848
vt 0.6519569 0.1479848
vt 0.6646293 0.1635816
vt 0.6841253 0.1577328
vt 0.6724277 0.1694304
vt 0.6880245 0.1528588
vt 0.7182433 0.166506
vt 0.7182433 0.1791784
vt 0.729941 0.1743044
vt 0.6909489 0.1489596
vt 0.6880245 0.1528588
vt 0.6831505 0.1440856
vt 0.6782765 0.1479848
vt 0.7318905 0.1889264
vt 0.7192181 0.1967248
vt 0.7260417 0.1996492
vt 0.7143441 0.2045232
vt 0.5885948 0.0894967
vt 0.5944436 0.0924211
vt 0.5983428 0.07974869
vt 0.6100404 0.07682429
vt 0.572998 0.04563066
vt 0.5768972 0.05927787
vt 0.577872 0.04465586
vt 0.5690988 0.02418504
vt 0.553502 0.02808424
vt 0.5447288 0.02321024
vt 0.5554516 0.01638663
vt 0.5632499 0.01638663
vt 0.5388799 0.03685745
vt 0.5983428 0.07584949
vt 0.6597552 0.2123216
vt 0.6519569 0.2025736
vt 0.6656041 0.2425404
vt 0.6568308 0.1976996
vt 0.6626797 0.2064728
vt 0.6851001 0.19575
vt 0.6626797 0.2064728
vt 0.6821757 0.2074476
vt 0.6597552 0.2123216
vt 0.6909489 0.1996492
vt 0.6753521 0.190876
vt 0.6568308 0.1976996
vt 0.6851001 0.19575
vt 0.6626797 0.2064728
vt 0.6275868 0.1967248
vt 0.6295364 0.1830776
vt 0.6110152 0.1918508
vt 0.6227129 0.1743044
vt 0.5993176 0.1450604
vt 0.61199 0.1401864
vt 0.6353852 0.1596824
vt 0.577872 0.161632
vt 0.5983428 0.07974869
vt 0.5768972 0.05927787
vt 0.5885948 0.0894967
vt 0.5690988 0.06415188
vt 0.5437539 0.04075666
vt 0.5418044 0.05245427
vt 0.5651996 0.04952987
vt 0.5690988 0.06415188
vt 0.5525271 0.03685745
vt 0.5525271 0.06902588
vt 0.5388799 0.06122747
vt 0.5388799 0.09437071
vt 0.5885948 0.0894967
vt 0.7104449 0.1830776
vt 0.7104449 0.1947752
vt 0.7182433 0.1791784
vt 0.7192181 0.1967248
vt 0.7143441 0.2045232
vt 0.7045961 0.1986744
vt 0.7182433 0.1791784
vt 0.6880245 0.1528588
vt 0.7104449 0.1830776
vt 0.6841253 0.1577328
vt 0.6753521 0.190876
vt 0.6851001 0.19575
vt 0.6724277 0.1694304
vt 0.6841253 0.1577328
vt 0.6851001 0.19575
vt 0.6909489 0.1996492
vt 0.6841253 0.1577328
vt 0.7045961 0.1986744
vt 0.7104449 0.1830776
vt 0.7104449 0.1947752
vt 0.6373348 0.2025736
vt 0.6568308 0.1976996
vt 0.6724277 0.1694304
vt 0.6753521 0.190876
vt 0.6519569 0.2025736
vt 0.6353852 0.1821028
vt 0.6295364 0.1986744
vt 0.6646293 0.1635816
vt 0.646108 0.1596824
vt 0.6295364 0.176254
vt 0.6012672 0.1392116
vt 0.5993176 0.1450604
vt 0.6129648 0.1353123
vt 0.61199 0.1401864
vt 0.5798216 0.1109423
vt 0.5807964 0.1226399
vt 0.5866452 0.1031439
vt 0.6002924 0.1187407
vt 0.5661744 0.1031439
vt 0.5788468 0.0953455
vt 0.5496027 0.0885219
vt 0.5418044 0.1021691
vt 0.5437539 0.1187407
vt 0.6012672 0.1392116
vt 0.6129648 0.1353123
vt 0.5788468 0.0953455
vt 0.5885948 0.0894967
vt 0.553502 0.07682429
vt 0.5993176 0.1450604
vt 0.577872 0.1284887
vt 0.577872 0.161632
vt 0.5603256 0.1362872
vt 0.577872 0.1284887
vt 0.5993176 0.1450604
vt 0.5807964 0.1226399
vt 0.6012672 0.1392116
vt 0.5525271 0.06902588
vt 0.553502 0.07682429
vt 0.5885948 0.0894967
vt 0.5661744 0.1031439
vt 0.5671492 0.1089927
vt 0.5798216 0.1109423
vt 0.5759224 0.1158163
vt 0.5807964 0.1226399
vt 0.6275868 0.1967248
vt 0.6110152 0.1918508
vt 0.6295364 0.1986744
vt 0.6227129 0.1743044
vt 0.6295364 0.1830776
vt 0.6295364 0.176254
vt 0.6353852 0.1821028
vt 0.6295364 0.1830776
vt 0.6275868 0.1967248
vt 0.6353852 0.1821028
vt 0.6295364 0.1986744
vt 0.6227129 0.1743044
vt 0.6295364 0.176254
vt 0.6353852 0.1596824
vt 0.5437539 0.1187407
vt 0.5525271 0.1226399
vt 0.5661744 0.1031439
vt 0.5671492 0.1089927
vt 0.5603256 0.1362872
vt 0.5759224 0.1158163
vt 0.5525271 0.1226399
vt 0.5671492 0.1089927
vt 0.5807964 0.1226399
vt 0.5603256 0.1362872
vt 0.577872 0.1284887
vt 0.5807964 0.1226399
vt 0.8400934 0.0904715
vt 0.8556902 0.0914463
vt 0.8498414 0.07584949
vt 0.8313202 0.08072349
vt 0.8527659 0.06707628
vt 0.8332698 0.06025267
vt 0.832295 0.09632031
vt 0.8361942 0.1011943
vt 0.8410682 0.1070431
vt 0.827421 0.07195028
vt 0.8244966 0.08072349
vt 0.8235218 0.07974869
vt 0.8196226 0.06610148
vt 0.827421 0.08559749
vt 0.8303455 0.0933959
vt 0.8313202 0.0933959
vt 0.832295 0.09632031
vt 0.8605642 0.06707628
vt 0.8235218 0.05635347
vt 0.8118242 0.05830307
vt 0.8088998 0.06707628
vt 0.8069502 0.06902588
vt 0.8088998 0.06805108
vt 0.8157234 0.05245427
vt 0.8410682 0.04952987
vt 0.8381438 0.04368106
vt 0.8488666 0.05147947
vt 0.846917 0.05537867
vt 0.8488666 0.05927787
vt 0.8088998 0.05147947
vt 0.8166982 0.02710944
vt 0.803051 0.03588265
vt 0.7952526 0.04173146
vt 0.827421 0.01833623
vt 0.7747818 0.04855506
vt 0.7991518 0.06220228
vt 0.7913534 0.07292508
vt 0.8352194 0.03198345
vt 0.8303455 0.04173146
vt 0.8050006 0.06512667
vt 0.798177 0.08169829
vt 0.8040258 0.07584949
vt 0.7942778 0.07682429
vt 0.7894038 0.0904715
vt 0.7825802 0.0904715
vt 0.778681 0.09632031
vt 0.7757566 0.09729511
vt 0.7669834 0.0875471
vt 0.793303 0.1002195
vt 0.7806306 0.1089927
vt 0.7757566 0.09729511
vt 0.7718574 0.1011943
vt 0.7669834 0.0875471
vt 0.798177 0.1109423
vt 0.7991518 0.1167911
vt 0.8050006 0.1138667
vt 0.812799 0.1187407
vt 0.8118242 0.1128919
vt 0.807925 0.1099675
vt 0.8069502 0.1041187
vt 0.8020762 0.09729511
vt 0.8157234 0.1080179
vt 0.8410682 0.1070431
vt 0.8215722 0.1031439
vt 0.8264462 0.0933959
vt 0.8157234 0.09437071
vt 0.812799 0.0924211
vt 0.8147486 0.0894967
vt 0.807925 0.1392116
vt 0.8157234 0.1382368
vt 0.8069502 0.0904715
vt 0.8040258 0.0846227
vt 0.798177 0.08169829
vt 0.8059754 0.0885219
vt 0.8059754 0.08559749
vt 0.798177 0.137262
vt 0.793303 0.1002195
vt 0.8361942 0.1011943
vt 0.832295 0.09632031
vt 0.8410682 0.1070431
vt 0.778681 0.09632031
vt 0.7757566 0.09729511
vt 0.7894038 0.0904715
vt 0.8439927 0.06025267
vt 0.8644634 0.04758026
vt 0.8595895 0.03393305
vt 0.8459423 0.02126064
vt 0.8634887 0.01931103
vt 0.8790855 0.04465586
vt 0.8196226 0.002739418
vt 0.807925 0.02321024
vt 0.783555 0.03003384
vt 0.8654383 0.09826991
vt 0.9707168 0.2035484
vt 0.9863136 0.1976996
vt 0.9716915 0.1869768
vt 0.9824144 0.215246
vt 0.9697419 0.2132964
vt 0.9687672 0.22012
vt 0.9619436 0.2113468
vt 0.97949 0.2220696
vt 0.9707168 0.2288932
vt 0.9921624 0.2288932
vt 0.9804648 0.2386412
vt 0.9619436 0.2220696
vt 0.9638932 0.2357168
vt 0.9619436 0.205498
vt 0.9541451 0.205498
vt 0.9531704 0.1947752
vt 0.9619436 0.1967248
vt 0.95512 0.1869768
vt 0.9638932 0.1635816
vt 0.9404979 0.1655312
vt 0.9443972 0.1821028
vt 0.9833892 0.1743044
vt 0.994112 0.1928256
vt 0.9219767 0.1782036
vt 0.9853387 0.176254
vt 0.9278255 0.1918508
vt 0.9443972 0.1938004
vt 0.9326995 0.2025736
vt 0.9239263 0.2093972
vt 0.9365987 0.215246
vt 0.9171027 0.2132964
vt 0.9258759 0.2181704
vt 0.9395231 0.2035484
vt 0.9112539 0.1938004
vt 0.9288003 0.2279184
vt 0.9434223 0.2288932
vt 0.9434223 0.2142712
vt 0.9443972 0.2035484
vt 0.9492711 0.2162208
vt 0.9541451 0.2259688
vt 0.9239263 0.229868
vt 0.9443972 0.2396161
vt 0.9502459 0.2464397
vt 0.9063799 0.2162208
vt 0.9180775 0.2327925
vt 0.9560947 0.2132964
vt 0.8995563 0.1284887
vt 0.9024807 0.1460352
vt 0.9093043 0.1343375
vt 0.9083295 0.1479848
vt 0.9015059 0.1236147
vt 0.8937075 0.1197155
vt 0.8956571 0.1138667
vt 0.9073547 0.1206903
vt 0.9141783 0.132388
vt 0.8917579 0.1333628
vt 0.8907831 0.1411612
vt 0.8859091 0.1197155
vt 0.8810351 0.1148415
vt 0.871287 0.1216651
vt 0.8800603 0.1294635
vt 0.8800603 0.1392116
vt 0.8868839 0.1255643
vt 0.876161 0.1255643
vt 0.8732367 0.1382368
vt 0.9044303 0.1021691
vt 0.9102791 0.1109423
vt 0.9239263 0.1411612
vt 0.9112539 0.1557832
vt 0.9249011 0.161632
vt 0.8859091 0.09924471
vt 0.876161 0.1041187
vt 0.8566651 0.1167911
vt 0.8556902 0.142136
vt 0.8673878 0.142136
vt 0.9044303 0.1606572
vt 0.8995563 0.1538336
vt 0.8888335 0.1509092
vt 0.9122287 0.1840524
vt 0.8664131 0.151884
vt 0.8586146 0.161632
vt 0.8781106 0.1557832
vt 0.8781106 0.1460352
vt 0.8615391 0.1743044
vt 0.8400934 0.1479848
vt 0.851791 0.1850272
vt 0.8849343 0.1986744
vt 0.8820099 0.1840524
vt 0.8985815 0.19575
vt 0.9015059 0.1752792
vt 0.8907831 0.161632
vt 0.8907831 0.161632
vt 0.8781106 0.1557832
vt 0.8732367 0.1382368
vt 0.807925 0.234742
vt 0.803051 0.2474145
vt 0.822547 0.2269436
vt 0.8293706 0.2415657
vt 0.7972022 0.234742
vt 0.7767314 0.2396161
vt 0.8059754 0.22012
vt 0.8137738 0.2171956
vt 0.8196226 0.2142712
vt 0.7942778 0.22012
vt 0.7825802 0.2162208
vt 0.7582102 0.200624
vt 0.773807 0.2015988
vt 0.7728322 0.190876
vt 0.8147486 0.2025736
vt 0.8098746 0.2074476
vt 0.8059754 0.2074476
vt 0.7991518 0.2035484
vt 0.7767314 0.186002
vt 0.7942778 0.1986744
vt 0.7816054 0.1938004
vt 0.773807 0.1850272
vt 0.7855046 0.1918508
vt 0.8088998 0.2045232
vt 0.7903786 0.1899012
vt 0.7942778 0.1947752
vt 0.7903786 0.1889264
vt 0.7991518 0.200624
vt 0.8137738 0.200624
vt 0.7864794 0.1899012
vt 0.7913534 0.1879516
vt 0.7825802 0.1899012
vt 0.7689329 0.1821028
vt 0.778681 0.1840524
vt 0.783555 0.1850272
vt 0.7767314 0.1645564
vt 0.7913534 0.1704052
vt 0.807925 0.1606572
vt 0.7942778 0.1596824
vt 0.8050006 0.1704052
vt 0.798177 0.1733296
vt 0.7952526 0.1772288
vt 0.8040258 0.1830776
vt 0.8137738 0.1606572
vt 0.803051 0.1499344
vt 0.8050006 0.1460352
vt 0.798177 0.1460352
vt 0.7972022 0.1538336
vt 0.8108494 0.1723548
vt 0.812799 0.1694304
vt 0.8137738 0.1704052
vt 0.8166982 0.1743044
vt 0.8186478 0.161632
vt 0.8254714 0.186002
vt 0.822547 0.186002
vt 0.8264462 0.1947752
vt 0.8400934 0.19575
vt 0.8283958 0.2113468
vt 0.8215722 0.2015988
vt 0.8439927 0.176254
vt 0.8215722 0.1976996
vt 0.8088998 0.190876
vt 0.8498414 0.210372
vt 0.8381438 0.2191452
vt 0.7913534 0.1821028
vt 0.9210019 0.0894967
vt 0.9063799 0.09632031
vt 0.9219767 0.1011943
vt 0.9365987 0.1148415
vt 0.9434223 0.1128919
vt 0.9356239 0.1021691
vt 0.9521955 0.1148415
vt 0.9414727 0.09826991
vt 0.9307499 0.08072349
vt 0.9521955 0.1187407
vt 0.9385483 0.132388
vt 0.95512 0.1343375
vt 0.9697419 0.1294635
vt 0.9658428 0.1128919
vt 0.9824144 0.0953455
vt 0.9804648 0.1167911
vt 0.9950868 0.0885219
vt 0.9882632 0.07584949
vt 0.994112 0.04952987
vt 0.9814396 0.07974869
vt 0.9687672 0.09437071
vt 0.9580444 0.1119171
vt 0.9541451 0.1119171
vt 0.9531704 0.1041187
vt 0.9755908 0.06707628
vt 0.9775404 0.05147947
vt 0.9668176 0.07292508
vt 0.9580444 0.0846227
vt 0.9512208 0.0875471
vt 0.9521955 0.09437071
vt 0.9443972 0.0865723
vt 0.9473215 0.07877389
vt 0.9560947 0.07779909
vt 0.9707168 0.04563066
vt 0.9775404 0.03393305
vt 0.9668176 0.03393305
vt 0.9609687 0.05147947
vt 0.97949 0.01638663
vt 0.9560947 0.006638621
vt 0.9560947 0.03588265
vt 0.9609687 0.05147947
vt 0.9453719 0.04368106
vt 0.9385483 0.03100864
vt 0.8976067 0.04075666
vt 0.9210019 0.04173146
vt 0.9346491 0.05245427
vt 0.9161279 0.04952987
vt 0.9356239 0.06122747
vt 0.9404979 0.05927787
vt 0.9288003 0.06220228
vt 0.9219767 0.07292508
vt 0.9132035 0.07682429
vt 0.9307499 0.08072349
vt 0.9473215 0.06025267
vt 0.9609687 0.05147947
vt 0.9453719 0.04368106
vt 0.9609687 0.05147947
vt 0.04660546 0.8313202
vt 0.07097548 0.8293706
vt 0.04758026 0.7825802
vt 0.07195028 0.7855046
vt 0.02905904 0.8147486
vt 0.02905904 0.798177
vt 0.08169829 0.7991518
vt 0.08072349 0.8157234
vt 0.1392116 0.7952526
vt 0.1392116 0.8293706
vt 0.1694304 0.7952526
vt 0.1694304 0.8293706
vt 0.1392116 0.8644634
vt 0.1694304 0.8644634
vt 0.1694304 0.7718574
vt 0.1392116 0.7718574
vt 0.1694304 0.7523614
vt 0.1392116 0.7523614
vt 0.1392116 0.8927327
vt 0.1694304 0.8927327
vt 0.1392116 0.9288003
vt 0.1694304 0.9288003
vt 0.1392116 0.959994
vt 0.1694304 0.959994
vt 0.1392116 0.9911876
vt 0.1694304 0.9911876
vt 0.1031439 0.8790855
vt 0.1011943 0.8683627
vt 0.09826991 0.8888335
vt 0.0885219 0.8937075
vt 0.07389989 0.8888335
vt 0.0885219 0.8595895
vt 0.06805108 0.8732367
vt 0.07292508 0.8634887
vt 0.176254 0.9083295
vt 0.176254 0.9336743
vt 0.2045232 0.9083295
vt 0.2045232 0.9336743
vt 0.176254 0.9619436
vt 0.2045232 0.9619436
vt 0.176254 0.9931372
vt 0.2045232 0.9931372
vt 0.2045232 0.8751863
vt 0.176254 0.8751863
vt 0.2045232 0.842043
vt 0.176254 0.842043
vt 0.2045232 0.8147486
vt 0.176254 0.8147486
vt 0.2045232 0.7825802
vt 0.176254 0.7825802
vt 0.2045232 0.7533361
vt 0.176254 0.7533361
vt 0.2415657 0.9736412
vt 0.2415657 0.9473215
vt 0.2288932 0.9736412
vt 0.2288932 0.9473215
vt 0.2288932 0.9960616
vt 0.2415657 0.9960616
vt 0.2415657 0.9268507
vt 0.2288932 0.9268507
vt 0.2415657 0.9015059
vt 0.2288932 0.9015059
vt 0.2415657 0.8781106
vt 0.2288932 0.8781106
vt 0.2415657 0.8478919
vt 0.2288932 0.8478919
vt 0.2415657 0.827421
vt 0.2288932 0.827421
vt 0.2415657 0.803051
vt 0.2288932 0.803051
vt 0.2415657 0.7816054
vt 0.2288932 0.7816054
vt 0.2415657 0.7552857
vt 0.2288932 0.7552857
vt 0.001764617 0.8166982
vt 0.01736143 0.8459423
vt 0.01541183 0.8137738
vt 0.02613464 0.8361942
vt 0.01833623 0.7894038
vt 0.006638621 0.783555
vt 0.03490785 0.7718574
vt 0.02808424 0.7601597
vt 0.05635347 0.7669834
vt 0.05830307 0.7533361
vt 0.07877389 0.7747818
vt 0.0875471 0.7640589
vt 0.0914463 0.7942778
vt 0.1050935 0.7903786
vt 0.0894967 0.822547
vt 0.1021691 0.8283958
vt 0.07000068 0.8430178
vt 0.07584949 0.8556902
vt 0.04660546 0.8459423
vt 0.04465586 0.8595895
vt 0.224994 0.7903786
vt 0.224994 0.7679582
vt 0.2084224 0.7903786
vt 0.2084224 0.7679582
vt 0.2084224 0.8118242
vt 0.224994 0.8118242
vt 0.224994 0.7523614
vt 0.2084224 0.7523614
vt 0.2084224 0.8264462
vt 0.224994 0.8264462
vt 0.2084224 0.8508162
vt 0.224994 0.8508162
vt 0.2084224 0.8751863
vt 0.224994 0.8751863
vt 0.2084224 0.8937075
vt 0.2084224 0.9141783
vt 0.2240192 0.8937075
vt 0.2240192 0.9141783
vt 0.2240192 0.8800603
vt 0.2084224 0.8800603
vt 0.2084224 0.9356239
vt 0.2240192 0.9356239
vt 0.2084224 0.9531704
vt 0.2240192 0.9531704
vt 0.2084224 0.9716915
vt 0.2240192 0.9716915
vt 0.2084224 0.9950868
vt 0.2240192 0.9950868
vt 0.1070431 0.8537406
vt 0.1070431 0.8810351
vt 0.1197155 0.8537406
vt 0.1197155 0.8810351
vt 0.1197155 0.8264462
vt 0.1070431 0.8264462
vt 0.1197155 0.8011014
vt 0.1070431 0.8011014
vt 0.1197155 0.7767314
vt 0.1070431 0.7767314
vt 0.1197155 0.7523614
vt 0.1070431 0.7523614
vt 0.1070431 0.9063799
vt 0.1197155 0.9063799
vt 0.1070431 0.9346491
vt 0.1197155 0.9346491
vt 0.1070431 0.9658428
vt 0.1197155 0.9658428
vt 0.1070431 0.9960616
vt 0.1197155 0.9960616
vt 0.04563066 0.9726664
vt 0.02905904 0.9609687
vt 0.04075666 0.9921624
vt 0.01346223 0.9736412
vt 0.02126064 0.9424475
vt 0.001764617 0.9434223
vt 0.02613464 0.9239263
vt 0.009563024 0.9132035
vt 0.03978185 0.9112539
vt 0.03198345 0.8937075
vt 0.05830307 0.9093043
vt 0.06220228 0.8888335
vt 0.07487468 0.9171027
vt 0.0894967 0.9024807
vt 0.0846227 0.9385483
vt 0.1041187 0.9365987
vt 0.07877389 0.9609687
vt 0.0953455 0.9726664
vt 0.06415188 0.9716915
vt 0.07097548 0.9902128
vt 0.1226399 0.9482963
vt 0.1226399 0.9726664
vt 0.1314131 0.9482963
vt 0.1314131 0.9726664
vt 0.1226399 0.9950868
vt 0.1314131 0.9950868
vt 0.1314131 0.9229515
vt 0.1226399 0.9229515
vt 0.1314131 0.8995563
vt 0.1226399 0.8995563
vt 0.1314131 0.8751863
vt 0.1226399 0.8751863
vt 0.1314131 0.846917
vt 0.1226399 0.846917
vt 0.1314131 0.8205974
vt 0.1226399 0.8205974
vt 0.1314131 0.8001266
vt 0.1226399 0.8001266
vt 0.1314131 0.7767314
vt 0.1226399 0.7767314
vt 0.1314131 0.7513865
vt 0.1226399 0.7513865
vt 0.06805108 0.9190523
vt 0.05342907 0.9132035
vt 0.03100864 0.9288003
vt 0.03978185 0.9171027
vt 0.07682429 0.9317247
vt 0.03003384 0.9463468
vt 0.04173146 0.959994
vt 0.07682429 0.9453719
vt 0.06902588 0.9570696
vt 0.05537867 0.9629183
vt 0.7075205 0.4072818
vt 0.7250669 0.4072818
vt 0.7075205 0.3117513
vt 0.7250669 0.3117513
vt 0.5018375 0.4043574
vt 0.5018375 0.3585418
vt 0.5642248 0.4043574
vt 0.5642248 0.3585418
vt 0.6032168 0.4043574
vt 0.6032168 0.3585418
vt 0.6753521 0.4043574
vt 0.6753521 0.3585418
vt 0.621738 0.4589463
vt 0.5642248 0.4589463
vt 0.621738 0.4072818
vt 0.5642248 0.4072818
vt 0.670478 0.4072818
vt 0.670478 0.4589463
vt 0.7075205 0.2942049
vt 0.7075205 0.4072818
vt 0.7250669 0.2942049
vt 0.7250669 0.4072818
vt 0.6353852 0.4043574
vt 0.5632499 0.4043574
vt 0.6353852 0.3585418
vt 0.5632499 0.3585418
vt 0.6178388 0.4072818
vt 0.6724277 0.4072818
vt 0.6178388 0.4589463
vt 0.6724277 0.4589463
vt 0.5642248 0.4072818
vt 0.5642248 0.4589463
vt 0.7250669 0.2513137
vt 0.7075205 0.2513137
vt 0.7250669 0.4072818
vt 0.7075205 0.4072818
vt 0.6353852 0.4043574
vt 0.5632499 0.4043574
vt 0.6353852 0.3585418
vt 0.5632499 0.3585418
vt 0.7075205 0.2561877
vt 0.7075205 0.4072818
vt 0.7250669 0.2561877
vt 0.7250669 0.4072818
vt 0.5632499 0.3585418
vt 0.6353852 0.3585418
vt 0.5632499 0.4043574
vt 0.6353852 0.4043574
vt 0.5037871 0.4589463
vt 0.5037871 0.4072818
vt 0.5837208 0.4589463
vt 0.5837208 0.4072818
vt 0.7075205 0.2513137
vt 0.7075205 0.4072818
vt 0.7250669 0.2513137
vt 0.7250669 0.4072818
vt 0.5574012 0.3585418
vt 0.5018375 0.3585418
vt 0.5574012 0.4043574
vt 0.5018375 0.4043574
vt 0.5807964 0.4589463
vt 0.5807964 0.4072818
vt 0.5037871 0.4589463
vt 0.5037871 0.4072818
vt 0.5632499 0.4043574
vt 0.6353852 0.4043574
vt 0.5632499 0.3585418
vt 0.6353852 0.3585418
vt 0.6178388 0.4072818
vt 0.5642248 0.4072818
vt 0.6178388 0.4589463
vt 0.5642248 0.4589463
vt 0.6714529 0.4072818
vt 0.6714529 0.4589463
vt 0.7075205 0.2513137
vt 0.7250669 0.4072818
vt 0.7250669 0.2513137
vt 0.7075205 0.4072818
vt 0.6353852 0.3585418
vt 0.5632499 0.3585418
vt 0.6353852 0.4043574
vt 0.5632499 0.4043574
vt 0.5037871 0.4589463
vt 0.5837208 0.4589463
vt 0.5037871 0.4072818
vt 0.5837208 0.4072818
vt 0.7250669 0.2513137
vt 0.7075205 0.2513137
vt 0.7250669 0.4072818
vt 0.7075205 0.4072818
vt 0.6353852 0.3585418
vt 0.5632499 0.3585418
vt 0.6353852 0.4043574
vt 0.5632499 0.4043574
vt 0.5037871 0.4589463
vt 0.5837208 0.4589463
vt 0.5037871 0.4072818
vt 0.5837208 0.4072818
vt 0.7250669 0.4072818
vt 0.7250669 0.2542381
vt 0.7075205 0.4072818
vt 0.7075205 0.2542381
vt 0.5632499 0.4043574
vt 0.6353852 0.4043574
vt 0.5632499 0.3585418
vt 0.6353852 0.3585418
vt 0.7075205 0.2532633
vt 0.7250669 0.4072818
vt 0.7250669 0.2532633
vt 0.7075205 0.4072818
vt 0.6353852 0.4043574
vt 0.6353852 0.3585418
vt 0.5632499 0.4043574
vt 0.5632499 0.3585418
vt 0.5037871 0.4589463
vt 0.5759224 0.4589463
vt 0.5037871 0.4072818
vt 0.5759224 0.4072818
vt 0.7075205 0.2552129
vt 0.7075205 0.4072818
vt 0.7250669 0.2552129
vt 0.7250669 0.4072818
vt 0.7250669 0.4072818
vt 0.7075205 0.2669105
vt 0.7075205 0.4072818
vt 0.7250669 0.2669105
vt 0.7055709 0.3604914
vt 0.6773017 0.3604914
vt 0.7055709 0.4872155
vt 0.6773017 0.4872155
vt 0.7006969 0.3604914
vt 0.7006969 0.4872155
vt 0.7055709 0.3604914
vt 0.7055709 0.4872155
vt 0.7055709 0.3604914
vt 0.6773017 0.3604914
vt 0.7055709 0.4872155
vt 0.6773017 0.4872155
vt 0.6500072 0.4852659
vt 0.6451333 0.4852659
vt 0.6646293 0.4657699
vt 0.6275868 0.4657699
vt 0.6451333 0.4852659
vt 0.6500072 0.4852659
vt 0.6275868 0.4657699
vt 0.6646293 0.4657699
vt 0.5018375 0.4647951
vt 0.5018375 0.4989131
vt 0.616864 0.4647951
vt 0.616864 0.4989131
vt 0.5768972 0.4092314
vt 0.5632499 0.4092314
vt 0.5768972 0.4540723
vt 0.5632499 0.4540723
vt 0.5632499 0.4092314
vt 0.5632499 0.4540723
vt 0.5768972 0.4092314
vt 0.5768972 0.4540723
vt 0.5759224 0.4092314
vt 0.5632499 0.4092314
vt 0.5759224 0.4540723
vt 0.5632499 0.4540723
vt 0.5632499 0.4092314
vt 0.5632499 0.4540723
vt 0.5759224 0.4092314
vt 0.5759224 0.4540723
vt 0.6578057 0.3682898
vt 0.5174343 0.3682898
vt 0.6578057 0.3829118
vt 0.5174343 0.3829118
vt 0.5174343 0.3848614
vt 0.6578057 0.3848614
vt 0.5174343 0.3663402
vt 0.6578057 0.3663402
vt 0.5174343 0.3848614
vt 0.6578057 0.3848614
vt 0.5174343 0.3663402
vt 0.6578057 0.3663402
vt 0.6236876 0.4989131
vt 0.7318905 0.4989131
vt 0.6236876 0.4891651
vt 0.7318905 0.4891651
vt 0.6295364 0.4979383
vt 0.7270165 0.4979383
vt 0.6295364 0.4901399
vt 0.7270165 0.4901399
vt 0.6295364 0.4979383
vt 0.7270165 0.4979383
vt 0.6295364 0.4901399
vt 0.7270165 0.4901399
vt 0.7084953 0.4511479
vt 0.7309157 0.4511479
vt 0.7084953 0.411181
vt 0.7309157 0.411181
vt 0.7104449 0.4511479
vt 0.7104449 0.411181
vt 0.7084953 0.4511479
vt 0.7084953 0.411181
vt 0.7104449 0.411181
vt 0.7084953 0.411181
vt 0.7104449 0.4511479
vt 0.7084953 0.4511479
vt 0.7084953 0.4511479
vt 0.7309157 0.4511479
vt 0.7084953 0.411181
vt 0.7309157 0.411181
vt 0.7084953 0.4511479
vt 0.7309157 0.4511479
vt 0.7084953 0.411181
vt 0.7309157 0.411181
vt 0.7084953 0.4511479
vt 0.7309157 0.4511479
vt 0.7084953 0.411181
vt 0.7309157 0.411181
vt 0.5632499 0.4092314
vt 0.5632499 0.4540723
vt 0.5759224 0.4092314
vt 0.5759224 0.4540723
vt 0.5632499 0.4092314
vt 0.5632499 0.4540723
vt 0.5768972 0.4092314
vt 0.5768972 0.4540723
vt 0.5632499 0.4092314
vt 0.5632499 0.4540723
vt 0.5759224 0.4092314
vt 0.5759224 0.4540723
vt 0.5632499 0.4092314
vt 0.5632499 0.4540723
vt 0.5768972 0.4092314
vt 0.5768972 0.4540723
vt 0.602242 0.3585418
vt 0.6032168 0.4043574
vt 0.6753521 0.3585418
vt 0.6753521 0.4043574
vt 0.7250669 0.3458694
vt 0.7250669 0.2542381
vt 0.7075205 0.3458694
vt 0.7075205 0.2542381
vt 0.5574012 0.4589463
vt 0.558376 0.4072818
vt 0.6383097 0.4589463
vt 0.6383097 0.4072818
vt 0.1333628 0.1850272
vt 0.1333628 0.186002
vt 0.1596824 0.1850272
vt 0.1587076 0.186002
vt 0.1333628 0.1850272
vt 0.1216651 0.1976996
vt 0.1333628 0.186002
vt 0.1216651 0.1976996
vt 0.1216651 0.2181704
vt 0.1216651 0.2181704
vt 0.1333628 0.229868
vt 0.1333628 0.2308428
vt 0.1333628 0.229868
vt 0.1333628 0.2308428
vt 0.1587076 0.229868
vt 0.1596824 0.2308428
vt 0.1596824 0.1850272
vt 0.1587076 0.186002
vt 0.17138 0.1976996
vt 0.1704052 0.1976996
vt 0.17138 0.2181704
vt 0.1704052 0.2181704
vt 0.1587076 0.229868
vt 0.1596824 0.2308428
vt 0.2396161 0.14701
vt 0.2366917 0.1431108
vt 0.2396161 0.1704052
vt 0.2366917 0.1723548
vt 0.1772288 0.1772288
vt 0.1772288 0.1304383
vt 0.2366917 0.1216651
vt 0.1996492 0.1128919
vt 0.2074476 0.1041187
vt 0.2366917 0.1041187
vt 0.1801532 0.2162208
vt 0.1723548 0.181128
vt 0.2435153 0.1840524
vt 0.2464397 0.1947752
vt 0.2474145 0.2093972
vt 0.2474145 0.2181704
vt 0.2444901 0.2386412
vt 0.2444901 0.2337672
vt 0.2084224 0.2386412
vt 0.2084224 0.2337672
vt 0.2084224 0.2386412
vt 0.2084224 0.2337672
vt 0.2015988 0.2386412
vt 0.2015988 0.2337672
vt 0.2015988 0.2386412
vt 0.2015988 0.2337672
vt 0.1411612 0.2386412
vt 0.1411612 0.2337672
vt 0.1392116 0.2435153
vt 0.1255643 0.2435153
vt 0.1392116 0.2483893
vt 0.1255643 0.2483893
vt 0.181128 0.2483893
vt 0.181128 0.2435153
vt 0.1392116 0.2483893
vt 0.1392116 0.2435153
vt 0.1967248 0.2435153
vt 0.1967248 0.2483893
vt 0.2142712 0.2435153
vt 0.2142712 0.2483893
vt 0.234742 0.2435153
vt 0.234742 0.2483893
vt 0.07389989 0.2483893
vt 0.07389989 0.2435153
vt 0.04075666 0.2483893
vt 0.04075666 0.2435153
vt 0.01443703 0.2483893
vt 0.01443703 0.2435153
vt 0.001764617 0.2483893
vt 0.001764617 0.2435153
vt 0.2210948 0.2279184
vt 0.2210948 0.2230444
vt 0.2025736 0.2279184
vt 0.2025736 0.2230444
vt 0.2435153 0.2230444
vt 0.2435153 0.2279184
vt 0.1830776 0.2279184
vt 0.08072349 0.2483893
vt 0.08072349 0.2435153
vt 0.07389989 0.2483893
vt 0.07389989 0.2435153
vt 0.1255643 0.2483893
vt 0.1255643 0.2435153
vt 0.08072349 0.2483893
vt 0.08072349 0.2435153
vt 0.07195028 0.1362872
vt 0.01248743 0.190876
vt 0.07195028 0.200624
vt 0.00468902 0.2113468
vt 0.008588224 0.1596824
vt 0.001764617 0.1548084
vt 0.001764617 0.1265391
vt 0.00468902 0.1167911
vt 0.009563024 0.1060683
vt 0.01833623 0.09632031
vt 0.02321024 0.09437071
vt 0.008588224 0.1889264
vt 0.06902588 0.2376664
vt 0.001764617 0.2279184
vt 0.0007898156 0.2357168
vt 0.07682429 0.205498
vt 0.1333628 0.186002
vt 0.1216651 0.1976996
vt 0.1587076 0.186002
vt 0.1704052 0.1976996
vt 0.1704052 0.2181704
vt 0.1216651 0.2181704
vt 0.1587076 0.229868
vt 0.1333628 0.229868
vt 0.2357168 0.06025267
vt 0.2279184 0.04758026
vt 0.2181704 0.08364789
vt 0.2084224 0.07584949
vt 0.181128 0.09826991
vt 0.1879516 0.1089927
vt 0.1538336 0.1119171
vt 0.1577328 0.1236147
vt 0.1314131 0.1284887
vt 0.1314131 0.1167911
vt 0.2357168 0.02710944
vt 0.2483893 0.03198345
vt 0.1148415 0.1167911
vt 0.1138667 0.1284887
vt 0.0875471 0.1236147
vt 0.0914463 0.1119171
vt 0.06512667 0.09924471
vt 0.05830307 0.1099675
vt 0.03685745 0.07584949
vt 0.02710944 0.08364789
vt 0.01736143 0.04855506
vt 0.00566382 0.05342907
vt 0.008588224 0.02808424
vt 0.2483893 0.001764617
vt 0.2357168 0.001764617
vt 0.0007898156 0.02905904
vt 0.0007898156 0.001764617
vt 0.008588224 0.001764617
vt 0.0875471 0.1918508
vt 0.1158163 0.1918508
vt 0.0875471 0.156758
vt 0.1158163 0.156758
vt 0.1070431 0.1489596
vt 0.1138667 0.1362872
vt 0.1070431 0.1353123
vt 0.0826731 0.1343375
vt 0.0826731 0.1489596
vt 0.1021691 0.1343375
vt 0.1021691 0.1489596
vt 0.1216651 0.1479848
vt 0.1216651 0.1353123
vt 0.1148415 0.1353123
vt 0.1655312 0.151884
vt 0.1294635 0.151884
vt 0.1655312 0.1821028
vt 0.1294635 0.1821028
vt 0.2308428 0.07292508
vt 0.2308428 0.09632031
vt 0.2483893 0.07682429
vt 0.2483893 0.0924211
vt 0.1080179 0.1967248
vt 0.1080179 0.210372
vt 0.1080179 0.1967248
vt 0.1138667 0.1996492
vt 0.08364789 0.215246
vt 0.07682429 0.2171956
vt 0.08364789 0.2386412
vt 0.0875471 0.215246
vt 0.0875471 0.2376664
vt 0.0953455 0.215246
vt 0.0953455 0.2376664
vt 0.1440856 0.1382368
vt 0.1450604 0.1382368
vt 0.1440856 0.1304383
vt 0.1450604 0.1304383
vt 0.1450604 0.1382368
vt 0.1655312 0.1382368
vt 0.1450604 0.1304383
vt 0.1655312 0.1304383
vt 0.1440856 0.1411612
vt 0.1431108 0.142136
vt 0.1645564 0.1411612
vt 0.1626068 0.1479848
vt 0.008588224 0.02808424
vt 0.2357168 0.02710944
vt 0.05732827 0.001764617
vt 0.1879516 0.001764617
vt 0.2279184 0.04758026
vt 0.01736143 0.04855506
vt 0.2084224 0.07584949
vt 0.03685745 0.07584949
vt 0.06512667 0.09924471
vt 0.181128 0.09826991
vt 0.1538336 0.1119171
vt 0.0914463 0.1119171
vt 0.1148415 0.1167911
vt 0.1314131 0.1167911
vt 0.2357168 0.001764617
vt 0.008588224 0.001764617
vt 0.08072349 0.2093972
vt 0.09729511 0.2093972
vt 0.08072349 0.1967248
vt 0.09729511 0.1967248
vt 0.1050935 0.210372
vt 0.1050935 0.1967248
vt 0.1002195 0.1996492
vt 0.2483893 0.07195028
vt 0.234742 0.06805108
vt 0.2483893 0.07682429
vt 0.2308428 0.07292508
vt 0.1158163 0.2327925
vt 0.1138667 0.2181704
vt 0.1099675 0.2337672
vt 0.1128919 0.2181704
vt 0.2337672 0.06805108
vt 0.2308428 0.07292508
vt 0.234742 0.06805108
vt 0.2308428 0.07292508
vt 0.234742 0.1011943
vt 0.2483893 0.09729511
vt 0.2308428 0.09632031
vt 0.2483893 0.0924211
vt 0.09826991 0.2191452
vt 0.09826991 0.2337672
vt 0.09924471 0.2191452
vt 0.1041187 0.2337672
vt 0.2308428 0.09632031
vt 0.2337672 0.1011943
vt 0.2308428 0.09632031
vt 0.234742 0.1011943
vt 0.2025736 0.2279184
vt 0.1830776 0.2279184
vt 0.2025736 0.2230444
vt 0.006638621 0.548628
vt 0.02223544 0.548628
vt 0.006638621 0.5037871
vt 0.02223544 0.5037871
vt 0.04660546 0.548628
vt 0.04660546 0.5037871
vt 0.06610148 0.548628
vt 0.06610148 0.5037871
vt 0.0904715 0.548628
vt 0.0894967 0.5037871
vt 0.1119171 0.548628
vt 0.1119171 0.5037871
vt 0.1362872 0.5232831
vt 0.1362872 0.548628
vt 0.1577328 0.5232831
vt 0.1577328 0.548628
vt 0.1362872 0.5037871
vt 0.2454649 0.5037871
vt 0.2454649 0.5232831
vt 0.1782036 0.5037871
vt 0.1782036 0.5232831
vt 0.2454649 0.5037871
vt 0.2454649 0.5232831
vt 0.2386412 0.5232831
vt 0.2454649 0.5232831
vt 0.2386412 0.5037871
vt 0.2454649 0.5037871
vt 0.2386412 0.5232831
vt 0.2386412 0.5037871
vt 0.190876 0.5232831
vt 0.190876 0.5037871
vt 0.1245895 0.6753521
vt 0.1245895 0.6431836
vt 0.03295825 0.6753521
vt 0.03295825 0.6431836
vt 0.1245895 0.6753521
vt 0.07389989 0.6431836
vt 0.03295825 0.6753521
vt 0.03295825 0.6431836
vt 0.1245895 0.6178388
vt 0.07389989 0.6178388
vt 0.1245895 0.6753521
vt 0.1245895 0.6431836
vt 0.06317708 0.6753521
vt 0.06317708 0.6431836
vt 0.06707628 0.621738
vt 0.06707628 0.6110152
vt 0.02613464 0.621738
vt 0.00468902 0.6110152
vt 0.02613464 0.6821757
vt 0.00468902 0.6987473
vt 0.1450604 0.6987473
vt 0.1177659 0.6821757
vt 0.04952987 0.6402593
vt 0.05635347 0.6402593
vt 0.04952987 0.6256372
vt 0.05635347 0.6256372
vt 0.06805108 0.6246624
vt 0.06805108 0.6392844
vt 0.06122747 0.6246624
vt 0.06122747 0.6392844
vt 0.05635347 0.6256372
vt 0.05635347 0.6402593
vt 0.04952987 0.6256372
vt 0.04952987 0.6402593
vt 0.06122747 0.6246624
vt 0.06122747 0.6392844
vt 0.06805108 0.6246624
vt 0.06805108 0.6392844
vt 0.1879516 0.6353852
vt 0.1879516 0.6295364
vt 0.181128 0.6353852
vt 0.181128 0.6295364
vt 0.06122747 0.6246624
vt 0.06122747 0.6392844
vt 0.06805108 0.6246624
vt 0.06805108 0.6392844
vt 0.04952987 0.6256372
vt 0.04952987 0.6402593
vt 0.05635347 0.6256372
vt 0.05635347 0.6402593
vt 0.06805108 0.6246624
vt 0.06805108 0.6392844
vt 0.06122747 0.6246624
vt 0.06122747 0.6392844
vt 0.05635347 0.6256372
vt 0.05635347 0.6402593
vt 0.04952987 0.6256372
vt 0.04952987 0.6402593
vt 0.1879516 0.6353852
vt 0.1879516 0.6295364
vt 0.181128 0.6353852
vt 0.181128 0.6295364
vt 0.06122747 0.6246624
vt 0.06122747 0.6392844
vt 0.06805108 0.6246624
vt 0.06805108 0.6392844
vt 0.04952987 0.6256372
vt 0.04952987 0.6402593
vt 0.05635347 0.6256372
vt 0.05635347 0.6402593
vt 0.06805108 0.6246624
vt 0.06805108 0.6392844
vt 0.06122747 0.6246624
vt 0.06122747 0.6392844
vt 0.05635347 0.6256372
vt 0.05635347 0.6402593
vt 0.04952987 0.6256372
vt 0.04952987 0.6402593
vt 0.1879516 0.6295364
vt 0.181128 0.6295364
vt 0.1879516 0.6353852
vt 0.181128 0.6353852
vt 0.07974869 0.7465125
vt 0.07974869 0.7270165
vt 0.04758026 0.7465125
vt 0.04758026 0.7270165
vt 0.02126064 0.7465125
vt 0.02126064 0.7270165
vt 0.003714219 0.7465125
vt 0.003714219 0.7270165
vt 0.09729511 0.7270165
vt 0.09729511 0.7465125
vt 0.1177659 0.7270165
vt 0.1177659 0.7465125
vt 0.1431108 0.7270165
vt 0.1431108 0.7465125
vt 0.1587076 0.7270165
vt 0.1587076 0.7465125
vt 0.1635816 0.7026465
vt 0.1635816 0.7221425
vt 0.2454649 0.7026465
vt 0.2454649 0.7221425
vt 0.1976996 0.7279913
vt 0.1976996 0.7465125
vt 0.2464397 0.7279913
vt 0.2464397 0.7465125
vt 0.1635816 0.7026465
vt 0.1635816 0.7221425
vt 0.2454649 0.7026465
vt 0.2454649 0.7221425
vt 0.2454649 0.5476531
vt 0.2454649 0.5291319
vt 0.215246 0.5476531
vt 0.215246 0.5291319
vt 0.2464397 0.572998
vt 0.2464397 0.5544767
vt 0.1265391 0.572998
vt 0.1265391 0.5544767
vt 0.2464397 0.572998
vt 0.2464397 0.5544767
vt 0.1265391 0.572998
vt 0.1265391 0.5544767
vt 0.2113468 0.5476531
vt 0.2113468 0.5291319
vt 0.1801532 0.5476531
vt 0.1801532 0.5291319
vt 0.1577328 0.6441584
vt 0.156758 0.6305112
vt 0.1304383 0.6441584
vt 0.1304383 0.6305112
vt 0.1626068 0.626612
vt 0.1645564 0.6470829
vt 0.1684556 0.626612
vt 0.17138 0.6451333
vt 0.176254 0.6373348
vt 0.1743044 0.6314861
vt 0.07389989 0.7211677
vt 0.07389989 0.7045961
vt 0.04660546 0.7211677
vt 0.04660546 0.7045961
vt 0.02515984 0.7211677
vt 0.02515984 0.7045961
vt 0.09632031 0.7045961
vt 0.09632031 0.7211677
vt 0.1187407 0.7211677
vt 0.1187407 0.7045961
vt 0.1411612 0.7045961
vt 0.1411612 0.7211677
vt 0.1548084 0.7211677
vt 0.1548084 0.7045961
vt 0.003714219 0.7211677
vt 0.003714219 0.7045961
vt 0.2220696 0.6763269
vt 0.2454649 0.6977725
vt 0.1431108 0.6763269
vt 0.151884 0.6977725
vt 0.2279184 0.6763269
vt 0.2220696 0.6763269
vt 0.2454649 0.6977725
vt 0.2279184 0.6763269
vt 0.151884 0.6977725
vt 0.1431108 0.6763269
vt 0.01931103 0.5944436
vt 0.03295825 0.5798216
vt 0.132388 0.5944436
vt 0.1197155 0.5798216
vt 0.007613422 0.5895696
vt 0.02515984 0.5798216
vt 0.007613422 0.5544767
vt 0.02515984 0.5622752
vt 0.03295825 0.5798216
vt 0.01931103 0.5944436
vt 0.1197155 0.5798216
vt 0.132388 0.5944436
vt 0.007613422 0.5895696
vt 0.007613422 0.5544767
vt 0.02515984 0.5798216
vt 0.02515984 0.5622752
vt 0.2454649 0.670478
vt 0.2366917 0.6480576
vt 0.186002 0.670478
vt 0.1986744 0.6480576
vt 0.1928256 0.6139396
vt 0.1928256 0.6227129
vt 0.2142712 0.6139396
vt 0.2142712 0.6227129
vt 0.2308428 0.6139396
vt 0.2308428 0.6227129
vt 0.2474145 0.6139396
vt 0.2474145 0.6227129
vt 0.1743044 0.6139396
vt 0.1743044 0.6227129
vt 0.156758 0.6139396
vt 0.156758 0.6227129
vt 0.1401864 0.6139396
vt 0.1401864 0.6227129
vt 0.1275139 0.6139396
vt 0.1275139 0.6227129
vt 0.2396161 0.5915192
vt 0.2444901 0.5798216
vt 0.1694304 0.5915192
vt 0.1752792 0.5798216
vt 0.2444901 0.5798216
vt 0.2396161 0.5915192
vt 0.1752792 0.5798216
vt 0.1694304 0.5915192
vt 0.1928256 0.6295364
vt 0.1986744 0.6422088
vt 0.2454649 0.6295364
vt 0.2396161 0.6422088
vt 0.1177659 0.572998
vt 0.1177659 0.5544767
vt 0.03198345 0.572998
vt 0.03198345 0.5544767
vt 0.07292508 0.6129648
vt 0.1216651 0.6129648
vt 0.07292508 0.5993176
vt 0.1216651 0.5993176
vt 0.04660546 0.6392844
vt 0.04660546 0.6256372
vt 0.03100864 0.6392844
vt 0.03100864 0.6256372
vt 0.1655312 0.7289661
vt 0.1655312 0.7445629
vt 0.190876 0.7289661
vt 0.190876 0.7445629
vt 0.1284887 0.5993176
vt 0.1284887 0.6090656
vt 0.1596824 0.5993176
vt 0.1596824 0.6090656
vt 0.186002 0.5993176
vt 0.186002 0.6090656
vt 0.2171956 0.5993176
vt 0.2171956 0.6090656
vt 0.2464397 0.6090656
vt 0.2464397 0.5993176
vt 0.1431108 0.6480576
vt 0.1284887 0.6480576
vt 0.1284887 0.6734025
vt 0.1723548 0.6685284
vt 0.1353123 0.5768972
vt 0.1353123 0.5934688
vt 0.1655312 0.5768972
vt 0.1655312 0.5934688
vt 0.1782036 0.6626797
vt 0.1840524 0.6626797
vt 0.1782036 0.6480576
vt 0.1840524 0.6480576
vt 0.1626068 0.5291319
vt 0.1626068 0.548628
vt 0.1772288 0.5291319
vt 0.1772288 0.548628
vt 0.1782036 0.6451333
vt 0.1782036 0.6656041
vt 0.1830776 0.6451333
vt 0.1830776 0.6656041
vt 0.1626068 0.5291319
vt 0.1626068 0.548628
vt 0.1772288 0.5291319
vt 0.1772288 0.548628
vt 0.1840524 0.6626797
vt 0.1840524 0.6480576
vt 0.1782036 0.6626797
vt 0.1782036 0.6480576
vt 0.006638621 0.548628
vt 0.02223544 0.548628
vt 0.006638621 0.5037871
vt 0.02223544 0.5037871
vt 0.04660546 0.548628
vt 0.04660546 0.5037871
vt 0.06610148 0.548628
vt 0.06610148 0.5037871
vt 0.0904715 0.548628
vt 0.0894967 0.5037871
vt 0.1119171 0.548628
vt 0.1119171 0.5037871
vt 0.1362872 0.5232831
vt 0.1362872 0.548628
vt 0.1577328 0.5232831
vt 0.1577328 0.548628
vt 0.1362872 0.5037871
vt 0.2454649 0.5037871
vt 0.2454649 0.5232831
vt 0.1782036 0.5037871
vt 0.1782036 0.5232831
vt 0.2454649 0.5037871
vt 0.2454649 0.5232831
vt 0.2386412 0.5232831
vt 0.2454649 0.5232831
vt 0.2386412 0.5037871
vt 0.2454649 0.5037871
vt 0.2386412 0.5232831
vt 0.2386412 0.5037871
vt 0.190876 0.5232831
vt 0.190876 0.5037871
vt 0.1245895 0.6753521
vt 0.1245895 0.6431836
vt 0.03295825 0.6753521
vt 0.03295825 0.6431836
vt 0.1245895 0.6753521
vt 0.07389989 0.6431836
vt 0.03295825 0.6753521
vt 0.03295825 0.6431836
vt 0.1245895 0.6178388
vt 0.07389989 0.6178388
vt 0.1245895 0.6753521
vt 0.1245895 0.6431836
vt 0.06317708 0.6753521
vt 0.06317708 0.6431836
vt 0.06707628 0.621738
vt 0.06707628 0.6110152
vt 0.02613464 0.621738
vt 0.00468902 0.6110152
vt 0.02613464 0.6821757
vt 0.00468902 0.6987473
vt 0.1450604 0.6987473
vt 0.1177659 0.6821757
vt 0.04952987 0.6402593
vt 0.05635347 0.6402593
vt 0.04952987 0.6256372
vt 0.05635347 0.6256372
vt 0.06805108 0.6246624
vt 0.06805108 0.6392844
vt 0.06122747 0.6246624
vt 0.06122747 0.6392844
vt 0.05635347 0.6256372
vt 0.05635347 0.6402593
vt 0.04952987 0.6256372
vt 0.04952987 0.6402593
vt 0.06122747 0.6246624
vt 0.06122747 0.6392844
vt 0.06805108 0.6246624
vt 0.06805108 0.6392844
vt 0.1879516 0.6353852
vt 0.1879516 0.6295364
vt 0.181128 0.6353852
vt 0.181128 0.6295364
vt 0.06122747 0.6246624
vt 0.06122747 0.6392844
vt 0.06805108 0.6246624
vt 0.06805108 0.6392844
vt 0.04952987 0.6256372
vt 0.04952987 0.6402593
vt 0.05635347 0.6256372
vt 0.05635347 0.6402593
vt 0.06805108 0.6246624
vt 0.06805108 0.6392844
vt 0.06122747 0.6246624
vt 0.06122747 0.6392844
vt 0.05635347 0.6256372
vt 0.05635347 0.6402593
vt 0.04952987 0.6256372
vt 0.04952987 0.6402593
vt 0.1879516 0.6353852
vt 0.1879516 0.6295364
vt 0.181128 0.6353852
vt 0.181128 0.6295364
vt 0.06122747 0.6246624
vt 0.06122747 0.6392844
vt 0.06805108 0.6246624
vt 0.06805108 0.6392844
vt 0.04952987 0.6256372
vt 0.04952987 0.6402593
vt 0.05635347 0.6256372
vt 0.05635347 0.6402593
vt 0.06805108 0.6246624
vt 0.06805108 0.6392844
vt 0.06122747 0.6246624
vt 0.06122747 0.6392844
vt 0.05635347 0.6256372
vt 0.05635347 0.6402593
vt 0.04952987 0.6256372
vt 0.04952987 0.6402593
vt 0.1879516 0.6295364
vt 0.181128 0.6295364
vt 0.1879516 0.6353852
vt 0.181128 0.6353852
vt 0.07974869 0.7465125
vt 0.07974869 0.7270165
vt 0.04758026 0.7465125
vt 0.04758026 0.7270165
vt 0.02126064 0.7465125
vt 0.02126064 0.7270165
vt 0.003714219 0.7465125
vt 0.003714219 0.7270165
vt 0.09729511 0.7270165
vt 0.09729511 0.7465125
vt 0.1177659 0.7270165
vt 0.1177659 0.7465125
vt 0.1431108 0.7270165
vt 0.1431108 0.7465125
vt 0.1587076 0.7270165
vt 0.1587076 0.7465125
vt 0.1635816 0.7026465
vt 0.1635816 0.7221425
vt 0.2454649 0.7026465
vt 0.2454649 0.7221425
vt 0.1976996 0.7279913
vt 0.1976996 0.7465125
vt 0.2464397 0.7279913
vt 0.2464397 0.7465125
vt 0.1635816 0.7026465
vt 0.1635816 0.7221425
vt 0.2454649 0.7026465
vt 0.2454649 0.7221425
vt 0.2454649 0.5476531
vt 0.2454649 0.5291319
vt 0.215246 0.5476531
vt 0.215246 0.5291319
vt 0.2464397 0.572998
vt 0.2464397 0.5544767
vt 0.1265391 0.572998
vt 0.1265391 0.5544767
vt 0.2464397 0.572998
vt 0.2464397 0.5544767
vt 0.1265391 0.572998
vt 0.1265391 0.5544767
vt 0.2113468 0.5476531
vt 0.2113468 0.5291319
vt 0.1801532 0.5476531
vt 0.1801532 0.5291319
vt 0.1577328 0.6441584
vt 0.156758 0.6305112
vt 0.1304383 0.6441584
vt 0.1304383 0.6305112
vt 0.1626068 0.626612
vt 0.1645564 0.6470829
vt 0.1684556 0.626612
vt 0.17138 0.6451333
vt 0.176254 0.6373348
vt 0.1743044 0.6314861
vt 0.07389989 0.7211677
vt 0.07389989 0.7045961
vt 0.04660546 0.7211677
vt 0.04660546 0.7045961
vt 0.02515984 0.7211677
vt 0.02515984 0.7045961
vt 0.09632031 0.7045961
vt 0.09632031 0.7211677
vt 0.1187407 0.7211677
vt 0.1187407 0.7045961
vt 0.1411612 0.7045961
vt 0.1411612 0.7211677
vt 0.1548084 0.7211677
vt 0.1548084 0.7045961
vt 0.003714219 0.7211677
vt 0.003714219 0.7045961
vt 0.2220696 0.6763269
vt 0.2454649 0.6977725
vt 0.1431108 0.6763269
vt 0.151884 0.6977725
vt 0.2279184 0.6763269
vt 0.2220696 0.6763269
vt 0.2454649 0.6977725
vt 0.2279184 0.6763269
vt 0.151884 0.6977725
vt 0.1431108 0.6763269
vt 0.01931103 0.5944436
vt 0.03295825 0.5798216
vt 0.132388 0.5944436
vt 0.1197155 0.5798216
vt 0.007613422 0.5895696
vt 0.02515984 0.5798216
vt 0.007613422 0.5544767
vt 0.02515984 0.5622752
vt 0.03295825 0.5798216
vt 0.01931103 0.5944436
vt 0.1197155 0.5798216
vt 0.132388 0.5944436
vt 0.007613422 0.5895696
vt 0.007613422 0.5544767
vt 0.02515984 0.5798216
vt 0.02515984 0.5622752
vt 0.2454649 0.670478
vt 0.2366917 0.6480576
vt 0.186002 0.670478
vt 0.1986744 0.6480576
vt 0.1928256 0.6139396
vt 0.1928256 0.6227129
vt 0.2142712 0.6139396
vt 0.2142712 0.6227129
vt 0.2308428 0.6139396
vt 0.2308428 0.6227129
vt 0.2474145 0.6139396
vt 0.2474145 0.6227129
vt 0.1743044 0.6139396
vt 0.1743044 0.6227129
vt 0.156758 0.6139396
vt 0.156758 0.6227129
vt 0.1401864 0.6139396
vt 0.1401864 0.6227129
vt 0.1275139 0.6139396
vt 0.1275139 0.6227129
vt 0.2396161 0.5915192
vt 0.2444901 0.5798216
vt 0.1694304 0.5915192
vt 0.1752792 0.5798216
vt 0.2444901 0.5798216
vt 0.2396161 0.5915192
vt 0.1752792 0.5798216
vt 0.1694304 0.5915192
vt 0.1928256 0.6295364
vt 0.1986744 0.6422088
vt 0.2454649 0.6295364
vt 0.2396161 0.6422088
vt 0.1177659 0.572998
vt 0.1177659 0.5544767
vt 0.03198345 0.572998
vt 0.03198345 0.5544767
vt 0.07292508 0.6129648
vt 0.1216651 0.6129648
vt 0.07292508 0.5993176
vt 0.1216651 0.5993176
vt 0.04660546 0.6392844
vt 0.04660546 0.6256372
vt 0.03100864 0.6392844
vt 0.03100864 0.6256372
vt 0.1655312 0.7289661
vt 0.1655312 0.7445629
vt 0.190876 0.7289661
vt 0.190876 0.7445629
vt 0.1284887 0.5993176
vt 0.1284887 0.6090656
vt 0.1596824 0.5993176
vt 0.1596824 0.6090656
vt 0.186002 0.5993176
vt 0.186002 0.6090656
vt 0.2171956 0.5993176
vt 0.2171956 0.6090656
vt 0.2464397 0.6090656
vt 0.2464397 0.5993176
vt 0.1431108 0.6480576
vt 0.1284887 0.6480576
vt 0.1284887 0.6734025
vt 0.1723548 0.6685284
vt 0.1353123 0.5768972
vt 0.1353123 0.5934688
vt 0.1655312 0.5768972
vt 0.1655312 0.5934688
vt 0.1782036 0.6626797
vt 0.1840524 0.6626797
vt 0.1782036 0.6480576
vt 0.1840524 0.6480576
vt 0.1626068 0.5291319
vt 0.1626068 0.548628
vt 0.1772288 0.5291319
vt 0.1772288 0.548628
vt 0.1782036 0.6451333
vt 0.1782036 0.6656041
vt 0.1830776 0.6451333
vt 0.1830776 0.6656041
vt 0.1626068 0.5291319
vt 0.1626068 0.548628
vt 0.1772288 0.5291319
vt 0.1772288 0.548628
vt 0.1840524 0.6626797
vt 0.1840524 0.6480576
vt 0.1782036 0.6626797
vt 0.1782036 0.6480576
vt 0.9833892 0.621738
vt 0.9960616 0.621738
vt 0.9833892 0.6041916
vt 0.9960616 0.6041916
vt 0.9960616 0.6373348
vt 0.9833892 0.6373348
vt 0.7552857 0.577872
vt 0.7718574 0.577872
vt 0.7552857 0.5593508
vt 0.7718574 0.5593508
vt 0.7640589 0.5954184
vt 0.7552857 0.5954184
vt 0.7718574 0.5954184
vt 0.7806306 0.577872
vt 0.8011014 0.577872
vt 0.7806306 0.5593508
vt 0.8011014 0.5593508
vt 0.827421 0.577872
vt 0.827421 0.5593508
vt 0.8634887 0.577872
vt 0.8634887 0.5593508
vt 0.8995563 0.577872
vt 0.8995563 0.5593508
vt 0.9346491 0.577872
vt 0.9346491 0.5593508
vt 0.9697419 0.577872
vt 0.9697419 0.5593508
vt 0.9960616 0.577872
vt 0.9960616 0.5593508
vt 0.8011014 0.5954184
vt 0.7806306 0.5944436
vt 0.8907831 0.5954184
vt 0.8732367 0.5954184
vt 0.9083295 0.5954184
vt 0.9258759 0.5954184
vt 0.9443972 0.5954184
vt 0.9960616 0.5944436
vt 0.9785151 0.5954184
vt 0.9609687 0.5954184
vt 0.8186478 0.5954184
vt 0.8371691 0.5954184
vt 0.8547155 0.5954184
vt 0.9453719 0.5525271
vt 0.9726664 0.5525271
vt 0.9521955 0.5437539
vt 0.9648679 0.5437539
vt 0.97949 0.5437539
vt 0.9960616 0.5525271
vt 0.9960616 0.5437539
vt 0.9385483 0.5437539
vt 0.9249011 0.5437539
vt 0.9180775 0.5525271
vt 0.9112539 0.5437539
vt 0.8976067 0.5437539
vt 0.8907831 0.5525271
vt 0.8839595 0.5437539
vt 0.871287 0.5437539
vt 0.8644634 0.5525271
vt 0.8576398 0.5437539
vt 0.8449674 0.5437539
vt 0.8381438 0.5525271
vt 0.8313202 0.5437539
vt 0.817673 0.5437539
vt 0.8108494 0.5525271
vt 0.8050006 0.5437539
vt 0.7903786 0.5437539
vt 0.783555 0.5525271
vt 0.7767314 0.5437539
vt 0.7630842 0.5437539
vt 0.7552857 0.5525271
vt 0.7552857 0.5437539
vt 0.7816054 0.5037871
vt 0.7552857 0.5037871
vt 0.7816054 0.5359555
vt 0.7552857 0.5359555
vt 0.8088998 0.5359555
vt 0.8088998 0.5037871
vt 0.8352194 0.5359555
vt 0.8352194 0.5037871
vt 0.8615391 0.5359555
vt 0.8615391 0.5037871
vt 0.8888335 0.5359555
vt 0.8888335 0.5037871
vt 0.9161279 0.5359555
vt 0.9161279 0.5037871
vt 0.9424475 0.5359555
vt 0.9424475 0.5037871
vt 0.9687672 0.5359555
vt 0.9687672 0.5037871
vt 0.9960616 0.5359555
vt 0.9960616 0.5037871
vt 0.7552857 0.6041916
vt 0.7552857 0.650982
vt 0.7825802 0.6041916
vt 0.7825802 0.650982
vt 0.7903786 0.6041916
vt 0.7903786 0.650982
vt 0.8098746 0.6041916
vt 0.8098746 0.650982
vt 0.8459423 0.6041916
vt 0.8186478 0.6041916
vt 0.8459423 0.650982
vt 0.8186478 0.650982
vt 0.8966319 0.7123945
vt 0.9278255 0.7123945
vt 0.8966319 0.6909489
vt 0.9278255 0.6909489
vt 0.9356239 0.6841253
vt 0.8898083 0.6841253
vt 0.9278255 0.6909489
vt 0.8966319 0.6909489
vt 0.9356239 0.7192181
vt 0.9356239 0.6841253
vt 0.9278255 0.7123945
vt 0.9278255 0.6909489
vt 0.8898083 0.7192181
vt 0.9356239 0.7192181
vt 0.8966319 0.7123945
vt 0.9278255 0.7123945
vt 0.8898083 0.6841253
vt 0.8898083 0.7192181
vt 0.8966319 0.6909489
vt 0.8966319 0.7123945
vt 0.851791 0.7055709
vt 0.8829847 0.7055709
vt 0.851791 0.6967977
vt 0.8829847 0.6967977
vt 0.8849343 0.7387142
vt 0.9044303 0.7387142
vt 0.8849343 0.729941
vt 0.9044303 0.729941
vt 0.851791 0.7055709
vt 0.8829847 0.7055709
vt 0.851791 0.6967977
vt 0.8829847 0.6967977
vt 0.8849343 0.7387142
vt 0.9044303 0.7387142
vt 0.8849343 0.729941
vt 0.9044303 0.729941
vt 0.8391187 0.6782765
vt 0.8664131 0.6782765
vt 0.8293706 0.6597552
vt 0.876161 0.6597552
vt 0.8137738 0.6656041
vt 0.8283958 0.6802261
vt 0.7991518 0.6802261
vt 0.8664131 0.6782765
vt 0.8391187 0.6782765
vt 0.876161 0.6597552
vt 0.8293706 0.6597552
vt 0.8137738 0.6656041
vt 0.7991518 0.6802261
vt 0.8283958 0.6802261
vt 0.7894038 0.7201929
vt 0.7562606 0.7201929
vt 0.7894038 0.7445629
vt 0.7562606 0.7445629
vt 0.9395231 0.7279913
vt 0.9141783 0.7279913
vt 0.9395231 0.7435881
vt 0.9141783 0.7435881
vt 0.8098746 0.6041916
vt 0.7903786 0.6041916
vt 0.8098746 0.650982
vt 0.7903786 0.650982
vt 0.9473215 0.6422088
vt 0.974616 0.6422088
vt 0.9473215 0.6041916
vt 0.974616 0.6041916
vt 0.8829847 0.6422088
vt 0.9024807 0.6422088
vt 0.8829847 0.6041916
vt 0.9024807 0.6041916
vt 0.9112539 0.6422088
vt 0.9385483 0.6422088
vt 0.9112539 0.6041916
vt 0.9385483 0.6041916
vt 0.8829847 0.6422088
vt 0.9024807 0.6422088
vt 0.8829847 0.6041916
vt 0.9024807 0.6041916
vt 0.8742115 0.6500072
vt 0.8742115 0.6041916
vt 0.8556902 0.6500072
vt 0.8556902 0.6041916
vt 0.8771359 0.7416385
vt 0.8771359 0.7240921
vt 0.8634887 0.7416385
vt 0.846917 0.7240921
vt 0.8459423 0.6889993
vt 0.8001266 0.6889993
vt 0.8459423 0.7075205
vt 0.8001266 0.7075205
vt 0.846917 0.7240921
vt 0.8771359 0.7240921
vt 0.8634887 0.7416385
vt 0.8771359 0.7416385
vt 0.8907831 0.6792513
vt 0.9317247 0.6792513
vt 0.8829847 0.6519569
vt 0.9414727 0.6519569
vt 0.7806306 0.6782765
vt 0.8040258 0.6597552
vt 0.7601597 0.6597552
vt 0.9317247 0.6792513
vt 0.8907831 0.6792513
vt 0.9414727 0.6519569
vt 0.8829847 0.6519569
vt 0.7806306 0.6782765
vt 0.7601597 0.6597552
vt 0.8040258 0.6597552
vt 0.7894038 0.6880245
vt 0.7572353 0.6880245
vt 0.7894038 0.7123945
vt 0.7572353 0.7123945
vt 0.9473215 0.6422088
vt 0.974616 0.6422088
vt 0.9473215 0.6041916
vt 0.974616 0.6041916
vt 0.8829847 0.6422088
vt 0.9024807 0.6422088
vt 0.8829847 0.6041916
vt 0.9024807 0.6041916
vt 0.9112539 0.6422088
vt 0.9385483 0.6422088
vt 0.9112539 0.6041916
vt 0.9385483 0.6041916
vt 0.8829847 0.6422088
vt 0.9024807 0.6422088
vt 0.8829847 0.6041916
vt 0.9024807 0.6041916
vt 0.8742115 0.6500072
vt 0.8742115 0.6041916
vt 0.8556902 0.6500072
vt 0.8556902 0.6041916
vt 0.8771359 0.7416385
vt 0.8771359 0.7240921
vt 0.8634887 0.7416385
vt 0.846917 0.7240921
vt 0.8459423 0.6889993
vt 0.8001266 0.6889993
vt 0.8459423 0.7075205
vt 0.8001266 0.7075205
vt 0.846917 0.7240921
vt 0.8771359 0.7240921
vt 0.8634887 0.7416385
vt 0.8771359 0.7416385
vt 0.8907831 0.6792513
vt 0.9317247 0.6792513
vt 0.8829847 0.6519569
vt 0.9414727 0.6519569
vt 0.7806306 0.6782765
vt 0.8040258 0.6597552
vt 0.7601597 0.6597552
vt 0.9317247 0.6792513
vt 0.8907831 0.6792513
vt 0.9414727 0.6519569
vt 0.8829847 0.6519569
vt 0.7806306 0.6782765
vt 0.7601597 0.6597552
vt 0.8040258 0.6597552
vt 0.7894038 0.6880245
vt 0.7572353 0.6880245
vt 0.7894038 0.7123945
vt 0.7572353 0.7123945
vt 0.9482963 0.6607301
vt 0.9921624 0.6607301
vt 0.9521955 0.6519569
vt 0.989238 0.6519569
vt 0.9921624 0.6870497
vt 0.9921624 0.6695033
vt 0.9482963 0.6870497
vt 0.9482963 0.6695033
vt 0.9521955 0.7435881
vt 0.989238 0.7435881
vt 0.9521955 0.7270165
vt 0.989238 0.7270165
vt 0.9911876 0.7016717
vt 0.9921624 0.6958229
vt 0.9502459 0.7016717
vt 0.9482963 0.6958229
vt 0.9521955 0.7172685
vt 0.989238 0.7172685
vt 0.9502459 0.7114197
vt 0.9911876 0.7114197
vt 0.9482963 0.6607301
vt 0.9921624 0.6607301
vt 0.9521955 0.6519569
vt 0.989238 0.6519569
vt 0.9921624 0.6870497
vt 0.9921624 0.6695033
vt 0.9482963 0.6870497
vt 0.9482963 0.6695033
vt 0.9521955 0.7435881
vt 0.989238 0.7435881
vt 0.9521955 0.7270165
vt 0.989238 0.7270165
vt 0.9911876 0.7016717
vt 0.9921624 0.6958229
vt 0.9502459 0.7016717
vt 0.9482963 0.6958229
vt 0.989238 0.7172685
vt 0.9911876 0.7114197
vt 0.9521955 0.7172685
vt 0.9502459 0.7114197
vt 0.8001266 0.7445629
vt 0.8381438 0.7445629
vt 0.8001266 0.7172685
vt 0.8381438 0.7172685
vt 0.8381438 0.7172685
vt 0.8001266 0.7172685
vt 0.8381438 0.7445629
vt 0.8001266 0.7445629
vt 0.6080908 0.6324608
vt 0.5915192 0.6324608
vt 0.6080908 0.6665789
vt 0.5915192 0.6665789
vt 0.6246624 0.6665789
vt 0.6246624 0.6324608
vt 0.6422088 0.6665789
vt 0.6422088 0.6324608
vt 0.6597552 0.6665789
vt 0.6597552 0.6324608
vt 0.5739728 0.6324608
vt 0.5739728 0.6665789
vt 0.5564263 0.6324608
vt 0.5564263 0.6665789
vt 0.5398548 0.6324608
vt 0.5398548 0.6665789
vt 0.5213335 0.6324608
vt 0.5213335 0.6665789
vt 0.5047619 0.6324608
vt 0.5047619 0.6665789
vt 0.5642248 0.670478
vt 0.5437539 0.670478
vt 0.5642248 0.7455378
vt 0.5437539 0.7455378
vt 0.5223083 0.7455378
vt 0.5223083 0.670478
vt 0.5047619 0.670478
vt 0.5047619 0.7455378
vt 0.5817712 0.7455378
vt 0.5817712 0.670478
vt 0.6032168 0.7455378
vt 0.6032168 0.670478
vt 0.6236876 0.7455378
vt 0.6236876 0.670478
vt 0.641234 0.670478
vt 0.641234 0.7455378
vt 0.6626797 0.7455378
vt 0.6626797 0.670478
vt 0.6831505 0.7455378
vt 0.6831505 0.670478
vt 0.7006969 0.7455378
vt 0.7006969 0.670478
vt 0.7221425 0.7455378
vt 0.7221425 0.670478
vt 0.7426133 0.7455378
vt 0.7426133 0.670478
vt 0.6792513 0.6275868
vt 0.7026465 0.6275868
vt 0.6792513 0.592494
vt 0.7026465 0.592494
vt 0.6558561 0.6275868
vt 0.6558561 0.592494
vt 0.6344104 0.592494
vt 0.6344104 0.6275868
vt 0.61199 0.6275868
vt 0.61199 0.592494
vt 0.5895696 0.6275868
vt 0.5895696 0.592494
vt 0.568124 0.6275868
vt 0.568124 0.592494
vt 0.5457035 0.6275868
vt 0.5457035 0.592494
vt 0.5223083 0.6275868
vt 0.5223083 0.592494
vt 0.5028123 0.6275868
vt 0.5028123 0.592494
vt 0.6928985 0.582746
vt 0.6753521 0.572998
vt 0.6919237 0.5866452
vt 0.6724277 0.5759224
vt 0.7143441 0.5866452
vt 0.7123945 0.582746
vt 0.7328653 0.5759224
vt 0.729941 0.572998
vt 0.7445629 0.5564263
vt 0.7396889 0.5554516
vt 0.7435881 0.5340059
vt 0.7396889 0.5349807
vt 0.7328653 0.5145099
vt 0.729941 0.5174343
vt 0.7133693 0.5037871
vt 0.7123945 0.5076863
vt 0.6909489 0.5037871
vt 0.6919237 0.5086611
vt 0.6724277 0.5154847
vt 0.6753521 0.5184091
vt 0.6607301 0.5349807
vt 0.6656041 0.5359555
vt 0.6607301 0.5564263
vt 0.6656041 0.5554516
vt 0.6948481 0.6626797
vt 0.6948481 0.6529316
vt 0.6724277 0.6626797
vt 0.6724277 0.6529316
vt 0.6490325 0.5047619
vt 0.6490325 0.5291319
vt 0.6587805 0.5047619
vt 0.6587805 0.5291319
vt 0.6519569 0.582746
vt 0.6519569 0.5720232
vt 0.6275868 0.582746
vt 0.6275868 0.5720232
vt 0.6100404 0.5086611
vt 0.6100404 0.5037871
vt 0.602242 0.5086611
vt 0.602242 0.5037871
vt 0.5232831 0.5846956
vt 0.5232831 0.5720232
vt 0.5037871 0.5846956
vt 0.5037871 0.5720232
vt 0.5359555 0.5106107
vt 0.5193839 0.5106107
vt 0.5359555 0.5193839
vt 0.5193839 0.5193839
vt 0.6880245 0.641234
vt 0.6851001 0.63636
vt 0.6821757 0.641234
vt 0.6889993 0.646108
vt 0.6802261 0.63636
vt 0.6773017 0.6402593
vt 0.6763269 0.646108
vt 0.6909489 0.6383097
vt 0.6860749 0.6334356
vt 0.6938733 0.6422088
vt 0.6743773 0.6373348
vt 0.6714529 0.641234
vt 0.6792513 0.6334356
vt 0.5203587 0.5330312
vt 0.5037871 0.5281571
vt 0.5086611 0.5457035
vt 0.5359555 0.5544767
vt 0.5398548 0.5271823
vt 0.5496027 0.5379052
vt 0.5700735 0.5057367
vt 0.5700735 0.5076863
vt 0.5642248 0.5457035
vt 0.5710484 0.5096359
vt 0.5593508 0.5661744
vt 0.5330312 0.5710484
vt 0.5476531 0.5788468
vt 0.5184091 0.5603256
vt 0.5642248 0.5817712
vt 0.5866452 0.5651996
vt 0.5817712 0.5817712
vt 0.5807964 0.5447288
vt 0.5720232 0.5096359
vt 0.5983428 0.577872
vt 0.5954184 0.5369303
vt 0.572998 0.5086611
vt 0.6100404 0.553502
vt 0.6051664 0.5252327
vt 0.572998 0.5067115
vt 0.6080908 0.5135351
vt 0.572998 0.5047619
vt 0.6285616 0.5125603
vt 0.6256372 0.5320563
vt 0.6422088 0.5271823
vt 0.6431836 0.5096359
vt 0.626612 0.558376
vt 0.63636 0.5447288
vt 0.6139396 0.5700735
vt 0.7065457 0.6353852
vt 0.7455378 0.6422088
vt 0.7153189 0.6246624
vt 0.7406638 0.6295364
vt 0.7289661 0.6227129
vt 0.7406638 0.6548812
vt 0.7065457 0.6490325
vt 0.7289661 0.6617048
vt 0.7153189 0.6597552
vt 0.7250669 0.6158892
vt 0.7328653 0.6158892
vt 0.7192181 0.6129648
vt 0.7153189 0.6061412
vt 0.7153189 0.5983428
vt 0.7387142 0.61199
vt 0.7426133 0.6061412
vt 0.7182433 0.592494
vt 0.7250669 0.5885948
vt 0.7426133 0.5983428
vt 0.7387142 0.5915192
vt 0.7318905 0.5885948
vt 0.7396889 0.5349807
vt 0.729941 0.5174343
vt 0.7396889 0.5554516
vt 0.7123945 0.5076863
vt 0.729941 0.572998
vt 0.6919237 0.5086611
vt 0.7123945 0.582746
vt 0.6753521 0.5184091
vt 0.6928985 0.582746
vt 0.6656041 0.5359555
vt 0.6753521 0.572998
vt 0.6656041 0.5554516
vt 0.807925 0.8849343
vt 0.798177 0.8849343
vt 0.798177 0.9034555
vt 0.807925 0.9034555
vt 0.9853387 0.8186478
vt 0.9853387 0.8381438
vt 0.9950868 0.8381438
vt 0.9950868 0.8186478
vt 0.9453719 0.9395231
vt 0.9453719 0.9434223
vt 0.95512 0.9434223
vt 0.95512 0.9395231
vt 0.9141783 0.7952526
vt 0.9112539 0.7952526
vt 0.9112539 0.8137738
vt 0.9141783 0.8137738
vt 0.9102791 0.9404979
vt 0.9141783 0.9404979
vt 0.9141783 0.9297751
vt 0.9102791 0.9297751
vt 0.959994 0.8371691
vt 0.959994 0.8410682
vt 0.9775404 0.8410682
vt 0.9775404 0.8371691
vt 0.7874542 0.9278255
vt 0.7796558 0.9278255
vt 0.7796558 0.9326995
vt 0.7874542 0.9326995
vt 0.7640589 0.9278255
vt 0.7562606 0.9278255
vt 0.7562606 0.9297751
vt 0.7640589 0.9297751
vt 0.9531704 0.9307499
vt 0.9531704 0.9356239
vt 0.9560947 0.9356239
vt 0.9560947 0.9307499
vt 0.8488666 0.9785151
vt 0.8488666 0.9863136
vt 0.851791 0.9863136
vt 0.851791 0.9785151
vt 0.8654383 0.8985815
vt 0.8703123 0.8985815
vt 0.8703123 0.8966319
vt 0.8654383 0.8966319
vt 0.9931372 0.9736412
vt 0.9931372 0.9658428
vt 0.9882632 0.9658428
vt 0.9882632 0.9736412
vt 0.9132035 0.8264462
vt 0.9132035 0.817673
vt 0.9112539 0.817673
vt 0.9112539 0.8264462
vt 0.9560947 0.9590191
vt 0.9512208 0.9590191
vt 0.9512208 0.9619436
vt 0.9560947 0.9619436
vt 0.8683627 0.7679582
vt 0.8683627 0.7767314
vt 0.871287 0.7767314
vt 0.871287 0.7679582
vt 0.8498414 0.7572353
vt 0.8547155 0.7572353
vt 0.8547155 0.754311
vt 0.8498414 0.754311
vt 0.8586146 0.7699078
vt 0.798177 0.8283958
vt 0.8722619 0.7913534
vt 0.8430178 0.759185
vt 0.8303455 0.754311
vt 0.798177 0.759185
vt 0.8722619 0.8283958
vt 0.8566651 0.9326995
vt 0.9024807 0.9326995
vt 0.9024807 0.9044303
vt 0.8566651 0.9044303
vt 0.876161 0.754311
vt 0.876161 0.798177
vt 0.9024807 0.798177
vt 0.9024807 0.754311
vt 0.8186478 0.994112
vt 0.832295 0.994112
vt 0.832295 0.9658428
vt 0.8186478 0.9658428
vt 0.8050006 0.994112
vt 0.8050006 0.9658428
vt 0.7923282 0.994112
vt 0.7923282 0.9658428
vt 0.7796558 0.994112
vt 0.7796558 0.9658428
vt 0.7669834 0.994112
vt 0.7669834 0.9658428
vt 0.7562606 0.994112
vt 0.7562606 0.9658428
vt 0.7942778 0.798177
vt 0.7942778 0.754311
vt 0.7562606 0.754311
vt 0.7562606 0.798177
vt 0.7942778 0.8118242
vt 0.7562606 0.8118242
vt 0.7942778 0.832295
vt 0.7562606 0.832295
vt 0.7942778 0.8488666
vt 0.7562606 0.8488666
vt 0.7942778 0.8634887
vt 0.7562606 0.8634887
vt 0.7942778 0.8800603
vt 0.7562606 0.8800603
vt 0.7942778 0.9239263
vt 0.7562606 0.9239263
vt 0.8527659 0.832295
vt 0.8147486 0.832295
vt 0.8147486 0.9336743
vt 0.8527659 0.9336743
vt 0.9180775 0.754311
vt 0.9180775 0.8478919
vt 0.9560947 0.8478919
vt 0.9560947 0.754311
vt 0.8098746 0.832295
vt 0.798177 0.832295
vt 0.798177 0.8810351
vt 0.8098746 0.8810351
vt 0.9921624 0.9024807
vt 0.9804648 0.9024807
vt 0.9804648 0.9512208
vt 0.9921624 0.9512208
vt 0.9931372 0.842043
vt 0.9931372 0.8907831
vt 0.994112 0.8907831
vt 0.994112 0.842043
vt 0.95512 0.9882632
vt 0.9560947 0.9882632
vt 0.9560947 0.9755908
vt 0.95512 0.9755908
vt 0.8430178 0.9931372
vt 0.8439927 0.9931372
vt 0.8439927 0.9804648
vt 0.8430178 0.9804648
vt 0.9083295 0.9161279
vt 0.9132035 0.9161279
vt 0.9132035 0.9044303
vt 0.9054051 0.9044303
vt 0.9317247 0.8566651
vt 0.9434223 0.8595895
vt 0.9434223 0.851791
vt 0.9317247 0.851791
vt 0.876161 0.8137738
vt 0.9073547 0.8137738
vt 0.9073547 0.8020762
vt 0.876161 0.8020762
vt 0.9073547 0.817673
vt 0.876161 0.817673
vt 0.876161 0.8235218
vt 0.9073547 0.8235218
vt 0.7913534 0.9278255
vt 0.7913534 0.9326995
vt 0.8108494 0.9326995
vt 0.8108494 0.9278255
vt 0.959994 0.827421
vt 0.959994 0.8332698
vt 0.97949 0.8332698
vt 0.97949 0.827421
vt 0.9102791 0.7913534
vt 0.9102791 0.7708825
vt 0.9054051 0.7708825
vt 0.9054051 0.7913534
vt 0.9453719 0.9229515
vt 0.9502459 0.9229515
vt 0.9502459 0.9024807
vt 0.9453719 0.9024807
vt 0.9141783 0.9200271
vt 0.9054051 0.9200271
vt 0.9054051 0.9258759
vt 0.9141783 0.9258759
vt 0.8566651 0.8976067
vt 0.8615391 0.8976067
vt 0.8615391 0.8878587
vt 0.8566651 0.8878587
vt 0.9502459 0.9921624
vt 0.9512208 0.9921624
vt 0.9512208 0.9824144
vt 0.9502459 0.9824144
vt 0.9336743 0.9619436
vt 0.9385483 0.9619436
vt 0.9365987 0.9521955
vt 0.9336743 0.9521955
vt 0.871287 0.7640589
vt 0.871287 0.754311
vt 0.8595895 0.754311
vt 0.8595895 0.7640589
vt 0.9054051 0.7669834
vt 0.9141783 0.7669834
vt 0.9141783 0.754311
vt 0.9054051 0.754311
vt 0.9853387 0.9658428
vt 0.9814396 0.9658428
vt 0.9804648 0.974616
vt 0.9853387 0.974616
vt 0.8361942 0.9785151
vt 0.8391187 0.9785151
vt 0.8391187 0.9658428
vt 0.8361942 0.9658428
vt 0.8625138 0.9619436
vt 0.8625138 0.9375736
vt 0.8342446 0.9375736
vt 0.8342446 0.9619436
vt 0.9063799 0.9375736
vt 0.9063799 0.9619436
vt 0.812799 0.9375736
vt 0.812799 0.9619436
vt 0.7952526 0.9375736
vt 0.7952526 0.9619436
vt 0.7562606 0.9619436
vt 0.7562606 0.9375736
vt 0.95512 0.9697419
vt 0.8498414 0.9697419
vt 0.8654383 0.9921624
vt 0.9395231 0.9921624
vt 0.9414727 0.9424475
vt 0.9414727 0.8732367
vt 0.9180775 0.851791
vt 0.9180775 0.95512
vt 0.9473215 0.8985815
vt 0.9902128 0.8985815
vt 0.9453719 0.8829847
vt 0.9473215 0.8693374
vt 0.9541451 0.8566651
vt 0.9638932 0.8478919
vt 0.9775404 0.8449674
vt 0.9902128 0.8478919
vt 0.959994 0.9804648
vt 0.959994 0.994112
vt 0.9765655 0.994112
vt 0.9765655 0.9804648
vt 0.959994 0.9629183
vt 0.9765655 0.9629183
vt 0.959994 0.9482963
vt 0.9765655 0.9482963
vt 0.9765655 0.9336743
vt 0.959994 0.9336743
vt 0.959994 0.9200271
vt 0.9765655 0.9200271
vt 0.9765655 0.9024807
vt 0.959994 0.9024807
vt 0.97949 0.8166982
vt 0.9950868 0.8088998
vt 0.9950868 0.7630842
vt 0.97949 0.754311
vt 0.9755908 0.754311
vt 0.959994 0.7660086
vt 0.959994 0.8166982
vt 0.9755908 0.8235218
vt 0.7767314 0.9278255
vt 0.7689329 0.9278255
vt 0.7689329 0.9326995
vt 0.7767314 0.9326995
vt 0.9297751 0.9590191
vt 0.9219767 0.9590191
vt 0.9219767 0.9619436
vt 0.9297751 0.9619436
vt 0.9473215 0.9590191
vt 0.9424475 0.9590191
vt 0.9424475 0.9619436
vt 0.9473215 0.9619436
vt 0.9882632 0.9775404
vt 0.9882632 0.9863136
vt 0.9911876 0.9863136
vt 0.9911876 0.9775404
vt 0.9804648 0.9814396
vt 0.9853387 0.9814396
vt 0.9853387 0.9785151
vt 0.9804648 0.9785151
vt 0.9453719 0.9356239
vt 0.9482963 0.9356239
vt 0.9502459 0.9268507
vt 0.9453719 0.9268507
vt 0.9102791 0.9609687
vt 0.9151531 0.9609687
vt 0.9132035 0.9512208
vt 0.9102791 0.9512208
vt 0.9141783 0.832295
vt 0.8566651 0.832295
vt 0.8566651 0.8537406
vt 0.8664131 0.8859091
vt 0.9141783 0.9015059
vt 0.8946823 0.9015059
vt 0.8790855 0.8966319
vt 0.8586146 0.871287
vt 0.8430178 0.9668176
vt 0.8430178 0.9765655
vt 0.8459423 0.9765655
vt 0.8459423 0.9658428
vt 0.798177 0.9083295
vt 0.798177 0.9190523
vt 0.8069502 0.9190523
vt 0.8069502 0.9073547
vt 0.8556902 0.984364
vt 0.8556902 0.989238
vt 0.8556902 0.989238
vt 0.8556902 0.984364
vt 0.3614662 0.6305112
vt 0.3517182 0.6305112
vt 0.3731638 0.6646293
vt 0.3517182 0.7484621
vt 0.3731638 0.7484621
vt 0.4969635 0.7484621
vt 0.4969635 0.7055709
vt 0.4121558 0.7484621
vt 0.4121558 0.7387142
vt 0.4121558 0.7055709
vt 0.3799874 0.5028123
vt 0.3799874 0.5457035
vt 0.4969635 0.5028123
vt 0.4131306 0.558376
vt 0.4969635 0.558376
vt 0.4677195 0.6158892
vt 0.4452991 0.6158892
vt 0.4677195 0.7006969
vt 0.4121558 0.7006969
vt 0.4121558 0.607116
vt 0.4423746 0.607116
vt 0.4082566 0.7484621
vt 0.4082566 0.6656041
vt 0.377063 0.7484621
vt 0.377063 0.6656041
vt 0.2522885 0.5642248
vt 0.3166253 0.5642248
vt 0.2522885 0.558376
vt 0.3166253 0.558376
vt 0.2522885 0.5340059
vt 0.3166253 0.5340059
vt 0.2522885 0.5252327
vt 0.3166253 0.5252327
vt 0.2522885 0.5505776
vt 0.3166253 0.5505776
vt 0.2522885 0.5418044
vt 0.3166253 0.5418044
vt 0.2522885 0.5174343
vt 0.3166253 0.5174343
vt 0.2522885 0.5096359
vt 0.3166253 0.5096359
vt 0.347819 0.7484621
vt 0.347819 0.6470829
vt 0.3195497 0.7270165
vt 0.3195497 0.6636544
vt 0.2522885 0.6470829
vt 0.2522885 0.7484621
vt 0.2786081 0.6636544
vt 0.2786081 0.7270165
vt 0.2786081 0.6636544
vt 0.3195497 0.6636544
vt 0.2522885 0.6470829
vt 0.347819 0.6470829
vt 0.347819 0.7484621
vt 0.3195497 0.7270165
vt 0.2522885 0.7484621
vt 0.2786081 0.7270165
vt 0.4550471 0.5613003
vt 0.4569966 0.5671492
vt 0.4969635 0.5613003
vt 0.4950139 0.5671492
vt 0.4901399 0.572998
vt 0.4618707 0.572998
vt 0.4842911 0.5768972
vt 0.4686943 0.5768972
vt 0.4764927 0.577872
vt 0.4560219 0.577872
vt 0.4530975 0.5720232
vt 0.4131306 0.577872
vt 0.4150802 0.5720232
vt 0.4199542 0.5661744
vt 0.4491982 0.5661744
vt 0.4267778 0.5622752
vt 0.4423746 0.5622752
vt 0.4345762 0.5603256
vt 0.2522885 0.5252327
vt 0.3166253 0.5252327
vt 0.2522885 0.5174343
vt 0.3166253 0.5174343
vt 0.2522885 0.5418044
vt 0.3166253 0.5418044
vt 0.2522885 0.5340059
vt 0.3166253 0.5340059
vt 0.2522885 0.558376
vt 0.3166253 0.558376
vt 0.2522885 0.5505776
vt 0.3166253 0.5505776
vt 0.2522885 0.5096359
vt 0.3166253 0.5096359
vt 0.2522885 0.5028123
vt 0.3166253 0.5028123
vt 0.4121558 0.5934688
vt 0.4472487 0.5934688
vt 0.4121558 0.5807964
vt 0.4472487 0.5807964
vt 0.3751134 0.5388799
vt 0.3751134 0.5028123
vt 0.338071 0.5388799
vt 0.338071 0.5028123
vt 0.4969635 0.7006969
vt 0.4969635 0.6646293
vt 0.4842911 0.7006969
vt 0.4842911 0.6646293
vt 0.3341717 0.5388799
vt 0.3341717 0.5028123
vt 0.3205245 0.5388799
vt 0.3205245 0.5028123
vt 0.2961545 0.6675537
vt 0.2961545 0.670478
vt 0.3156505 0.6675537
vt 0.3156505 0.670478
vt 0.3156505 0.6743773
vt 0.2961545 0.6743773
vt 0.3156505 0.6773017
vt 0.2961545 0.6773017
vt 0.4141054 0.5963932
vt 0.4141054 0.6051664
vt 0.4423746 0.5963932
vt 0.4423746 0.6051664
vt 0.2903057 0.6919237
vt 0.2883561 0.6919237
vt 0.2903057 0.7221425
vt 0.2883561 0.7221425
vt 0.4706439 0.6129648
vt 0.4706439 0.6236876
vt 0.4969635 0.6129648
vt 0.4969635 0.6236876
vt 0.4969635 0.5915192
vt 0.4501731 0.5915192
vt 0.4969635 0.5983428
vt 0.4501731 0.5983428
vt 0.2922553 0.6773017
vt 0.2922553 0.6685284
vt 0.2834821 0.6773017
vt 0.2834821 0.6685284
vt 0.4501731 0.58762
vt 0.4969635 0.58762
vt 0.4501731 0.5817712
vt 0.4969635 0.5817712
vt 0.386811 0.646108
vt 0.377063 0.646108
vt 0.386811 0.6548812
vt 0.377063 0.6548812
vt 0.2990789 0.6948481
vt 0.3088269 0.6948481
vt 0.2990789 0.6928985
vt 0.3088269 0.6928985
vt 0.3000537 0.7016717
vt 0.2981041 0.7016717
vt 0.3000537 0.7221425
vt 0.2981041 0.7221425
vt 0.3078521 0.7221425
vt 0.3098017 0.7221425
vt 0.3078521 0.6987473
vt 0.3098017 0.6987473
vt 0.3214993 0.5554516
vt 0.3214993 0.5642248
vt 0.3458694 0.5554516
vt 0.3458694 0.5642248
vt 0.3214993 0.5427791
vt 0.3214993 0.5515524
vt 0.3458694 0.5427791
vt 0.3458694 0.5515524
vt 0.3049277 0.7045961
vt 0.3029781 0.7045961
vt 0.3049277 0.7211677
vt 0.3029781 0.7211677
vt 0.3877858 0.553502
vt 0.3731638 0.553502
vt 0.3877858 0.6373348
vt 0.3731638 0.6373348
vt 0.3702394 0.5437539
vt 0.3692646 0.5437539
vt 0.3702394 0.6275868
vt 0.3692646 0.6275868
vt 0.3653654 0.5427791
vt 0.3507434 0.5427791
vt 0.3653654 0.6256372
vt 0.3507434 0.6256372
vt 0.3098017 0.6899741
vt 0.3098017 0.6880245
vt 0.2893309 0.6899741
vt 0.2893309 0.6880245
vt 0.3098017 0.6841253
vt 0.3098017 0.6821757
vt 0.2893309 0.6841253
vt 0.2893309 0.6821757
vt 0.2951797 0.7221425
vt 0.2951797 0.6919237
vt 0.2932301 0.7221425
vt 0.2932301 0.6919237
vt 0.4969635 0.641234
vt 0.4969635 0.6285616
vt 0.4706439 0.641234
vt 0.4706439 0.6285616
vt 0.4969635 0.6578057
vt 0.4969635 0.646108
vt 0.4706439 0.6578057
vt 0.4706439 0.646108
vt 0.2522885 0.6324608
vt 0.2522885 0.6334356
vt 0.3468442 0.6324608
vt 0.3468442 0.6334356
vt 0.2522885 0.5905444
vt 0.2522885 0.6275868
vt 0.3468442 0.5905444
vt 0.3468442 0.6275868
vt 0.2834821 0.6851001
vt 0.2834821 0.7221425
vt 0.2854317 0.6812009
vt 0.2854317 0.7221425
vt 0.3137009 0.7221425
vt 0.3156505 0.7221425
vt 0.3137009 0.6831505
vt 0.3156505 0.6851001
vt 0.2591121 0.6431836
vt 0.3409953 0.6431836
vt 0.2522885 0.6373348
vt 0.3468442 0.6373348
vt 0.4969635 0.6090656
vt 0.4969635 0.6012672
vt 0.4628455 0.6090656
vt 0.4579715 0.6012672
vt 0.4794171 0.7006969
vt 0.4794171 0.6665789
vt 0.4725935 0.7006969
vt 0.4725935 0.6617048
vt 0.3975338 0.6539065
vt 0.3975338 0.5690988
vt 0.391685 0.6617048
vt 0.391685 0.5613003
vt 0.3409953 0.5798216
vt 0.2591121 0.5798216
vt 0.3468442 0.5866452
vt 0.2522885 0.5866452
vt 0.401433 0.5690988
vt 0.401433 0.6548812
vt 0.4082566 0.5613003
vt 0.4082566 0.6617048
vt 0.3409953 0.568124
vt 0.2591121 0.568124
vt 0.3468442 0.5759224
vt 0.2522885 0.5759224
vt 0.3614662 0.6305112
vt 0.3517182 0.6305112
vt 0.3731638 0.6646293
vt 0.3517182 0.7484621
vt 0.3731638 0.7484621
vt 0.4969635 0.7484621
vt 0.4969635 0.7055709
vt 0.4121558 0.7484621
vt 0.4121558 0.7387142
vt 0.4121558 0.7055709
vt 0.3799874 0.5028123
vt 0.3799874 0.5457035
vt 0.4969635 0.5028123
vt 0.4131306 0.558376
vt 0.4969635 0.558376
vt 0.4677195 0.6158892
vt 0.4452991 0.6158892
vt 0.4677195 0.7006969
vt 0.4121558 0.7006969
vt 0.4121558 0.607116
vt 0.4423746 0.607116
vt 0.4082566 0.7484621
vt 0.4082566 0.6656041
vt 0.377063 0.7484621
vt 0.377063 0.6656041
vt 0.2522885 0.5642248
vt 0.3166253 0.5642248
vt 0.2522885 0.558376
vt 0.3166253 0.558376
vt 0.2522885 0.5340059
vt 0.3166253 0.5340059
vt 0.2522885 0.5252327
vt 0.3166253 0.5252327
vt 0.2522885 0.5505776
vt 0.3166253 0.5505776
vt 0.2522885 0.5418044
vt 0.3166253 0.5418044
vt 0.2522885 0.5174343
vt 0.3166253 0.5174343
vt 0.2522885 0.5096359
vt 0.3166253 0.5096359
vt 0.347819 0.7484621
vt 0.347819 0.6470829
vt 0.3195497 0.7270165
vt 0.3195497 0.6636544
vt 0.2522885 0.6470829
vt 0.2522885 0.7484621
vt 0.2786081 0.6636544
vt 0.2786081 0.7270165
vt 0.2786081 0.6636544
vt 0.3195497 0.6636544
vt 0.2522885 0.6470829
vt 0.347819 0.6470829
vt 0.347819 0.7484621
vt 0.3195497 0.7270165
vt 0.2522885 0.7484621
vt 0.2786081 0.7270165
vt 0.4550471 0.5613003
vt 0.4569966 0.5671492
vt 0.4969635 0.5613003
vt 0.4950139 0.5671492
vt 0.4901399 0.572998
vt 0.4618707 0.572998
vt 0.4842911 0.5768972
vt 0.4686943 0.5768972
vt 0.4764927 0.577872
vt 0.4560219 0.577872
vt 0.4530975 0.5720232
vt 0.4131306 0.577872
vt 0.4150802 0.5720232
vt 0.4199542 0.5661744
vt 0.4491982 0.5661744
vt 0.4267778 0.5622752
vt 0.4423746 0.5622752
vt 0.4345762 0.5603256
vt 0.2522885 0.5252327
vt 0.3166253 0.5252327
vt 0.2522885 0.5174343
vt 0.3166253 0.5174343
vt 0.2522885 0.5418044
vt 0.3166253 0.5418044
vt 0.2522885 0.5340059
vt 0.3166253 0.5340059
vt 0.2522885 0.558376
vt 0.3166253 0.558376
vt 0.2522885 0.5505776
vt 0.3166253 0.5505776
vt 0.2522885 0.5096359
vt 0.3166253 0.5096359
vt 0.2522885 0.5028123
vt 0.3166253 0.5028123
vt 0.4121558 0.5934688
vt 0.4472487 0.5934688
vt 0.4121558 0.5807964
vt 0.4472487 0.5807964
vt 0.3751134 0.5388799
vt 0.3751134 0.5028123
vt 0.338071 0.5388799
vt 0.338071 0.5028123
vt 0.4969635 0.7006969
vt 0.4969635 0.6646293
vt 0.4842911 0.7006969
vt 0.4842911 0.6646293
vt 0.3341717 0.5388799
vt 0.3341717 0.5028123
vt 0.3205245 0.5388799
vt 0.3205245 0.5028123
vt 0.2961545 0.6675537
vt 0.2961545 0.670478
vt 0.3156505 0.6675537
vt 0.3156505 0.670478
vt 0.3156505 0.6743773
vt 0.2961545 0.6743773
vt 0.3156505 0.6773017
vt 0.2961545 0.6773017
vt 0.4141054 0.5963932
vt 0.4141054 0.6051664
vt 0.4423746 0.5963932
vt 0.4423746 0.6051664
vt 0.2903057 0.6919237
vt 0.2883561 0.6919237
vt 0.2903057 0.7221425
vt 0.2883561 0.7221425
vt 0.4706439 0.6129648
vt 0.4706439 0.6236876
vt 0.4969635 0.6129648
vt 0.4969635 0.6236876
vt 0.4969635 0.5915192
vt 0.4501731 0.5915192
vt 0.4969635 0.5983428
vt 0.4501731 0.5983428
vt 0.2922553 0.6773017
vt 0.2922553 0.6685284
vt 0.2834821 0.6773017
vt 0.2834821 0.6685284
vt 0.4501731 0.58762
vt 0.4969635 0.58762
vt 0.4501731 0.5817712
vt 0.4969635 0.5817712
vt 0.386811 0.646108
vt 0.377063 0.646108
vt 0.386811 0.6548812
vt 0.377063 0.6548812
vt 0.2990789 0.6948481
vt 0.3088269 0.6948481
vt 0.2990789 0.6928985
vt 0.3088269 0.6928985
vt 0.3000537 0.7016717
vt 0.2981041 0.7016717
vt 0.3000537 0.7221425
vt 0.2981041 0.7221425
vt 0.3078521 0.7221425
vt 0.3098017 0.7221425
vt 0.3078521 0.6987473
vt 0.3098017 0.6987473
vt 0.3214993 0.5554516
vt 0.3214993 0.5642248
vt 0.3458694 0.5554516
vt 0.3458694 0.5642248
vt 0.3214993 0.5427791
vt 0.3214993 0.5515524
vt 0.3458694 0.5427791
vt 0.3458694 0.5515524
vt 0.3049277 0.7045961
vt 0.3029781 0.7045961
vt 0.3049277 0.7211677
vt 0.3029781 0.7211677
vt 0.3877858 0.553502
vt 0.3731638 0.553502
vt 0.3877858 0.6373348
vt 0.3731638 0.6373348
vt 0.3702394 0.5437539
vt 0.3692646 0.5437539
vt 0.3702394 0.6275868
vt 0.3692646 0.6275868
vt 0.3653654 0.5427791
vt 0.3507434 0.5427791
vt 0.3653654 0.6256372
vt 0.3507434 0.6256372
vt 0.3098017 0.6899741
vt 0.3098017 0.6880245
vt 0.2893309 0.6899741
vt 0.2893309 0.6880245
vt 0.3098017 0.6841253
vt 0.3098017 0.6821757
vt 0.2893309 0.6841253
vt 0.2893309 0.6821757
vt 0.2951797 0.7221425
vt 0.2951797 0.6919237
vt 0.2932301 0.7221425
vt 0.2932301 0.6919237
vt 0.4969635 0.641234
vt 0.4969635 0.6285616
vt 0.4706439 0.641234
vt 0.4706439 0.6285616
vt 0.4969635 0.6578057
vt 0.4969635 0.646108
vt 0.4706439 0.6578057
vt 0.4706439 0.646108
vt 0.2522885 0.6324608
vt 0.2522885 0.6334356
vt 0.3468442 0.6324608
vt 0.3468442 0.6334356
vt 0.2522885 0.5905444
vt 0.2522885 0.6275868
vt 0.3468442 0.5905444
vt 0.3468442 0.6275868
vt 0.2834821 0.6851001
vt 0.2834821 0.7221425
vt 0.2854317 0.6812009
vt 0.2854317 0.7221425
vt 0.3137009 0.7221425
vt 0.3156505 0.7221425
vt 0.3137009 0.6831505
vt 0.3156505 0.6851001
vt 0.2591121 0.6431836
vt 0.3409953 0.6431836
vt 0.2522885 0.6373348
vt 0.3468442 0.6373348
vt 0.4969635 0.6090656
vt 0.4969635 0.6012672
vt 0.4628455 0.6090656
vt 0.4579715 0.6012672
vt 0.4794171 0.7006969
vt 0.4794171 0.6665789
vt 0.4725935 0.7006969
vt 0.4725935 0.6617048
vt 0.3975338 0.6539065
vt 0.3975338 0.5690988
vt 0.391685 0.6617048
vt 0.391685 0.5613003
vt 0.3409953 0.5798216
vt 0.2591121 0.5798216
vt 0.3468442 0.5866452
vt 0.2522885 0.5866452
vt 0.401433 0.5690988
vt 0.401433 0.6548812
vt 0.4082566 0.5613003
vt 0.4082566 0.6617048
vt 0.3409953 0.568124
vt 0.2591121 0.568124
vt 0.3468442 0.5759224
vt 0.2522885 0.5759224
vt 0.6422088 0.7572353
vt 0.6422088 0.788429
vt 0.7201929 0.7572353
vt 0.7201929 0.788429
vt 0.5418044 0.7562606
vt 0.5106107 0.7562606
vt 0.5418044 0.8020762
vt 0.5106107 0.8020762
vt 0.5544767 0.7572353
vt 0.5544767 0.788429
vt 0.6324608 0.7572353
vt 0.6324608 0.788429
vt 0.5106107 0.8937075
vt 0.5418044 0.8937075
vt 0.5106107 0.846917
vt 0.5418044 0.846917
vt 0.5106107 0.846917
vt 0.5418044 0.846917
vt 0.5106107 0.8020762
vt 0.5418044 0.8020762
vt 0.5476531 0.8157234
vt 0.6100404 0.8157234
vt 0.558376 0.7952526
vt 0.6051664 0.7952526
vt 0.7435881 0.9073547
vt 0.7309157 0.9073547
vt 0.7435881 0.95512
vt 0.7309157 0.95512
vt 0.7435881 0.95512
vt 0.7309157 0.95512
vt 0.7435881 0.9931372
vt 0.7309157 0.9931372
vt 0.7435881 0.7552857
vt 0.7309157 0.7552857
vt 0.7435881 0.7952526
vt 0.7309157 0.7952526
vt 0.7309157 0.9073547
vt 0.7435881 0.9073547
vt 0.7309157 0.8459423
vt 0.7435881 0.8459423
vt 0.7435881 0.7952526
vt 0.7309157 0.7952526
vt 0.7435881 0.8459423
vt 0.7309157 0.8459423
vt 0.6236876 0.8147486
vt 0.7084953 0.8147486
vt 0.6139396 0.7952526
vt 0.7201929 0.7952526
vt 0.7055709 0.8449674
vt 0.7143441 0.8449674
vt 0.7055709 0.8215722
vt 0.7143441 0.8215722
vt 0.6958229 0.8215722
vt 0.6958229 0.8449674
vt 0.6860749 0.8215722
vt 0.6860749 0.8449674
vt 0.6763269 0.8215722
vt 0.6763269 0.8449674
vt 0.6665789 0.8215722
vt 0.6665789 0.8449674
vt 0.7240921 0.8449674
vt 0.7240921 0.8215722
vt 0.6646293 0.8508162
vt 0.6646293 0.8605642
vt 0.6909489 0.8508162
vt 0.6909489 0.8605642
vt 0.6646293 0.8693374
vt 0.6909489 0.8693374
vt 0.6646293 0.8771359
vt 0.6909489 0.8771359
vt 0.6646293 0.8859091
vt 0.6909489 0.8859091
vt 0.6646293 0.8946823
vt 0.6909489 0.8946823
vt 0.7192181 0.9960616
vt 0.7270165 0.9853387
vt 0.7075205 0.9921624
vt 0.7075205 0.97949
vt 0.7192181 0.9755908
vt 0.7250669 0.8605642
vt 0.7250669 0.851791
vt 0.6977725 0.8605642
vt 0.6977725 0.851791
vt 0.6977725 0.8693374
vt 0.7250669 0.8693374
vt 0.6977725 0.8781106
vt 0.7250669 0.8781106
vt 0.6977725 0.8868839
vt 0.7250669 0.8868839
vt 0.6977725 0.8966319
vt 0.7250669 0.8966319
vt 0.6431836 0.8547155
vt 0.6431836 0.8673878
vt 0.6539065 0.871287
vt 0.6539065 0.8508162
vt 0.6617048 0.8605642
vt 0.5106107 0.989238
vt 0.5184091 0.9902128
vt 0.5057367 0.9824144
vt 0.5232831 0.9824144
vt 0.5106107 0.974616
vt 0.5193839 0.974616
vt 0.7221425 0.9580444
vt 0.6314861 0.9034555
vt 0.6870497 0.994112
vt 0.6314861 0.994112
vt 0.7221425 0.9034555
vt 0.548628 0.8683627
vt 0.6080908 0.8683627
vt 0.553502 0.8488666
vt 0.6041916 0.8488666
vt 0.5564263 0.842043
vt 0.6032168 0.842043
vt 0.5457035 0.8215722
vt 0.6080908 0.8215722
vt 0.6422088 0.8742115
vt 0.5593508 0.8742115
vt 0.6529316 0.8937075
vt 0.548628 0.8937075
vt 0.650982 0.8430178
vt 0.650982 0.8244966
vt 0.6441584 0.8430178
vt 0.6441584 0.8244966
vt 0.6392844 0.8381438
vt 0.6129648 0.8381438
vt 0.6392844 0.8449674
vt 0.6129648 0.8449674
vt 0.6139396 0.994112
vt 0.6236876 0.994112
vt 0.6139396 0.9034555
vt 0.6236876 0.9034555
vt 0.6617048 0.8410682
vt 0.6617048 0.8254714
vt 0.6558561 0.8410682
vt 0.6558561 0.8254714
vt 0.6129648 0.8625138
vt 0.63636 0.8625138
vt 0.6129648 0.8547155
vt 0.63636 0.8547155
vt 0.6392844 0.8235218
vt 0.6129648 0.8235218
vt 0.6392844 0.8303455
vt 0.6129648 0.8303455
vt 0.5096359 0.9531704
vt 0.5496027 0.9960616
vt 0.5096359 0.8995563
vt 0.6041916 0.8995563
vt 0.6041916 0.9960616
vt 0.6422088 0.7572353
vt 0.6422088 0.788429
vt 0.7201929 0.7572353
vt 0.7201929 0.788429
vt 0.5418044 0.7562606
vt 0.5106107 0.7562606
vt 0.5418044 0.8020762
vt 0.5106107 0.8020762
vt 0.5544767 0.7572353
vt 0.5544767 0.788429
vt 0.6324608 0.7572353
vt 0.6324608 0.788429
vt 0.5106107 0.8937075
vt 0.5418044 0.8937075
vt 0.5106107 0.846917
vt 0.5418044 0.846917
vt 0.5106107 0.846917
vt 0.5418044 0.846917
vt 0.5106107 0.8020762
vt 0.5418044 0.8020762
vt 0.5476531 0.8157234
vt 0.6100404 0.8157234
vt 0.558376 0.7952526
vt 0.6051664 0.7952526
vt 0.7435881 0.9073547
vt 0.7309157 0.9073547
vt 0.7435881 0.95512
vt 0.7309157 0.95512
vt 0.7435881 0.95512
vt 0.7309157 0.95512
vt 0.7435881 0.9931372
vt 0.7309157 0.9931372
vt 0.7435881 0.7552857
vt 0.7309157 0.7552857
vt 0.7435881 0.7952526
vt 0.7309157 0.7952526
vt 0.7309157 0.9073547
vt 0.7435881 0.9073547
vt 0.7309157 0.8459423
vt 0.7435881 0.8459423
vt 0.7435881 0.7952526
vt 0.7309157 0.7952526
vt 0.7435881 0.8459423
vt 0.7309157 0.8459423
vt 0.6236876 0.8147486
vt 0.7084953 0.8147486
vt 0.6139396 0.7952526
vt 0.7201929 0.7952526
vt 0.7055709 0.8449674
vt 0.7143441 0.8449674
vt 0.7055709 0.8215722
vt 0.7143441 0.8215722
vt 0.6958229 0.8215722
vt 0.6958229 0.8449674
vt 0.6860749 0.8215722
vt 0.6860749 0.8449674
vt 0.6763269 0.8215722
vt 0.6763269 0.8449674
vt 0.6665789 0.8215722
vt 0.6665789 0.8449674
vt 0.7240921 0.8449674
vt 0.7240921 0.8215722
vt 0.6646293 0.8508162
vt 0.6646293 0.8605642
vt 0.6909489 0.8508162
vt 0.6909489 0.8605642
vt 0.6646293 0.8693374
vt 0.6909489 0.8693374
vt 0.6646293 0.8771359
vt 0.6909489 0.8771359
vt 0.6646293 0.8859091
vt 0.6909489 0.8859091
vt 0.6646293 0.8946823
vt 0.6909489 0.8946823
vt 0.7192181 0.9960616
vt 0.7270165 0.9853387
vt 0.7075205 0.9921624
vt 0.7075205 0.97949
vt 0.7192181 0.9755908
vt 0.7250669 0.8605642
vt 0.7250669 0.851791
vt 0.6977725 0.8605642
vt 0.6977725 0.851791
vt 0.6977725 0.8693374
vt 0.7250669 0.8693374
vt 0.6977725 0.8781106
vt 0.7250669 0.8781106
vt 0.6977725 0.8868839
vt 0.7250669 0.8868839
vt 0.6977725 0.8966319
vt 0.7250669 0.8966319
vt 0.6431836 0.8547155
vt 0.6431836 0.8673878
vt 0.6539065 0.871287
vt 0.6539065 0.8508162
vt 0.6617048 0.8605642
vt 0.5106107 0.989238
vt 0.5184091 0.9902128
vt 0.5057367 0.9824144
vt 0.5232831 0.9824144
vt 0.5106107 0.974616
vt 0.5193839 0.974616
vt 0.548628 0.8683627
vt 0.6080908 0.8683627
vt 0.553502 0.8488666
vt 0.6041916 0.8488666
vt 0.5564263 0.842043
vt 0.6032168 0.842043
vt 0.5457035 0.8215722
vt 0.6080908 0.8215722
vt 0.6422088 0.8742115
vt 0.5593508 0.8742115
vt 0.6529316 0.8937075
vt 0.548628 0.8937075
vt 0.650982 0.8430178
vt 0.650982 0.8244966
vt 0.6441584 0.8430178
vt 0.6441584 0.8244966
vt 0.6392844 0.8381438
vt 0.6129648 0.8381438
vt 0.6392844 0.8449674
vt 0.6129648 0.8449674
vt 0.6139396 0.994112
vt 0.6236876 0.994112
vt 0.6139396 0.9034555
vt 0.6236876 0.9034555
vt 0.6617048 0.8410682
vt 0.6617048 0.8254714
vt 0.6558561 0.8410682
vt 0.6558561 0.8254714
vt 0.6129648 0.8625138
vt 0.63636 0.8625138
vt 0.6129648 0.8547155
vt 0.63636 0.8547155
vt 0.6392844 0.8235218
vt 0.6129648 0.8235218
vt 0.6392844 0.8303455
vt 0.6129648 0.8303455
vt 0.5096359 0.9531704
vt 0.5496027 0.9960616
vt 0.5096359 0.8995563
vt 0.6041916 0.8995563
vt 0.6041916 0.9960616
vt 0.4579715 0.9346491
vt 0.4579715 0.9570696
vt 0.4686943 0.9346491
vt 0.4686943 0.9570696
vt 0.3692646 0.9521955
vt 0.3887606 0.9521955
vt 0.3692646 0.9404979
vt 0.3887606 0.9404979
vt 0.4501731 0.959994
vt 0.4501731 0.9521955
vt 0.4433495 0.959994
vt 0.4433495 0.9521955
vt 0.4375007 0.9521955
vt 0.4375007 0.959994
vt 0.4950139 0.8283958
vt 0.4881903 0.8283958
vt 0.4950139 0.8352194
vt 0.4881903 0.8352194
vt 0.4881903 0.822547
vt 0.4950139 0.822547
vt 0.3068773 0.9882632
vt 0.3010285 0.9853387
vt 0.2961545 0.9882632
vt 0.2932301 0.994112
vt 0.3098017 0.994112
vt 0.3390458 0.9677923
vt 0.3390458 0.9677923
vt 0.3302725 0.9677923
vt 0.3302725 0.9677923
vt 0.3780378 0.9560947
vt 0.3780378 0.9570696
vt 0.386811 0.9560947
vt 0.386811 0.9570696
vt 0.2659357 0.9726664
vt 0.2659357 0.9726664
vt 0.2542381 0.9726664
vt 0.2542381 0.9726664
vt 0.4950139 0.8615391
vt 0.4959887 0.8615391
vt 0.4950139 0.8508162
vt 0.4959887 0.8508162
vt 0.4053322 0.9346491
vt 0.4053322 0.9346491
vt 0.401433 0.9346491
vt 0.401433 0.9346491
vt 0.401433 0.9356239
vt 0.4053322 0.9356239
vt 0.3741386 0.9570696
vt 0.3741386 0.9560947
vt 0.3692646 0.9570696
vt 0.3692646 0.9560947
vt 0.3692646 0.9570696
vt 0.3741386 0.9570696
vt 0.3429449 0.8781106
vt 0.3468442 0.8781106
vt 0.3468442 0.8732367
vt 0.3429449 0.8732367
vt 0.3302725 0.959994
vt 0.3302725 0.9638932
vt 0.3390458 0.959994
vt 0.3390458 0.9638932
vt 0.338071 0.9473215
vt 0.338071 0.9414727
vt 0.3302725 0.9463468
vt 0.3302725 0.9414727
vt 0.338071 0.95512
vt 0.338071 0.9512208
vt 0.3302725 0.95512
vt 0.3302725 0.9512208
vt 0.401433 0.9307499
vt 0.4053322 0.9307499
vt 0.401433 0.9219767
vt 0.4053322 0.9219767
vt 0.4375007 0.8937075
vt 0.4375007 0.9044303
vt 0.4667447 0.8937075
vt 0.4667447 0.9044303
vt 0.4667447 0.9132035
vt 0.4375007 0.9132035
vt 0.4667447 0.9229515
vt 0.4375007 0.9229515
vt 0.4667447 0.9317247
vt 0.4375007 0.9317247
vt 0.4375007 0.8839595
vt 0.4667447 0.8839595
vt 0.4053322 0.9434223
vt 0.3975338 0.9570696
vt 0.4053322 0.9541451
vt 0.3975338 0.9404979
vt 0.391685 0.9492711
vt 0.4959887 0.8020762
vt 0.4881903 0.8020762
vt 0.4959887 0.817673
vt 0.4881903 0.8186478
vt 0.3127261 0.9853387
vt 0.3127261 0.994112
vt 0.3273481 0.9853387
vt 0.3244237 0.994112
vt 0.4540723 0.9346491
vt 0.4375007 0.9346491
vt 0.4540723 0.9424475
vt 0.4375007 0.9424475
vt 0.4540723 0.9424475
vt 0.4375007 0.9424475
vt 0.4540723 0.9492711
vt 0.4413998 0.9492711
vt 0.4881903 0.8391187
vt 0.4950139 0.8391187
vt 0.4959887 0.8391187
vt 0.4950139 0.8478919
vt 0.4336014 0.7572353
vt 0.411181 0.7572353
vt 0.4336014 0.8556902
vt 0.411181 0.8556902
vt 0.3263733 0.9687672
vt 0.3263733 0.9414727
vt 0.2542381 0.9687672
vt 0.2542381 0.9414727
vt 0.2542381 0.9375736
vt 0.3390458 0.9375736
vt 0.2542381 0.8537406
vt 0.3390458 0.8537406
vt 0.4881903 0.7972022
vt 0.4920895 0.7972022
vt 0.4881903 0.7572353
vt 0.4920895 0.7572353
vt 0.4667447 0.7572353
vt 0.4667447 0.8644634
vt 0.4735683 0.7611346
vt 0.4735683 0.8595895
vt 0.3614662 0.9814396
vt 0.3663402 0.9726664
vt 0.2766585 0.9814396
vt 0.2737341 0.9726664
vt 0.4716187 0.8673878
vt 0.4716187 0.959994
vt 0.4794171 0.871287
vt 0.4794171 0.9560947
vt 0.4872155 0.9853387
vt 0.4881903 0.9911876
vt 0.4920895 0.989238
vt 0.4911147 0.984364
vt 0.3468442 0.7572353
vt 0.2542381 0.7572353
vt 0.3468442 0.8498414
vt 0.2542381 0.8498414
vt 0.4336014 0.8595895
vt 0.411181 0.8595895
vt 0.4336014 0.9580444
vt 0.411181 0.9580444
vt 0.3663402 0.9668176
vt 0.3663402 0.8820099
vt 0.3429449 0.9668176
vt 0.3429449 0.8820099
vt 0.4784423 0.8566651
vt 0.4784423 0.8537406
vt 0.4774675 0.8566651
vt 0.4774675 0.8537406
vt 0.4842911 0.7611346
vt 0.4774675 0.7572353
vt 0.4842911 0.8449674
vt 0.4774675 0.8498414
vt 0.3312473 0.9853387
vt 0.3312473 0.989238
vt 0.3448946 0.9853387
vt 0.3448946 0.989238
vt 0.2903057 0.9853387
vt 0.2747089 0.9853387
vt 0.2903057 0.994112
vt 0.2747089 0.994112
vt 0.3429449 0.8693374
vt 0.3468442 0.8693374
vt 0.3429449 0.8537406
vt 0.3468442 0.8537406
vt 0.3692646 0.9619436
vt 0.3692646 0.9911876
vt 0.4219038 0.9619436
vt 0.4219038 0.9911876
vt 0.4375007 0.7572353
vt 0.4375007 0.8166982
vt 0.4628455 0.7572353
vt 0.4628455 0.8166982
vt 0.3692646 0.8820099
vt 0.3692646 0.9365987
vt 0.3975338 0.8820099
vt 0.3975338 0.9365987
vt 0.4375007 0.8810351
vt 0.4628455 0.8810351
vt 0.4375007 0.8205974
vt 0.4628455 0.8205974
vt 0.4833163 0.9054051
vt 0.4920895 0.9122287
vt 0.4833163 0.8537406
vt 0.4920895 0.846917
vt 0.4072818 0.7572353
vt 0.3507434 0.7572353
vt 0.4072818 0.822547
vt 0.3507434 0.822547
vt 0.4072818 0.8254714
vt 0.3507434 0.8254714
vt 0.4072818 0.8790855
vt 0.3507434 0.8790855
vt 0.4872155 0.9229515
vt 0.4872155 0.974616
vt 0.4959887 0.9151531
vt 0.4959887 0.9814396
vt 0.4248282 0.9755908
vt 0.4833163 0.9755908
vt 0.4248282 0.9629183
vt 0.4833163 0.9629183
vt 0.4248282 0.9911876
vt 0.4833163 0.9911876
vt 0.4248282 0.97949
vt 0.4833163 0.97949
vt 0.401433 0.8956571
vt 0.406307 0.8956571
vt 0.401433 0.8820099
vt 0.406307 0.8820099
vt 0.2708097 0.9882632
vt 0.2708097 0.97949
vt 0.2542381 0.9882632
vt 0.2542381 0.97949
vt 0.1382368 0.4180046
vt 0.1304383 0.4180046
vt 0.1382368 0.4394502
vt 0.1304383 0.4394502
vt 0.1304383 0.4530975
vt 0.1304383 0.4803919
vt 0.1382368 0.4530975
vt 0.1382368 0.4803919
vt 0.001764617 0.4940391
vt 0.1245895 0.4940391
vt 0.001764617 0.401433
vt 0.1245895 0.401433
vt 0.1626068 0.4979383
vt 0.215246 0.4979383
vt 0.1626068 0.3926598
vt 0.215246 0.3926598
vt 0.1645564 0.357567
vt 0.2191452 0.357567
vt 0.1645564 0.2522885
vt 0.2191452 0.2522885
vt 0.001764617 0.2864065
vt 0.001764617 0.3390458
vt 0.1401864 0.2864065
vt 0.1401864 0.3390458
vt 0.1499344 0.3507434
vt 0.1440856 0.3507434
vt 0.1499344 0.4979383
vt 0.1440856 0.4979383
vt 0.1509092 0.2649609
vt 0.002739418 0.2532633
vt 0.002739418 0.2649609
vt 0.1509092 0.2532633
vt 0.2474145 0.3907102
vt 0.2357168 0.3907102
vt 0.2474145 0.4979383
vt 0.2357168 0.4979383
vt 0.2464397 0.2532633
vt 0.2376664 0.2532633
vt 0.2464397 0.3614662
vt 0.2376664 0.3614662
vt 0.1596824 0.2532633
vt 0.1538336 0.2532633
vt 0.1596824 0.4004582
vt 0.1538336 0.4004582
vt 0.1509092 0.2815325
vt 0.1509092 0.2698349
vt 0.002739418 0.2815325
vt 0.002739418 0.2698349
vt 0.2318176 0.3907102
vt 0.2191452 0.4979383
vt 0.2318176 0.4979383
vt 0.2191452 0.3907102
vt 0.2327925 0.2532633
vt 0.2240192 0.2532633
vt 0.2327925 0.3614662
vt 0.2240192 0.3614662
vt 0.001764617 0.3439198
vt 0.001764617 0.396559
vt 0.1401864 0.3439198
vt 0.1401864 0.396559
vt 0.1479848 0.2961545
vt 0.1450604 0.2961545
vt 0.1479848 0.3283229
vt 0.1450604 0.3283229
vt 0.1479848 0.3283229
vt 0.1479848 0.2961545
vt 0.1450604 0.3283229
vt 0.1450604 0.2961545
vt 0.1645564 0.3663402
vt 0.1645564 0.3877858
vt 0.2015988 0.3663402
vt 0.2015988 0.3877858
vt 0.1548084 0.4823415
vt 0.156758 0.4823415
vt 0.1548084 0.4248282
vt 0.156758 0.4248282
vt 0.1548084 0.4823415
vt 0.156758 0.4823415
vt 0.1548084 0.4248282
vt 0.156758 0.4248282
vt 0.2444901 0.3877858
vt 0.2444901 0.3663402
vt 0.2074476 0.3877858
vt 0.2074476 0.3663402
vt 0.4267778 0.17138
vt 0.4375007 0.17138
vt 0.4267778 0.001764617
vt 0.4375007 0.001764617
vt 0.2990789 0.0894967
vt 0.2990789 0.06415188
vt 0.2961545 0.0894967
vt 0.2961545 0.06415188
vt 0.3702394 0.04563066
vt 0.3702394 0.06707628
vt 0.3760882 0.05245427
vt 0.3702394 0.00468902
vt 0.3760882 0.00566382
vt 0.3760882 0.07682429
vt 0.3760882 0.0933959
vt 0.3702394 0.09437071
vt 0.3702394 0.1041187
vt 0.3799874 0.1041187
vt 0.3702394 0.04563066
vt 0.3799874 0.02126064
vt 0.3643906 0.04270626
vt 0.3643906 0.01931103
vt 0.3546426 0.04270626
vt 0.3546426 0.01931103
vt 0.3643906 0.08559749
vt 0.3546426 0.08559749
vt 0.3546426 0.001764617
vt 0.3643906 0.001764617
vt 0.3702394 0.02126064
vt 0.3702394 0.05245427
vt 0.3799874 0.02515984
vt 0.3799874 0.05245427
vt 0.3799874 0.1070431
vt 0.3702394 0.1089927
vt 0.3790126 0.02223544
vt 0.3702394 0.02126064
vt 0.3790126 0.04758026
vt 0.372189 0.05927787
vt 0.3643906 0.001764617
vt 0.3546426 0.001764617
vt 0.3643906 0.1060683
vt 0.3546426 0.1119171
vt 0.3643906 0.1177659
vt 0.3546426 0.02223544
vt 0.3643906 0.02223544
vt 0.3546426 0.001764617
vt 0.3643906 0.001764617
vt 0.3643906 0.05927787
vt 0.3546426 0.05927787
vt 0.3643906 0.02515984
vt 0.3546426 0.02515984
vt 0.3643906 0.06805108
vt 0.3546426 0.06805108
vt 0.3546426 0.001764617
vt 0.3643906 0.001764617
vt 0.2932301 0.1343375
vt 0.2981041 0.1284887
vt 0.2932301 0.1284887
vt 0.2981041 0.1343375
vt 0.3780378 0.00468902
vt 0.3702394 0.00468902
vt 0.3780378 0.1138667
vt 0.3702394 0.1138667
vt 0.4267778 0.1148415
vt 0.4375007 0.1148415
vt 0.4267778 0.0826731
vt 0.4375007 0.0826731
vt 0.4267778 0.02418504
vt 0.4375007 0.02418504
vt 0.4375007 0.1548084
vt 0.4267778 0.1548084
vt 0.420929 0.07000068
vt 0.4199542 0.07000068
vt 0.420929 0.1080179
vt 0.4199542 0.1080179
vt 0.420929 0.001764617
vt 0.4199542 0.001764617
vt 0.420929 0.1538336
vt 0.4199542 0.1538336
vt 0.420929 0.001764617
vt 0.4199542 0.001764617
vt 0.420929 0.1606572
vt 0.4199542 0.1606572
vt 0.4199542 0.02418504
vt 0.420929 0.02418504
vt 0.4199542 0.001764617
vt 0.420929 0.001764617
vt 0.4267778 0.03490785
vt 0.4267778 0.06317708
vt 0.4375007 0.03490785
vt 0.4375007 0.06317708
vt 0.4375007 0.1314131
vt 0.4267778 0.1314131
vt 0.4375007 0.1596824
vt 0.4267778 0.1596824
vt 0.4267778 0.07584949
vt 0.4267778 0.09729511
vt 0.4375007 0.09729511
vt 0.4375007 0.1353123
vt 0.4375007 0.04660546
vt 0.4267778 0.1353123
vt 0.4267778 0.04660546
vt 0.420929 0.0904715
vt 0.420929 0.001764617
vt 0.4199542 0.0904715
vt 0.4199542 0.001764617
vt 0.4199542 0.03783225
vt 0.4199542 0.07000068
vt 0.420929 0.03783225
vt 0.420929 0.07000068
vt 0.420929 0.1216651
vt 0.4199542 0.1216651
vt 0.420929 0.1694304
vt 0.4199542 0.1694304
vt 0.420929 0.02223544
vt 0.4199542 0.02223544
vt 0.4267778 0.03490785
vt 0.4375007 0.03490785
vt 0.4375007 0.01346223
vt 0.2864065 0.2123216
vt 0.2864065 0.1528588
vt 0.2747089 0.2123216
vt 0.2747089 0.1528588
vt 0.2864065 0.05927787
vt 0.2747089 0.05927787
vt 0.2864065 0.001764617
vt 0.2747089 0.001764617
vt 0.2864065 0.2483893
vt 0.2747089 0.2483893
vt 0.2903057 0.2220696
vt 0.3059025 0.2220696
vt 0.2903057 0.001764617
vt 0.3059025 0.001764617
vt 0.2708097 0.001764617
vt 0.2522885 0.001764617
vt 0.2708097 0.06122747
vt 0.2522885 0.06122747
vt 0.2708097 0.1528588
vt 0.2522885 0.1528588
vt 0.2522885 0.2142712
vt 0.2708097 0.2142712
vt 0.2708097 0.2483893
vt 0.2522885 0.2483893
vt 0.4150802 0.001764617
vt 0.3994834 0.001764617
vt 0.4150802 0.01541183
vt 0.3994834 0.03100864
vt 0.4959887 0.03393305
vt 0.4862407 0.03393305
vt 0.4959887 0.07779909
vt 0.4862407 0.07779909
vt 0.4959887 0.1382368
vt 0.4862407 0.1382368
vt 0.4959887 0.205498
vt 0.4862407 0.205498
vt 0.4862407 0.001764617
vt 0.4959887 0.001764617
vt 0.4862407 0.2483893
vt 0.4959887 0.2483893
vt 0.4667447 0.1791784
vt 0.4813667 0.2064728
vt 0.4813667 0.1791784
vt 0.4667447 0.1791784
vt 0.4813667 0.1791784
vt 0.4667447 0.001764617
vt 0.4813667 0.001764617
vt 0.4618707 0.001764617
vt 0.4423746 0.001764617
vt 0.4618707 0.03685745
vt 0.4423746 0.03685745
vt 0.4618707 0.08072349
vt 0.4423746 0.08072349
vt 0.4423746 0.1392116
vt 0.4618707 0.1392116
vt 0.4423746 0.205498
vt 0.4618707 0.205498
vt 0.4423746 0.2483893
vt 0.4618707 0.2483893
vt 0.4238534 0.2113468
vt 0.4384754 0.2240192
vt 0.4228786 0.2015988
vt 0.4375007 0.2015988
vt 0.3497685 0.00566382
vt 0.3098017 0.00566382
vt 0.3497685 0.04758026
vt 0.3098017 0.04758026
vt 0.3098017 0.06902588
vt 0.3497685 0.06902588
vt 0.3497685 0.2220696
vt 0.3098017 0.2259688
vt 0.3448946 0.2454649
vt 0.3166253 0.2444901
vt 0.411181 0.1021691
vt 0.4033826 0.1021691
vt 0.411181 0.03198345
vt 0.4033826 0.03198345
vt 0.3799874 0.1733296
vt 0.3799874 0.1411612
vt 0.3702394 0.1733296
vt 0.3702394 0.1411612
vt 0.3838866 0.17138
vt 0.3946094 0.17138
vt 0.3838866 0.1411612
vt 0.3955842 0.2093972
vt 0.3838866 0.2396161
vt 0.3799874 0.1733296
vt 0.3702394 0.1733296
vt 0.3799874 0.2093972
vt 0.3702394 0.2093972
vt 0.3702394 0.2093972
vt 0.3702394 0.2415657
vt 0.3799874 0.2093972
vt 0.3799874 0.2415657
vt 0.3838866 0.03393305
vt 0.3946094 0.03393305
vt 0.3838866 0.001764617
vt 0.3946094 0.001764617
vt 0.3838866 0.1011943
vt 0.3946094 0.1011943
vt 0.3838866 0.06902588
vt 0.3946094 0.06902588
vt 0.3946094 0.03393305
vt 0.3838866 0.03393305
vt 0.3946094 0.06902588
vt 0.3838866 0.06902588
vt 0.3653654 0.1255643
vt 0.3546426 0.1557832
vt 0.3653654 0.22012
vt 0.3546426 0.190876
vt 0.3936346 0.1479848
vt 0.4150802 0.1479848
vt 0.3936346 0.1226399
vt 0.4150802 0.1226399
vt 0.4150802 0.1226399
vt 0.4053322 0.1167911
vt 0.4150802 0.1226399
vt 0.3936346 0.1226399
vt 0.4150802 0.1479848
vt 0.3936346 0.1479848
vt 0.4150802 0.1489596
vt 0.406307 0.1548084
vt 0.4813667 0.2064728
vt 0.4667447 0.1791784
vt 0.4813667 0.1791784
vt 0.4033826 0.03198345
vt 0.4033826 0.1021691
vt 0.411181 0.03198345
vt 0.411181 0.1021691
vt 0.7942778 0.3614662
vt 0.7942778 0.4521227
vt 0.8283958 0.3614662
vt 0.8283958 0.4521227
vt 0.9346491 0.4979383
vt 0.9005311 0.4589463
vt 0.7523614 0.4979383
vt 0.7864794 0.4589463
vt 0.9346491 0.3682898
vt 0.9005311 0.3682898
vt 0.7523614 0.3682898
vt 0.7864794 0.3682898
vt 0.9980112 0.381937
vt 0.9980112 0.2522885
vt 0.9648679 0.381937
vt 0.9648679 0.2522885
vt 0.9736412 0.396559
vt 0.9395231 0.396559
vt 0.9736412 0.4979383
vt 0.9395231 0.4979383
vt 0.9648679 0.381937
vt 0.9980112 0.381937
vt 0.9648679 0.2522885
vt 0.9980112 0.2522885
vt 0.9346491 0.4979383
vt 0.9346491 0.3682898
vt 0.9005311 0.4589463
vt 0.9005311 0.3682898
vt 0.7523614 0.4979383
vt 0.7864794 0.4589463
vt 0.7523614 0.3682898
vt 0.7864794 0.3682898
vt 0.7942778 0.3614662
vt 0.7942778 0.4521227
vt 0.8283958 0.3614662
vt 0.8283958 0.4521227
vt 0.8927327 0.4521227
vt 0.8927327 0.362441
vt 0.8361942 0.4521227
vt 0.8361942 0.362441
vt 0.8927327 0.362441
vt 0.8361942 0.362441
vt 0.8927327 0.4521227
vt 0.8361942 0.4521227
vt 0.8927327 0.362441
vt 0.8361942 0.362441
vt 0.8927327 0.4521227
vt 0.8361942 0.4521227
vt 0.9502459 0.3790126
vt 0.9434223 0.3790126
vt 0.9502459 0.3848614
vt 0.9434223 0.3848614
vt 0.9590191 0.3565922
vt 0.9590191 0.3507434
vt 0.7523614 0.3565922
vt 0.7523614 0.3507434
vt 0.7523614 0.338071
vt 0.7523614 0.3439198
vt 0.9590191 0.338071
vt 0.9590191 0.3439198
vt 0.7523614 0.3244237
vt 0.7523614 0.3312473
vt 0.9590191 0.3244237
vt 0.9590191 0.3312473
vt 0.9434223 0.3790126
vt 0.9434223 0.3848614
vt 0.9502459 0.3790126
vt 0.9502459 0.3848614
vt 0.8927327 0.4521227
vt 0.8927327 0.362441
vt 0.8361942 0.4521227
vt 0.8361942 0.362441
vt 0.7523614 0.2893309
vt 0.7523614 0.3185749
vt 0.9590191 0.2903057
vt 0.9590191 0.3185749
vt 0.9590191 0.2532633
vt 0.7523614 0.2532633
vt 0.9590191 0.2815325
vt 0.7523614 0.2815325
vt 0.9980112 0.2522885
vt 0.9648679 0.2522885
vt 0.9980112 0.381937
vt 0.9648679 0.381937
vt 0.8342446 0.4511479
vt 0.8371691 0.4511479
vt 0.8342446 0.362441
vt 0.8371691 0.362441
vt 0.8342446 0.4511479
vt 0.8371691 0.4511479
vt 0.8342446 0.362441
vt 0.8371691 0.362441
vt 0.8371691 0.3682898
vt 0.8342446 0.3682898
vt 0.8371691 0.4511479
vt 0.8342446 0.4511479
vt 0.8342446 0.3682898
vt 0.8342446 0.4511479
vt 0.8371691 0.3682898
vt 0.8371691 0.4511479
vt 0.8342446 0.4511479
vt 0.8371691 0.4511479
vt 0.8342446 0.3907102
vt 0.8371691 0.3907102
vt 0.8371691 0.3887606
vt 0.8342446 0.3887606
vt 0.8371691 0.4511479
vt 0.8342446 0.4511479
vt 0.8342446 0.4511479
vt 0.8371691 0.4511479
vt 0.8342446 0.3887606
vt 0.8371691 0.3887606
vt 0.8342446 0.3975338
vt 0.8342446 0.4511479
vt 0.8371691 0.3975338
vt 0.8371691 0.4511479
vt 0.9814396 0.3936346
vt 0.9980112 0.381937
vt 0.9648679 0.381937
vt 0.9814396 0.3936346
vt 0.9980112 0.381937
vt 0.9648679 0.381937
vt 0.6734025 0.2542381
vt 0.5398548 0.2542381
vt 0.6734025 0.2961545
vt 0.5398548 0.2961545
vt 0.6587805 0.352693
vt 0.6587805 0.3020033
vt 0.5427791 0.352693
vt 0.5427791 0.3020033
vt 0.5018375 0.2961545
vt 0.6100404 0.2961545
vt 0.5028123 0.2542381
vt 0.6100404 0.2542381
vt 0.5398548 0.2961545
vt 0.6100404 0.2961545
vt 0.5398548 0.2542381
vt 0.6100404 0.2542381
vt 0.5174343 0.2961545
vt 0.6012672 0.2961545
vt 0.5174343 0.2542381
vt 0.6012672 0.2542381
vt 0.6587805 0.352693
vt 0.6587805 0.3020033
vt 0.5690988 0.352693
vt 0.5690988 0.3020033
vt 0.5505776 0.347819
vt 0.5622752 0.3429449
vt 0.5515524 0.3010285
vt 0.5632499 0.3010285
vt 0.5574012 0.2542381
vt 0.5574012 0.2961545
vt 0.6305112 0.2542381
vt 0.6305112 0.2961545
vt 0.61199 0.2961545
vt 0.61199 0.2542381
vt 0.5310816 0.2961545
vt 0.5310816 0.2542381
vt 0.6587805 0.352693
vt 0.6587805 0.3020033
vt 0.5690988 0.352693
vt 0.5690988 0.3020033
vt 0.6178388 0.2961545
vt 0.6178388 0.2542381
vt 0.5544767 0.2961545
vt 0.5544767 0.2542381
vt 0.6587805 0.352693
vt 0.6587805 0.3020033
vt 0.5905444 0.352693
vt 0.5905444 0.3020033
vt 0.5067115 0.2961545
vt 0.6090656 0.2961545
vt 0.5067115 0.2542381
vt 0.6090656 0.2542381
vt 0.6373348 0.2542381
vt 0.5349807 0.2542381
vt 0.6373348 0.2961545
vt 0.5349807 0.2961545
vt 0.6587805 0.352693
vt 0.6587805 0.3020033
vt 0.548628 0.352693
vt 0.548628 0.3020033
vt 0.5807964 0.3020033
vt 0.5807964 0.352693
vt 0.6587805 0.3020033
vt 0.6587805 0.352693
vt 0.5515524 0.3020033
vt 0.5515524 0.3429449
vt 0.5632499 0.3020033
vt 0.5632499 0.347819
vt 0.5846956 0.3020033
vt 0.5846956 0.352693
vt 0.6587805 0.3020033
vt 0.6587805 0.352693
vt 0.5885948 0.2542381
vt 0.5885948 0.2961545
vt 0.6392844 0.2542381
vt 0.6392844 0.2961545
vt 0.6587805 0.352693
vt 0.6587805 0.3020033
vt 0.6002924 0.352693
vt 0.6002924 0.3020033
vt 0.6587805 0.352693
vt 0.6587805 0.3020033
vt 0.5145099 0.352693
vt 0.5145099 0.3020033
vt 0.548628 0.3020033
vt 0.548628 0.352693
vt 0.6587805 0.3020033
vt 0.6587805 0.352693
vt 0.5885948 0.2542381
vt 0.5885948 0.2961545
vt 0.6451333 0.2542381
vt 0.6451333 0.2961545
vt 0.6587805 0.352693
vt 0.6587805 0.3020033
vt 0.602242 0.352693
vt 0.602242 0.3020033
vt 0.7484621 0.4033826
vt 0.7484621 0.2513137
vt 0.7309157 0.4033826
vt 0.7309157 0.2513137
vt 0.7484621 0.2513137
vt 0.7309157 0.2513137
vt 0.7484621 0.3926598
vt 0.7309157 0.3926598
vt 0.7309157 0.3419701
vt 0.7484621 0.3419701
vt 0.7309157 0.2513137
vt 0.7484621 0.2513137
vt 0.7484621 0.3205245
vt 0.7484621 0.2513137
vt 0.7309157 0.3205245
vt 0.7309157 0.2513137
vt 0.7309157 0.2513137
vt 0.7309157 0.3604914
vt 0.7484621 0.2513137
vt 0.7484621 0.3604914
vt 0.7309157 0.3468442
vt 0.7484621 0.3468442
vt 0.7309157 0.2513137
vt 0.7484621 0.2513137
vt 0.7309157 0.3585418
vt 0.7484621 0.3585418
vt 0.7309157 0.2513137
vt 0.7484621 0.2513137
vt 0.7309157 0.2513137
vt 0.7309157 0.3351465
vt 0.7484621 0.2513137
vt 0.7484621 0.3351465
vt 0.7309157 0.3858362
vt 0.7484621 0.3858362
vt 0.7309157 0.2513137
vt 0.7484621 0.2513137
vt 0.7309157 0.2513137
vt 0.7309157 0.3858362
vt 0.7484621 0.2513137
vt 0.7484621 0.3858362
vt 0.7484621 0.3234489
vt 0.7484621 0.2513137
vt 0.7309157 0.3234489
vt 0.7309157 0.2513137
vt 0.5661744 0.3487937
vt 0.5661744 0.3029781
vt 0.5544767 0.3487937
vt 0.5544767 0.3029781
vt 0.5515524 0.3487937
vt 0.5700735 0.3487937
vt 0.5515524 0.3029781
vt 0.5700735 0.3029781
vt 0.5544767 0.3487937
vt 0.5661744 0.3487937
vt 0.5544767 0.3029781
vt 0.5661744 0.3029781
vt 0.5515524 0.3487937
vt 0.5700735 0.3487937
vt 0.5515524 0.3029781
vt 0.5700735 0.3029781
vt 0.5661744 0.3029781
vt 0.5554516 0.3029781
vt 0.5661744 0.3487937
vt 0.5554516 0.3487937
vt 0.5564263 0.3029781
vt 0.5564263 0.3487937
vt 0.5651996 0.3029781
vt 0.5651996 0.3487937
vt 0.5661744 0.3029781
vt 0.5554516 0.3029781
vt 0.5661744 0.3487937
vt 0.5554516 0.3487937
vt 0.6763269 0.3565922
vt 0.7045961 0.3565922
vt 0.6763269 0.2513137
vt 0.7045961 0.2513137
vt 0.6773017 0.2542381
vt 0.6773017 0.3595166
vt 0.6812009 0.2542381
vt 0.6812009 0.3595166
vt 0.6763269 0.3565922
vt 0.7045961 0.3565922
vt 0.6763269 0.2522885
vt 0.7045961 0.2522885
vt 0.7250669 0.4638203
vt 0.7250669 0.4686943
vt 0.7396889 0.4501731
vt 0.7396889 0.4833163
vt 0.7250669 0.4638203
vt 0.7250669 0.4686943
vt 0.7396889 0.4501731
vt 0.7396889 0.4833163
vt 0.5554516 0.3029781
vt 0.5554516 0.3487937
vt 0.5661744 0.3029781
vt 0.5661744 0.3487937
vt 0.5564263 0.3487937
vt 0.5651996 0.3487937
vt 0.5564263 0.3029781
vt 0.5651996 0.3029781
vt 0.5554516 0.3029781
vt 0.5554516 0.3487937
vt 0.5661744 0.3029781
vt 0.5661744 0.3487937
vt 0.5544767 0.3487937
vt 0.5661744 0.3487937
vt 0.5544767 0.3029781
vt 0.5661744 0.3029781
vt 0.5700735 0.3487937
vt 0.5700735 0.3029781
vt 0.5515524 0.3487937
vt 0.5515524 0.3029781
vt 0.5544767 0.3487937
vt 0.5661744 0.3487937
vt 0.5544767 0.3029781
vt 0.5661744 0.3029781
vt 0.5700735 0.3487937
vt 0.5700735 0.3029781
vt 0.5515524 0.3487937
vt 0.5515524 0.3029781
vt 0.5349807 0.3088269
vt 0.5349807 0.3273481
vt 0.6353852 0.3088269
vt 0.6353852 0.3273481
vt 0.5398548 0.3253985
vt 0.6227129 0.3253985
vt 0.5398548 0.3117513
vt 0.6227129 0.3117513
vt 0.5398548 0.3117513
vt 0.5398548 0.3253985
vt 0.6227129 0.3117513
vt 0.6227129 0.3253985
vt 0.5018375 0.4647951
vt 0.5018375 0.4989131
vt 0.6178388 0.4647951
vt 0.6178388 0.4989131
vt 0.7435881 0.406307
vt 0.7435881 0.4540723
vt 0.7484621 0.406307
vt 0.7484621 0.4540723
vt 0.7484621 0.406307
vt 0.7435881 0.406307
vt 0.7484621 0.425803
vt 0.7435881 0.425803
vt 0.7435881 0.406307
vt 0.7435881 0.4540723
vt 0.7484621 0.406307
vt 0.7484621 0.4540723
vt 0.5661744 0.3487937
vt 0.5661744 0.3029781
vt 0.5544767 0.3487937
vt 0.5544767 0.3029781
vt 0.5515524 0.3487937
vt 0.5700735 0.3487937
vt 0.5515524 0.3029781
vt 0.5700735 0.3029781
vt 0.5544767 0.3487937
vt 0.5661744 0.3487937
vt 0.5544767 0.3029781
vt 0.5661744 0.3029781
vt 0.5515524 0.3487937
vt 0.5700735 0.3487937
vt 0.5515524 0.3029781
vt 0.5700735 0.3029781
vt 0.5661744 0.3029781
vt 0.5554516 0.3029781
vt 0.5661744 0.3487937
vt 0.5554516 0.3487937
vt 0.5564263 0.3029781
vt 0.5564263 0.3487937
vt 0.5651996 0.3029781
vt 0.5651996 0.3487937
vt 0.5661744 0.3029781
vt 0.5554516 0.3029781
vt 0.5661744 0.3487937
vt 0.5554516 0.3487937
vt 0.6763269 0.3565922
vt 0.7045961 0.3565922
vt 0.6763269 0.2513137
vt 0.7045961 0.2513137
vt 0.6773017 0.2542381
vt 0.6773017 0.3595166
vt 0.6812009 0.2542381
vt 0.6812009 0.3595166
vt 0.6763269 0.3565922
vt 0.7045961 0.3565922
vt 0.6763269 0.2522885
vt 0.7045961 0.2522885
vt 0.7250669 0.4638203
vt 0.7250669 0.4686943
vt 0.7396889 0.4501731
vt 0.7396889 0.4833163
vt 0.7250669 0.4638203
vt 0.7250669 0.4686943
vt 0.7396889 0.4501731
vt 0.7396889 0.4833163
vt 0.5554516 0.3029781
vt 0.5554516 0.3487937
vt 0.5661744 0.3029781
vt 0.5661744 0.3487937
vt 0.5564263 0.3487937
vt 0.5651996 0.3487937
vt 0.5564263 0.3029781
vt 0.5651996 0.3029781
vt 0.5554516 0.3029781
vt 0.5554516 0.3487937
vt 0.5661744 0.3029781
vt 0.5661744 0.3487937
vt 0.5544767 0.3487937
vt 0.5661744 0.3487937
vt 0.5544767 0.3029781
vt 0.5661744 0.3029781
vt 0.5700735 0.3487937
vt 0.5700735 0.3029781
vt 0.5515524 0.3487937
vt 0.5515524 0.3029781
vt 0.5544767 0.3487937
vt 0.5661744 0.3487937
vt 0.5544767 0.3029781
vt 0.5661744 0.3029781
vt 0.5700735 0.3487937
vt 0.5700735 0.3029781
vt 0.5515524 0.3487937
vt 0.5515524 0.3029781
vt 0.5349807 0.3088269
vt 0.5349807 0.3273481
vt 0.6353852 0.3088269
vt 0.6353852 0.3273481
vt 0.5398548 0.3253985
vt 0.6227129 0.3253985
vt 0.5398548 0.3117513
vt 0.6227129 0.3117513
vt 0.5398548 0.3117513
vt 0.5398548 0.3253985
vt 0.6227129 0.3117513
vt 0.6227129 0.3253985
vt 0.5018375 0.4647951
vt 0.5018375 0.4989131
vt 0.6178388 0.4647951
vt 0.6178388 0.4989131
vt 0.6353852 0.1596824
vt 0.6295364 0.176254
vt 0.646108 0.1596824
vt 0.5944436 0.0924211
vt 0.6197884 0.1099675
vt 0.63636 0.1031439
vt 0.626612 0.1167911
vt 0.6626797 0.1284887
vt 0.6519569 0.1450604
vt 0.6519569 0.1479848
vt 0.6782765 0.1479848
vt 0.6626797 0.1284887
vt 0.6831505 0.1440856
vt 0.7016717 0.1343375
vt 0.5788468 0.0953455
vt 0.553502 0.07682429
vt 0.5496027 0.0885219
vn -0.9604815 0.2783436 0
vn -0.8431307 0.3568599 0.4022209
vn -0.9607769 0.2705861 -0.06075227
vn -0.8509738 0.3490169 0.3924675
vn -0.1450969 0.2549 0.9560193
vn -0.1921554 0.2392138 0.9517631
vn 0.4980354 0.3490169 0.7938185
vn 0.5764662 0.2862723 0.7653332
vn 0.6941124 0.4117615 0.5904748
vn 0.7647001 0.2862723 0.5773059
vn -0.9686199 0.2392138 -0.0674695
vn -0.9686199 0.2392138 -0.0674695
vn 0.7803862 0.3882322 0.4901766
vn 0.7960724 0.4509768 0.4035947
vn 0.6941124 0.4117615 0.5904748
vn 0.6941124 0.3960754 0.6011093
vn 0.7647001 0.2862723 0.5773059
vn 0.756857 0.3333308 0.5621905
vn 0.9450908 0.1764692 0.2750671
vn 0.8901893 0.3490169 0.2928314
vn -0.9764631 0.1607831 -0.1437661
vn -0.9764631 0.1843122 -0.1120218
vn -0.9764631 0.1843122 -0.1120218
vn -0.9686199 0.2392138 -0.0674695
vn -0.9686199 0.2392138 -0.0674695
vn 0.9686201 0.2392138 -0.06746773
vn 0.960777 0.262743 0.08873382
vn 0.9058754 0.2470568 0.3440241
vn 0.9450908 0.1764692 0.2750671
vn 0.9450908 0.2862723 -0.1576435
vn 0.9450908 0.1686261 -0.2799438
vn 0.858817 0.3803892 -0.3431289
vn 0.6784262 0.2705861 -0.6830235
vn 0.654897 0.3725461 -0.65751
vn 0.05098003 0.1921554 -0.9800395
vn 0.09803849 0.2862723 -0.9531195
vn -0.07450914 0.1215676 -0.9897826
vn -0.05097997 0.1450969 -0.9881032
vn -0.003921509 0.1137246 -0.9935046
vn 0.03529388 0.2392138 -0.9703252
vn -0.2392138 0.09803843 -0.9660047
vn -0.2392138 0.09803843 -0.9660047
vn 0.1999985 0.5921522 -0.7806128
vn 0.5764662 0.5764661 -0.5791144
vn 0.003921568 0.8196015 -0.5729206
vn 0.05098003 0.7960722 -0.6030506
vn -0.7882292 0.1450969 -0.5980315
vn -0.6313677 0.07450914 -0.7718959
vn -0.6235245 0.1450969 -0.7682213
vn -0.6313677 0.07450914 -0.7718959
vn -0.6941123 0.1999984 -0.6915264
vn -0.6862692 0.2470568 -0.6841034
vn -0.6862692 0.2235277 -0.6921488
vn -0.4745061 0.2392138 -0.8471249
vn -0.4745061 0.1999984 -0.8572308
vn -0.2784292 0.1843122 -0.942606
vn -0.2862723 0.1294107 -0.9493688
vn -0.6784261 0.2784292 -0.679864
vn -0.6784261 0.2705861 -0.6830235
vn -0.7646999 0.2862723 -0.577306
vn -0.7646999 0.4274477 -0.4822059
vn -0.5999954 0.3960754 -0.6950755
vn -0.9450908 0.1686261 -0.279944
vn -0.9450908 0.1686261 -0.279944
vn -0.8039154 0.2235277 0.5511401
vn -0.8039154 0.2392138 0.5445152
vn -0.1999984 0.2392138 0.950146
vn -0.3960754 0.2313707 0.8885898
vn 0.2941154 0.2235277 0.9292639
vn 0.2941154 0.2078415 0.9328976
vn 0.1999985 0.2941153 0.9346105
vn 0.1999985 0.2941153 0.9346105
vn -0.003921509 0.2784292 0.9604487
vn 0.1999985 0.5058784 0.8390992
vn 0.1921554 0.3333308 0.9230205
vn 0.09803849 0.2392138 0.9660047
vn -0.5843092 0.5607799 0.5866077
vn -0.5921522 0.6392107 0.4906785
vn 0.09803849 0.3254876 0.94045
vn 0.09803849 0.3254876 0.94045
vn 0.3960754 0.2470568 0.8843569
vn 0.3960754 0.2470568 0.8843569
vn -0.6548969 0.03529382 0.7548937
vn -0.6548969 0.1843122 0.7328978
vn -0.7333276 0.01176453 0.6797736
vn -0.7333276 0.1450969 0.6642119
vn -0.5764661 0.05097997 0.8155292
vn -0.5921522 0.1686261 0.7879854
vn -0.5372508 0.4901923 0.6863477
vn -0.5372508 0.4901923 0.6863477
vn -0.6313677 0.4431338 0.6364018
vn -0.6548969 0.1843122 0.7328978
vn -0.5372508 0.6862692 0.4903022
vn -0.6078384 0.3176446 0.7277598
vn -0.6941123 0.1999984 0.6915264
vn -0.3882322 0.6313677 0.6713051
vn -0.3882322 0.6313677 0.6713051
vn -0.6941123 0.1999984 0.6915264
vn -0.6862692 0.1999984 0.6993105
vn -0.7333276 0.1450969 0.6642119
vn -0.6548969 0.1843122 0.7328978
vn -0.5921522 0.1999984 0.7806128
vn -0.7725431 0.003921509 0.6349503
vn -0.9583629 0.285553 0
vn -0.9371324 0.348974 0
vn -0.8823462 0.4431338 0.1584225
vn -0.9686199 0.2392138 -0.0674695
vn -0.9294046 0.3411738 -0.1407391
vn -0.9583629 0.285553 0
vn -0.8431307 0.4196045 -0.3362479
vn -0.003921509 0.9999923 -0.000345267
vn -0.003921509 0.9999923 -0.000345267
vn -0.003921509 0.9999923 -0.000345267
vn -0.003921509 0.9999923 -0.000345267
vn -0.003921509 0.9999923 -0.000345267
vn -0.05091425 0.998703 0
vn -0.05091425 0.998703 0
vn -0.003921509 0.9999923 -0.000345267
vn -0.003921509 0.9999923 -0.000345267
vn -0.003921509 0.9999923 -0.000345267
vn -0.003921509 0.9999923 -0.000345267
vn -0.86666 0.1450969 0.4773336
vn -0.8039154 0.1450969 0.5767729
vn -0.8117584 0.1450969 0.5656812
vn -0.8274446 0.1372538 0.5445153
vn 0.09803849 0.9529338 0.2868896
vn -0.09803843 0.9764631 0.1921154
vn 0.09803849 0.9372476 0.3345973
vn -0.003921509 0.9843061 0.176426
vn -0.003921509 0.9921492 0.1249981
vn -0.1921554 0.9764631 0.09796004
vn -0.003921509 0.9921492 0.1249981
vn -0.003921509 0.9843061 0.176426
vn -0.003921509 0.9999923 -0.000345267
vn -0.09803843 0.9843061 0.146731
vn 0.3803893 0.1921554 0.9046437
vn 0.1921554 0.1450969 0.9705788
vn 0.3960754 0.2470568 0.8843569
vn 0.2941154 0.1450969 0.944692
vn 0.2941154 0.1450969 0.944692
vn 0.09803849 0.9921492 0.07764248
vn -0.003921509 0.9921492 0.1249981
vn -0.003921509 0.9921492 0.1249981
vn -0.003921509 0.9921492 0.1249981
vn -0.003921509 0.9843061 0.176426
vn 0.8666601 0.09803843 0.4891716
vn 0.8509739 0.09803843 0.5159767
vn 0.8666601 0.09803843 0.4891716
vn 0.8509739 0.09803843 0.5159767
vn -0.003921509 0.9999923 -0.000345267
vn -0.003921509 0.9999923 -0.000345267
vn -0.003921509 0.9921492 0.1249981
vn -0.003921509 0.9921492 0.1249981
vn 0.09803849 0.9921492 0.07764248
vn 0.1447058 0.9894747 0
vn 0.1921554 0.9764631 0.09796004
vn 0.09803849 0.9921492 0.07764248
vn -0.1921554 0.2156845 0.9573696
vn -0.1921554 0.2156845 0.9573696
vn -0.1921554 0.1921554 0.9623682
vn -0.1921554 0.2156845 0.9573696
vn -0.003921509 0.9999923 -0.000345267
vn -0.09803843 0.9921492 -0.07764248
vn -0.09803843 0.9921492 -0.07764248
vn -0.09803843 0.9921492 -0.07764248
vn -0.1999984 0.9764631 -0.08074968
vn -0.09803843 0.9921492 0.07764248
vn -0.09803843 0.9921492 0.07764248
vn -0.09803843 0.9764631 0.1921154
vn -0.1999984 0.9764631 -0.08074968
vn -0.2941153 0.3882322 0.8733681
vn 0.09803849 0.466663 0.8789847
vn -0.3333308 0.3725461 0.8660831
vn -0.003921509 0.3019584 0.9533131
vn 0.3960754 0.466663 0.7907907
vn 0.3960754 0.4509768 0.7998401
vn -0.9137185 0.3882322 0.1199763
vn -0.9137185 0.3803892 0.1429077
vn -0.9058753 0.4039184 0.1274356
vn -0.9058753 0.4039184 0.1274356
vn -0.4745061 0.1921554 0.8590229
vn -0.4745061 0.1921554 0.8590229
vn -0.3960754 0.1999984 0.8961723
vn -0.4352907 0.1921554 0.8795444
vn -0.1921554 0.9764631 0.09796004
vn -0.1921554 0.9764631 0.09796004
vn -0.1450969 0.9843061 0.1004409
vn -0.09803843 0.9921492 -0.07764248
vn -0.09803843 0.9921492 -0.07764248
vn -0.09803843 0.9921492 -0.07764248
vn -0.1921554 0.9764631 0.09796004
vn -0.09803843 0.9843061 0.146731
vn -0.09803843 0.9921492 0.07764248
vn -0.003921509 0.9843061 0.176426
vn -0.1999984 0.9764631 -0.08074968
vn -0.09803843 0.9921492 0.07764248
vn -0.1921554 0.9764631 0.09796004
vn -0.09803843 0.9921492 0.07764248
vn -0.003921509 0.9843061 0.176426
vn -0.003921509 0.9843061 0.176426
vn -0.8588169 0.1921554 -0.4748788
vn -0.8431307 0.1999984 -0.4991305
vn -0.8509738 0.1921554 -0.4887943
vn -0.8509738 0.1921554 -0.4887943
vn -0.2617946 0.9651236 0
vn -0.3725461 0.9215615 -0.1092419
vn -0.2156845 0.9764631 -0.0002441406
vn -0.3647031 0.9294046 -0.05655743
vn -0.1686261 0.9843061 -0.05202659
vn -0.1447058 0.9894747 0
vn -0.2392138 0.9686199 -0.06746945
vn -0.2392138 0.9686199 -0.06746945
vn -0.2392138 0.9686199 -0.06746945
vn -0.3326154 0.9430625 0
vn -0.2862723 0.9529338 -0.09982695
vn -0.8352877 0.2470568 0.4911796
vn -0.003921509 0.9921492 0.1249981
vn -0.8509738 0.2392138 0.4675684
vn -0.1921554 0.9764631 -0.09796004
vn -0.1921554 0.9764631 -0.09796004
vn -0.1921554 0.9764631 -0.09796004
vn -0.1921554 0.9764631 -0.09796004
vn -0.7176415 0.3882322 0.5781578
vn -0.7176415 0.3882322 0.5781578
vn -0.7333276 0.3411738 0.588074
vn -0.7176415 0.3882322 0.5781578
vn -0.5999954 0.02745068 0.7995324
vn -0.5999954 0.05097997 0.7983775
vn -0.6313677 0.05097997 0.7738062
vn -0.6156815 0.05097997 0.7863443
vn -0.6156815 0.05097997 0.7863443
vn -0.466663 0.05097997 0.8829647
vn -0.262743 0.003921509 0.9648579
vn -0.07450914 0.003921509 0.9972126
vn 0.8823462 0.1999984 -0.425988
vn 0.8980324 0.1999984 -0.39184
vn 0.8901893 0.09803843 -0.4449174
vn -0.7803861 -0.09803849 0.6175646
vn -0.7803861 -0.09803849 0.6175646
vn -0.874503 -0.09803849 0.4750083
vn -0.874503 -0.09803849 0.4750083
vn 0.1921554 -0.1921554 0.9623682
vn 0.1921554 -0.1921554 0.9623682
vn 0.1921554 -0.145097 0.9705788
vn 0.1921554 -0.1921554 0.9623682
vn 0.5921524 0.4901923 0.6395835
vn 0.6862693 0.3882322 0.6150693
vn 0.7803862 0.2941153 0.5518093
vn -0.7019553 0.6862692 -0.1905083
vn -0.7019553 0.6862692 -0.1905083
vn -0.6784261 0.6784261 -0.2819147
vn -0.66274 0.6862692 -0.2996837
vn -0.1686261 0.9764631 0.1344809
vn -0.1450969 0.9843061 0.1004409
vn -0.2156845 0.9764631 -0.0002441406
vn -0.2156845 0.9764631 -0.0002441406
vn -0.003921509 0.9843061 0.176426
vn -0.9529338 -0.09803849 -0.2868896
vn -0.9529338 -0.09803849 -0.2868896
vn -0.9529338 -0.05098003 -0.2988616
vn -0.86666 -0.2862723 -0.4085935
vn -0.6784261 -0.05098003 -0.7328977
vn -0.9137185 0.1921554 -0.3580432
vn -0.9921492 -0.05098003 -0.1141969
vn -0.8823462 0.3411738 -0.3241385
vn -0.9921492 0.09803843 0.07764255
vn 0.9686201 -0.05098003 0.2432616
vn 0.4980354 -0.8431308 -0.2027094
vn -0.1921554 -0.5294077 -0.8263194
vn -0.9137185 -0.05098003 0.4031372
vn -0.6784261 -0.7254847 -0.1158012
vn -0.5843092 -0.7333277 0.3475819
vn -0.6784261 -0.05098003 0.7328977
vn -0.1450969 -0.1999985 0.968993
vn -0.003921509 -0.7803862 0.6252855
vn 0.3882324 -0.9137185 -0.1199754
vn 0.9686201 -0.05098003 0.2432616
vn -0.7254846 0.1921554 -0.6608694
vn -0.7803861 0.2941153 0.5518095
vn -0.4431338 0.1450969 0.8846351
vn -0.5372508 -0.247057 0.806427
vn -0.5843092 -0.3882324 0.7126418
vn -0.5372508 -0.247057 0.806427
vn -0.3882322 0.4901923 0.7803763
vn -0.2392138 0.9686199 -0.06746945
vn -0.3411738 0.9294046 0.1407392
vn -0.8901892 0.2941153 -0.3479359
vn -0.9583629 -0.2855531 0
vn -0.8901892 -0.145097 -0.4318681
vn -0.003921509 0.4901923 0.8716055
vn -0.05097997 0.874503 0.4823334
vn 0.4352908 0.1921554 0.8795443
vn 0.4901924 -0.3411739 0.8020672
vn 0.349017 0.8980323 0.2678155
vn 0.6392108 0.1921554 0.7446381
vn 0.3411739 0.09803843 0.9348737
vn 0.2941154 -0.2941154 0.9093912
vn -0.2392138 0.9529338 0.1862631
vn -0.003921509 0.5843092 0.8115216
vn -0.2470568 -0.247057 0.936977
vn 0.247057 -0.3882324 0.887828
vn 0.145097 -0.4901924 0.8594523
vn -0.003921509 -0.3882324 0.9215532
vn -0.003921509 -0.4901924 0.8716055
vn 0.4431339 -0.2941154 0.8468344
vn -0.8431307 -0.4431339 0.3045701
vn -0.003921509 -0.9999924 0
vn 0.6392108 -0.1921554 0.7446381
vn 0.3882324 -0.4431339 0.8080272
vn -0.003921509 -0.9921493 0.1249976
vn 0.05098003 -0.9843062 -0.1689448
vn 0.4901924 -0.7803862 0.3882123
vn 0.6392108 -0.1921554 0.7446381
vn 0.4901924 -0.6784262 0.5472196
vn 0.4431339 -0.7882293 0.4269976
vn 0.2941154 -0.9215616 0.2534174
vn -0.4431338 -0.8823462 -0.1584221
vn -0.2941153 -0.9294047 -0.222942
vn -0.3882322 -0.6784262 0.6237096
vn -0.5372508 -0.2941154 0.7904795
vn -0.5372508 -0.2941154 0.7904795
vn -0.6470538 -0.7411708 -0.1788496
vn -0.1921554 -0.5294077 -0.8263194
vn -0.8352877 -0.5372508 -0.1168591
vn -0.3411738 -0.2941154 0.8928027
vn -0.8352877 -0.3960754 0.3813381
vn -0.7803861 -0.4823493 0.3979155
vn -0.874503 -0.4352908 0.2139307
vn -0.5372508 -0.247057 0.806427
vn -0.8431307 -0.1999985 0.4991305
vn -0.5372508 -0.3411739 0.7713378
vn -0.1450969 -0.4431339 0.884635
vn 0.247057 -0.3882324 0.887828
vn -0.09803843 -0.2941154 0.9507285
vn 0.145097 -0.3882324 0.9100673
vn -0.2470568 -0.1921554 0.9497575
vn -0.1921554 -0.3882324 0.9013057
vn 0.4980354 -0.8431308 -0.2027094
vn 0.9686201 -0.05098003 0.2432616
vn -0.1921554 -0.5294077 -0.8263194
vn -0.8431307 -0.4431339 0.3045701
vn 0.05098003 -0.9843062 -0.1689448
vn -0.003921509 -0.4901924 0.8716055
vn -0.9921492 -0.09803849 -0.07764249
vn -0.6392107 0.2941153 -0.7105673
vn -0.2941153 0.7803861 -0.5518095
vn -0.09803843 0.874503 -0.4750083
vn -0.003921509 0.8431307 -0.5376944
vn -0.5372508 0.3882322 -0.7487572
vn 0.6313677 0.7725431 0.06746812
vn 0.7254847 0.5764661 0.3759772
vn 0.8823462 0.2470568 0.4005347
vn -0.4901923 -0.145097 -0.8594524
vn -0.2392138 0.9529338 0.1862631
vn 0.2156847 0.9686199 -0.1235132
vn 0.3411739 0.6862692 0.6423667
vn -0.1450969 0.86666 -0.4773336
vn -0.5999954 0.7803861 -0.176077
vn -0.7490138 0.3882322 -0.536893
vn -0.9137185 0.3882322 0.1199763
vn -0.466663 0.3960754 -0.7907907
vn -0.6156815 0.09803843 -0.7818726
vn -0.1215676 0.4823492 -0.8675025
vn -0.4823492 0.09803843 -0.8704756
vn -0.8980323 0.003921509 -0.439912
vn -0.66274 -0.145097 -0.7346581
vn -0.6941123 0.4823492 0.5343664
vn -0.7333276 0.003921509 0.6798641
vn -0.1686261 0.09803843 0.9807924
vn -0.2156845 0.5843092 0.7823445
vn 0.2627431 0.09803843 0.9598721
vn 0.5843093 0.2392138 0.7754737
vn 0.3960754 -0.1999985 0.8961723
vn 0.3647031 -0.09803849 0.9259482
vn 0.6313677 0.6784261 0.3756497
vn 0.3960754 0.8980323 -0.1914738
vn 0.4745062 -0.247057 0.8448709
vn -0.5999954 -0.7960724 -0.07921112
vn 0.2705862 -0.3882324 0.880942
vn -0.03529382 -0.1921554 0.9807296
vn -0.1764692 -0.2941154 0.9393374
vn 0.1058816 -0.7254847 0.6800449
vn -0.8901892 -0.247057 0.3827873
vn -0.1843122 -0.8274447 0.5304379
vn -0.3176446 -0.9372478 0.1437657
vn -0.4823492 -0.247057 0.8404179
vn 0.05098003 -0.2862723 0.9567911
vn -0.4039184 -0.7333277 -0.5468824
vn -0.8352877 -0.247057 -0.4911796
vn -0.9137185 -0.09803849 0.3943438
vn -0.5529369 -0.2941154 0.7795876
vn -0.9372476 -0.3411739 0.07188372
vn -0.874503 -0.1921554 -0.4453322
vn -0.5921522 -0.6784262 -0.434849
vn -0.5529369 -0.3960754 -0.7330655
vn -0.5607799 -0.2941154 -0.7739651
vn -0.6235245 -0.2862723 0.7275062
vn -0.9372476 -0.3411739 0.07188372
vn -0.9921492 0.003921509 0.1249981
vn -0.003921509 -0.4352908 0.9002814
vn -0.003921509 -0.145097 0.9894097
vn 0.4431339 -0.3411739 0.828995
vn 0.4117616 -0.145097 0.8996662
vn 0.3411739 -0.7333277 0.5880738
vn -0.2235277 -0.9450908 0.2384087
vn -0.1215676 -0.9450908 0.3033556
vn 0.4901924 -0.6862693 0.5373508
vn 0.5843093 -0.4352908 0.6849121
vn -0.66274 -0.247057 0.7069219
vn -0.6548969 -0.05098003 0.7539968
vn -0.6313677 -0.7333277 -0.2522009
vn -0.5999954 -0.7254847 -0.337161
vn -0.6470538 -0.4352908 -0.6259738
vn -0.9450908 -0.2941154 0.1424764
vn -0.9294046 -0.1921554 0.3150926
vn -0.8823462 -0.4431339 0.1584223
vn -0.8509738 -0.3882324 -0.3537219
vn -0.9686199 -0.145097 -0.2017976
vn -0.45882 -0.1921554 0.8675025
vn 0.05098003 -0.3882324 0.9201504
vn 0.5294077 -0.2862723 0.7986085
vn 0.4901924 -0.1921554 0.8501692
vn 0.5843093 -0.09803849 0.8055875
vn -0.9529338 -0.247057 0.1757273
vn -0.8039154 -0.247057 -0.5410018
vn -0.5529369 -0.3333308 -0.7636434
vn -0.7019553 -0.1921554 -0.6858098
vn -0.9215615 -0.1921554 -0.3373436
vn 0.2392139 0.003921509 0.970959
vn -0.1215676 0.1450969 0.9819207
vn -0.6156815 0.05097997 0.7863443
vn 0.6392108 0.05097997 0.7673399
vn -0.9607769 0.1450969 -0.2363357
vn -0.7097985 0.3882322 -0.58776
vn -0.8274446 0.4431338 0.3449173
vn -0.9686199 -0.05098003 0.2432621
vn -0.4196045 0.8431307 -0.336248
vn -0.5215646 -0.05098003 -0.8516874
vn -0.05097997 0.6784261 -0.7328977
vn 0.15294 0.9058753 0.3949674
vn -0.09803843 0.8980323 0.4288664
vn 0.3411739 0.4901923 0.8020672
vn 0.3411739 0.3882322 0.8560818
vn -0.3411738 0.4901923 0.8020673
vn -0.3411738 0.4901923 0.8020673
vn -0.8274446 0.4431338 0.3449173
vn -0.9686199 -0.145097 -0.2017976
vn -0.2941153 0.874503 -0.3856691
vn -0.1450969 0.7725431 -0.6181619
vn -0.05091425 0.998703 0
vn 0.3411739 0.874503 -0.3447388
vn -0.6784261 0.4901923 -0.5472198
vn -0.7803861 0.09803843 -0.6175646
vn -0.8179429 0.5752994 0
vn -0.3882322 0.874503 0.2907235
vn -0.1921554 0.874503 0.4453322
vn -0.9294046 0.1999984 -0.3101737
vn -0.9294046 -0.09803849 -0.3558026
vn -0.6862692 -0.247057 -0.6841034
vn -0.9372476 -0.145097 -0.317039
vn -0.4901923 -0.8274447 -0.2739468
vn -0.4431338 0.09803843 0.8910785
vn -0.5372508 0.1921554 0.8212417
vn -0.7803861 0.003921509 0.6252857
vn -0.7803861 -0.1921554 0.595041
vn -0.4431338 -0.6313677 0.6364017
vn -0.7333276 -0.1921554 0.6521555
vn -0.8823462 -0.4431339 0.1584223
vn 0.6862693 -0.6862693 0.240975
vn -0.6392107 -0.6862693 -0.3470506
vn -0.2941153 -0.4901924 0.8204923
vn -0.05097997 -0.8274447 0.5592284
vn -0.2941153 -0.05098003 0.9544094
vn 0.8274447 -0.4823493 0.2875317
vn -0.2941153 -0.1921554 0.9362545
vn -0.3882322 -0.2941154 0.8733681
vn 0.6313677 -0.7725431 -0.06746724
vn 0.09803849 -0.5843093 0.8055874
vn -0.1450969 -0.6313677 0.7617885
vn 0.1921554 -0.9764631 0.09795943
vn 0.4431339 -0.3882324 0.8080273
vn -0.2941153 -0.7333277 0.6129655
vn -0.6313677 -0.4901924 0.6009046
vn -0.05097997 -0.9764631 0.2095729
vn -0.09803843 -0.7803862 0.6175644
vn 0.2941154 -0.5372508 0.7904794
vn 0.4431339 -0.7333277 0.5156189
vn 0.1921554 -0.8745031 0.445332
vn -0.3960754 -0.8901893 0.2251384
vn -0.3882322 -0.247057 0.887828
vn -0.003921509 -0.9843062 0.1764254
vn -0.86666 -0.4823493 0.1274349
vn -0.4352907 -0.7803862 0.4489091
vn -0.003921509 -0.8823462 -0.4705845
vn -0.7803861 -0.2941154 -0.5518094
vn -0.4901923 -0.2941154 0.8204923
vn -0.7411708 -0.6470539 -0.1788495
vn -0.1921554 -0.7333277 0.6521555
vn -0.003921509 -0.1921554 0.9813567
vn 0.6862693 -0.6392108 0.3470505
vn 0.05098003 -0.09803849 0.993876
vn -0.4431338 -0.1921554 0.875619
vn 0.05098003 0.003921509 0.998692
vn 0.6313677 0.2941153 0.7175451
vn 0.09803849 0.7803861 0.6175646
vn -0.1450969 0.1999984 0.968993
vn 0.7803862 0.003921509 0.6252855
vn -0.3882322 -0.4901924 0.7803763
vn -0.4431338 0.09803843 0.8910785
vn 0.7803862 0.4901923 0.3882124
vn 0.4823493 0.86666 0.1274349
vn -0.6784261 -0.7333277 -0.04436647
vn 0.4352908 -0.1921554 0.8795443
vn 0.7725431 -0.3882324 0.5024468
vn 0.8274447 -0.2941154 0.4783633
vn 0.6313677 -0.5843093 0.5098602
vn 0.4431339 -0.5450939 0.7116917
vn 0.349017 -0.2941154 0.8897659
vn 0.4274477 -0.7647001 0.4822056
vn -0.09803843 -0.2941154 0.9507285
vn 0.05098003 -0.09803849 0.993876
vn 0.145097 -0.9764631 0.1595826
vn -0.1921554 -0.3411739 0.9201503
vn -0.4901923 -0.4352908 0.755138
vn -0.874503 -0.4823493 0.05082935
vn -0.7333276 -0.5372508 -0.4166439
vn -0.5607799 -0.2941154 -0.7739651
vn -0.4431338 -0.145097 -0.8846351
vn -0.1921554 -0.4352908 -0.8795443
vn -0.5372508 -0.3882324 -0.7487572
vn -0.6235245 -0.2862723 -0.7275062
vn -0.8039154 -0.1921554 -0.5628467
vn -0.9372476 -0.247057 -0.2460279
vn -0.3803892 -0.8196016 -0.4284358
vn -0.3254876 -0.8980324 0.2959657
vn -0.6078384 -0.4431339 0.6589119
vn -0.9294046 -0.09803849 -0.3558026
vn -0.86666 -0.09803849 -0.4891717
vn -0.9843061 0.09803843 -0.146731
vn -0.9450908 -0.09803849 0.3117561
vn -0.7568569 -0.145097 0.6372711
vn -0.7333276 -0.145097 0.6642119
vn -0.4196045 0.003921509 0.9076986
vn -0.5921522 0.1999984 0.7806128
vn -0.9372476 0.09803843 0.3345973
vn -0.7960722 0.5764661 -0.1842711
vn -0.09803843 0.6784261 -0.7280979
vn -0.1999984 0.8980323 -0.39184
vn -0.9215615 0.2941153 -0.2534178
vn -0.05097997 0.3882322 -0.9201505
vn 0.1999985 0.8039154 -0.5601077
vn -0.05097997 0.9529338 -0.2988616
vn -0.874503 0.4823492 -0.05083052
vn -0.1450969 0.9764631 0.159583
vn 0.145097 0.9529338 -0.2662031
vn 0.8274447 0.3882322 0.4057229
vn 0.3326155 0.9430625 0
vn -0.2941153 0.6862692 0.6652299
vn 0.3882324 0.4901923 0.7803763
vn -0.5372508 0.3882322 0.7487572
vn -0.4352907 0.5843092 0.6849122
vn -0.2470568 0.4901923 0.8358675
vn 0.145097 0.003921509 0.9894097
vn 0.5294077 -0.1921554 0.8263194
vn -0.2470568 -0.1921554 0.9497575
vn -0.5372508 0.4901923 0.6863477
vn -0.874503 0.4823492 -0.05083052
vn -0.1450969 0.9764631 0.159583
vn -0.9215615 0.2941153 -0.2534178
vn -0.003921509 0.9999923 -0.000345267
vn 0.003921568 0.9999923 -0.000345267
vn -0.003921509 0.9999923 -0.000345267
vn -0.003921509 0.9999923 -0.000345267
vn -0.003921509 0.9999923 -0.000345267
vn -0.003921509 0.9999923 -0.000345267
vn -0.003921509 0.9999923 -0.000345267
vn -0.003921509 0.9999923 -0.000345267
vn 0.9372478 0.3176446 0.1437657
vn 0.7333277 0.3019584 -0.60914
vn 0.9764631 0.1450969 0.1595827
vn 0.7803862 0.1450969 -0.6082304
vn 0.05098003 0.3176446 -0.9468384
vn 0.05882311 0.1607831 -0.9852353
vn 0.6862693 0.2078415 0.6970196
vn 0.552937 0.3176446 0.7703003
vn -0.003921509 0.3176446 0.9482017
vn -0.01176453 0.3176446 0.9481369
vn -0.6548969 0.3176446 -0.6857201
vn -0.6313677 0.1607831 -0.7586328
vn -0.9529338 0.3019584 -0.02717196
vn -0.9894747 0.1447058 0
vn -0.6548969 0.3176446 0.6857201
vn -0.7725431 0.2078415 0.5999826
vn -0.01176453 0.3176446 0.9481369
vn -0.003921509 0.3176446 0.9482017
vn -0.003921509 0.9999923 -0.000345267
vn -0.003921509 0.9999923 -0.000345267
vn -0.003921509 0.9999923 -0.000345267
vn -0.003921509 0.9999923 -0.000345267
vn -0.003921509 0.9999923 -0.000345267
vn -0.003921509 0.9999923 -0.000345267
vn -0.003921509 0.9999923 -0.000345267
vn -0.003921509 0.9999923 -0.000345267
vn 0.5372508 0.3176446 -0.7813216
vn -0.1450969 0.3176446 -0.9370426
vn 0.5372508 0.1607831 -0.8279555
vn -0.1607831 0.1450969 -0.9762662
vn -0.6862692 0.3176446 -0.6543214
vn -0.5999954 0.2078415 -0.7725332
vn -0.9529338 0.2941153 -0.07357585
vn -0.9529338 0.2941153 -0.07357585
vn 0.9686201 0.1450969 -0.201797
vn 0.9372478 0.2941153 -0.1872507
vn 0.7803862 0.1607831 0.6042733
vn 0.7725431 0.3176446 0.549799
vn 0.0274508 0.1450969 0.9890366
vn 0.0274508 0.2784292 0.9600644
vn -0.6235245 0.1686261 0.7634019
vn -0.6784261 0.2392138 0.6946328
vn -0.9529338 0.2941153 -0.07357585
vn -0.9529338 0.2941153 -0.07357585
vn -0.9843061 0.003921509 0.176426
vn -0.8980323 0.003921509 -0.439912
vn -0.9215615 0.3490169 0.1700342
vn -0.8352877 0.3568599 -0.4182649
vn -0.66274 0.3568599 0.6583515
vn -0.7097985 0.003921509 0.7043939
vn -0.4745061 0.003921509 -0.8802435
vn -0.466663 0.3568599 -0.8092445
vn 0.1294108 0.003921509 -0.9915833
vn 0.1215677 0.3568599 -0.9262139
vn 0.7333277 0.003921509 -0.679864
vn 0.6784262 0.3568599 -0.6421751
vn 0.9999924 0.003921509 0
vn 0.9294047 0.3568599 -0.09411653
vn 0.8431308 0.003921509 0.5376942
vn 0.7882293 0.3568599 0.5013438
vn 0.4039185 0.003921509 0.9147866
vn 0.3725462 0.3568599 0.8566565
vn -0.1843122 0.003921509 0.9828599
vn -0.1607831 0.3490169 0.9232205
vn -0.7097985 0.003921509 0.7043939
vn -0.66274 0.3568599 0.6583515
vn -0.5607799 0.8196015 0.1173849
vn -0.4901923 0.8352877 -0.24901
vn -0.5607799 0.8196015 0.1173849
vn -0.5058784 0.8274446 -0.2437673
vn -0.4039184 0.8196015 0.406329
vn -0.4117615 0.8196015 0.3983789
vn -0.1058815 0.8196015 0.5630652
vn -0.1058815 0.8196015 0.5630652
vn 0.2156847 0.8196015 0.5307857
vn 0.2156847 0.8196015 0.5307857
vn 0.4745062 0.8274446 0.3002988
vn 0.4745062 0.8274446 0.3002988
vn 0.5519871 0.8338527 0
vn 0.5450939 0.8352877 -0.07188273
vn 0.4039185 0.8352877 -0.3730205
vn 0.4039185 0.8352877 -0.3730205
vn 0.06666619 0.8352877 -0.5457565
vn 0.06666619 0.8431307 -0.53356
vn -0.3176446 0.8352877 -0.4487721
vn -0.3176446 0.8352877 -0.4487721
vn 0.7725431 -0.003921568 -0.6349502
vn 0.9843062 -0.003921568 0.1764254
vn 0.7803862 0.1450969 -0.6082304
vn 0.9764631 0.1450969 0.1595827
vn 0.05882311 0.1607831 -0.9852353
vn 0.05882311 -0.003921568 -0.9982607
vn 0.8274447 -0.003921568 0.5615336
vn 0.6862693 0.2078415 0.6970196
vn -0.6313677 0.1607831 -0.7586328
vn -0.6784261 -0.003921568 -0.7346581
vn -0.9894747 0.1447058 0
vn -0.9999923 -0.003921568 -0.0003442513
vn -0.7725431 0.2078415 0.5999826
vn -0.9294046 -0.003921568 0.3690416
vn -0.1607831 -0.003921568 -0.986982
vn 0.56078 -0.003921568 -0.8279555
vn -0.1607831 0.1450969 -0.9762662
vn 0.5372508 0.1607831 -0.8279555
vn -0.5999954 0.2078415 -0.7725332
vn -0.4745061 -0.003921568 -0.8802435
vn 0.9843062 -0.003921568 -0.1764254
vn 0.9686201 0.1450969 -0.201797
vn 0.8039154 -0.003921568 0.5947307
vn 0.7803862 0.1607831 0.6042733
vn -0.003921509 -0.003921568 0.9999846
vn 0.0274508 0.1450969 0.9890366
vn -0.4509768 -0.003921568 0.892527
vn -0.6235245 0.1686261 0.7634019
vn -0.9843061 -0.003921568 0.176426
vn -0.8980323 -0.003921568 -0.439912
vn -0.9843061 0.003921509 0.176426
vn -0.8980323 0.003921509 -0.439912
vn -0.7097985 0.003921509 0.7043939
vn -0.7097985 -0.003921568 0.7043939
vn -0.1843122 0.003921509 0.9828599
vn -0.1843122 -0.003921568 0.9828599
vn 0.4196047 0.003921509 0.9076985
vn 0.4196047 -0.003921568 0.9076985
vn 0.6470539 0.003921509 0.7624342
vn 0.6470539 -0.003921568 0.7624342
vn -0.466663 -0.003921568 -0.8844265
vn -0.466663 0.003921509 -0.8844265
vn 0.1294108 -0.003921568 -0.9915833
vn 0.1294108 0.003921509 -0.9915833
vn 0.7333277 -0.003921568 -0.679864
vn 0.7333277 0.003921509 -0.679864
vn 0.9137185 -0.003921568 -0.4063288
vn 0.9137185 0.003921509 -0.4063288
vn -0.8117584 0.4117615 -0.4141265
vn -0.9058753 0.3882322 0.1693093
vn -0.8352877 0.3568599 -0.4182649
vn -0.9215615 0.3490169 0.1700342
vn -0.6470538 0.3960754 0.6514949
vn -0.66274 0.3568599 0.6583515
vn -0.1686261 0.3882322 0.9060028
vn -0.1607831 0.3490169 0.9232205
vn 0.3411739 0.3882322 0.8560818
vn 0.3725462 0.3568599 0.8566565
vn 0.7647001 0.4117615 0.4956675
vn 0.7882293 0.3568599 0.5013438
vn 0.9058754 0.4117615 -0.09920735
vn 0.9294047 0.3568599 -0.09411653
vn 0.6627401 0.4117615 -0.6254823
vn 0.6784262 0.3568599 -0.6421751
vn 0.1215677 0.4117615 -0.9031466
vn 0.1215677 0.3568599 -0.9262139
vn -0.4509768 0.4117615 -0.791879
vn -0.466663 0.3568599 -0.8092445
vn -0.8980323 0.003921509 -0.439912
vn -0.9843061 0.003921509 0.176426
vn -0.8117584 0.4117615 -0.4141265
vn -0.9058753 0.3882322 0.1693093
vn -0.7097985 0.003921509 0.7043939
vn -0.6470538 0.3960754 0.6514949
vn -0.4509768 0.4117615 -0.791879
vn -0.4745061 0.003921509 -0.8802435
vn 0.1215677 0.4117615 -0.9031466
vn 0.1294108 0.003921509 -0.9915833
vn 0.6627401 0.4117615 -0.6254823
vn 0.7333277 0.003921509 -0.679864
vn 0.9058754 0.4117615 -0.09920735
vn 0.9999924 0.003921509 0
vn 0.7647001 0.4117615 0.4956675
vn 0.8431308 0.003921509 0.5376942
vn 0.3411739 0.3882322 0.8560818
vn 0.4039185 0.003921509 0.9147866
vn -0.1686261 0.3882322 0.9060028
vn -0.1843122 0.003921509 0.9828599
vn -0.6470538 0.3960754 0.6514949
vn -0.7097985 0.003921509 0.7043939
vn -0.003921509 0.9999923 -0.000345267
vn -0.003921509 0.9999923 -0.000345267
vn 0.003921568 0.9999923 -0.000345267
vn -0.003921509 0.9999923 -0.000345267
vn -0.003921509 0.9999923 -0.000345267
vn 0.003921568 0.9999923 -0.000345267
vn -0.003921509 0.9999923 -0.000345267
vn -0.003921509 0.9999923 -0.000345267
vn 0.003921568 0.9999923 -0.000345267
vn -0.003921509 0.9999923 -0.000345267
vn -0.3411738 0.9294046 0.1407392
vn -0.3411738 0.9294046 0.1407392
vn -0.3176446 0.9294046 0.1879068
vn -0.3176446 0.9294046 0.1879068
vn -0.86666 -0.003921568 0.4988838
vn -0.86666 -0.003921568 0.4988838
vn -0.9294046 -0.003921568 0.3690416
vn -0.9294046 -0.003921568 0.3690416
vn -0.9294046 -0.003921568 0.3690416
vn -0.9294046 -0.003921568 0.3690416
vn -0.9843061 -0.003921568 0.176426
vn -0.9843061 -0.003921568 0.176426
vn 0.9294047 -0.01176465 -0.3688747
vn 0.9843062 -0.01176465 -0.1760763
vn 0.9294047 -0.003921568 -0.3690414
vn 0.9843062 -0.003921568 -0.1764254
vn 0.8823462 -0.003921568 -0.4705845
vn 0.8823462 -0.01176465 -0.4704538
vn -0.3411738 0.9294046 0.1407392
vn -0.3411738 0.9372476 0.07188439
vn -0.3411738 0.9294046 0.1407392
vn -0.3411738 0.9372476 0.07188439
vn -0.9686199 0.003921509 -0.2485156
vn -0.9999923 0.003921509 -0.0003449296
vn -0.9686199 0.003921509 -0.2485156
vn -0.9999923 0.003921509 -0.0003449296
vn 0.9686201 -0.003921568 0.2485151
vn 0.9999924 -0.003921568 0
vn 0.9686201 0.003921509 0.2485151
vn 0.9999309 -0.01176392 0
vn 0.8980324 -0.003921568 0.4399119
vn 0.8980324 0.003921509 0.4399119
vn -0.3411738 0.9372476 -0.07188439
vn -0.3411738 0.9372476 -0.07188439
vn -0.3411738 0.9372476 -0.07188439
vn -0.3411738 0.9372476 -0.07188439
vn -0.8980323 0.003921509 -0.439912
vn -0.9686199 0.003921509 -0.2485156
vn -0.8980323 0.003921509 -0.439912
vn -0.9686199 0.003921509 -0.2485156
vn -0.3411738 0.9372476 -0.07188439
vn -0.2705861 0.9294046 -0.2509785
vn -0.3411738 0.9372476 -0.07188439
vn -0.2941153 0.9450908 -0.1424767
vn -0.9843061 -0.003921568 0.176426
vn -0.9999923 0.003921509 -0.0003449296
vn -0.9843061 -0.003921568 0.176426
vn -0.9999923 0.003921509 -0.0003449296
vn 0.9999309 -0.01176392 0
vn 0.9999924 -0.003921568 0
vn 0.9843062 -0.01176465 -0.1760763
vn 0.9843062 -0.003921568 -0.1764254
vn -0.3411738 0.9372476 0.07188439
vn -0.3411738 0.9372476 -0.07188439
vn -0.3411738 0.9372476 0.07188439
vn -0.3411738 0.9372476 -0.07188439
vn -0.5137215 0.003921509 0.8579481
vn -0.6313677 0.003921509 0.7754737
vn -0.5137215 0.003921509 0.8579481
vn -0.6313677 0.003921509 0.7754737
vn 0.6313677 0.003921509 -0.7754737
vn 0.6313677 0.003921509 -0.7754737
vn 0.5137216 0.01176453 -0.8578763
vn 0.5137216 0.003921509 -0.857948
vn -0.2470568 0.003921509 0.9689931
vn -0.07450914 0.003921509 0.9972126
vn -0.2470568 0.003921509 0.9689931
vn -0.07450914 0.003921509 0.9972126
vn 0.247057 -0.003921568 -0.968993
vn 0.07450926 -0.003921568 -0.9972126
vn 0.247057 0.003921509 -0.968993
vn 0.07450926 -0.01176465 -0.9971509
vn 0.5137216 0.003921509 -0.857948
vn 0.5137216 0.01176453 -0.8578763
vn -0.02745068 0.9215615 0.3872608
vn -0.09803843 0.9372476 0.3345973
vn -0.02745068 0.9215615 0.3872608
vn -0.09803843 0.9372476 0.3345973
vn 0.145097 0.003921509 0.9894097
vn -0.07450914 0.003921509 0.9972126
vn 0.145097 0.003921509 0.9894097
vn -0.07450914 0.003921509 0.9972126
vn -0.1450969 -0.01176465 -0.9893475
vn 0.07450926 -0.01176465 -0.9971509
vn -0.1450969 -0.003921568 -0.9894097
vn 0.07450926 -0.003921568 -0.9972126
vn 0.05098003 0.9372476 0.3449173
vn 0.05098003 0.9215615 0.3848707
vn -0.02745068 0.9215615 0.3872608
vn -0.02745068 0.9215615 0.3872608
vn 0.2862723 0.003921509 0.9581403
vn 0.145097 0.003921509 0.9894097
vn 0.2862723 0.003921509 0.9581403
vn 0.145097 0.003921509 0.9894097
vn -0.2862723 0.003921509 -0.9581403
vn -0.1450969 -0.01176465 -0.9893475
vn -0.2862723 -0.003921568 -0.9581403
vn -0.1450969 -0.003921568 -0.9894097
vn 0.05098003 0.9372476 0.3449173
vn 0.09803849 0.9372476 0.3345973
vn 0.05098003 0.9215615 0.3848707
vn 0.09803849 0.9372476 0.3345973
vn -0.5137215 0.003921509 0.8579481
vn -0.2470568 0.003921509 0.9689931
vn -0.5137215 0.003921509 0.8579481
vn -0.2470568 0.003921509 0.9689931
vn -0.09803843 0.9372476 0.3345973
vn -0.1686261 0.9372476 0.3051756
vn -0.09803843 0.9372476 0.3345973
vn -0.1686261 0.9372476 0.3051756
vn 0.3882324 0.003921509 0.9215532
vn 0.3882324 0.003921509 0.9215532
vn 0.2862723 0.003921509 0.9581403
vn 0.2862723 0.003921509 0.9581403
vn -0.3882322 0.003921509 -0.9215532
vn -0.2862723 0.003921509 -0.9581403
vn -0.3882322 0.003921509 -0.9215532
vn -0.2862723 -0.003921568 -0.9581403
vn 0.145097 0.9294046 0.3393433
vn 0.09803849 0.9372476 0.3345973
vn 0.145097 0.9294046 0.3393433
vn 0.09803849 0.9372476 0.3345973
vn -0.2235277 0.9294046 0.2936706
vn -0.1686261 0.9372476 0.3051756
vn -0.2470568 0.9215615 0.2994785
vn -0.1686261 0.9372476 0.3051756
vn -0.6313677 0.5999954 0.4913048
vn -0.6313677 0.5999954 0.4913048
vn -0.6313677 0.5921522 0.5007301
vn -0.6313677 0.5921522 0.5007301
vn -0.003921509 0.9999923 -0.000345267
vn -0.003921509 0.9999923 -0.000345267
vn -0.003921509 0.9999923 -0.000345267
vn -0.003921509 0.9999923 -0.000345267
vn 0.6156816 0.6156815 -0.4918053
vn 0.6156816 0.6156815 -0.4918053
vn 0.6156816 0.6156815 -0.4918053
vn 0.6156816 0.6156815 -0.4918053
vn 0.6156816 0.01176453 0.7879072
vn 0.6156816 0.01176453 0.7879072
vn 0.6156816 0.01176453 0.7879072
vn 0.6156816 0.01176453 0.7879072
vn -0.6078384 -0.0274508 -0.7935861
vn -0.6078384 -0.0274508 -0.7935861
vn -0.6078384 -0.0274508 -0.7935861
vn -0.6078384 -0.0274508 -0.7935861
vn -0.003921509 -0.9999924 0
vn -0.003921509 -0.9999924 0
vn -0.003921509 -0.9999924 0
vn -0.003921509 -0.9999924 0
vn -0.7882292 0.003921509 0.6153693
vn -0.7882292 0.003921509 0.6153693
vn -0.7882292 0.003921509 0.6153693
vn -0.7882292 0.003921509 0.6153693
vn 0.6156816 0.003921509 0.7879853
vn 0.6156816 0.003921509 0.7879853
vn 0.6156816 0.003921509 0.7879853
vn 0.6156816 0.003921509 0.7879853
vn 0.7882293 0.003921509 -0.6153691
vn 0.7882293 0.003921509 -0.6153691
vn 0.7882293 0.003921509 -0.6153691
vn 0.7882293 0.003921509 -0.6153691
vn -0.6156815 0.003921509 -0.7879853
vn -0.6156815 0.003921509 -0.7879853
vn -0.6156815 0.003921509 -0.7879853
vn -0.6156815 0.003921509 -0.7879853
vn -0.003921509 -0.9999924 0
vn -0.003921509 -0.9999924 0
vn -0.003921509 -0.9999924 0
vn -0.003921509 -0.9999924 0
vn -0.7882292 0.003921509 0.6153693
vn -0.7882292 0.003921509 0.6153693
vn -0.7882292 -0.01176465 0.6152693
vn -0.7882292 -0.01176465 0.6152693
vn 0.7882293 0.003921509 -0.6153691
vn 0.7882293 0.003921509 -0.6153691
vn 0.7882293 -0.01176465 -0.6152692
vn 0.7882293 -0.01176465 -0.6152692
vn -0.003921509 -0.9999924 0
vn -0.003921509 -0.9999924 0
vn -0.003921509 -0.9999924 0
vn -0.003921509 -0.9999924 0
vn -0.7882292 -0.01176465 0.6152693
vn -0.7882292 -0.01176465 0.6152693
vn -0.7882292 -0.003921568 0.6153693
vn -0.7882292 -0.003921568 0.6153693
vn 0.7882293 -0.01176465 -0.6152692
vn 0.7882293 -0.01176465 -0.6152692
vn 0.7882293 -0.003921568 -0.6153691
vn 0.7882293 -0.003921568 -0.6153691
vn -0.7960722 -0.003921568 0.6051889
vn -0.7960722 -0.003921568 0.6051889
vn -0.7960722 -0.003921568 0.6051889
vn -0.7960722 -0.003921568 0.6051889
vn -0.6392107 -0.003921568 -0.7690216
vn -0.6392107 -0.003921568 -0.7690216
vn -0.6392107 -0.003921568 -0.7690216
vn -0.6392107 -0.003921568 -0.7690216
vn 0.6392108 0.003921509 0.7690216
vn 0.6392108 0.003921509 0.7690216
vn 0.6392108 0.003921509 0.7690216
vn 0.6392108 0.003921509 0.7690216
vn 0.7960724 -0.003921568 -0.6051888
vn 0.7960724 -0.003921568 -0.6051888
vn 0.7960724 -0.003921568 -0.6051888
vn 0.7960724 -0.003921568 -0.6051888
vn -0.7882292 -0.003921568 0.6153693
vn -0.7882292 -0.003921568 0.6153693
vn -0.7882292 -0.003921568 0.6153693
vn -0.7882292 -0.003921568 0.6153693
vn 0.7882293 -0.003921568 -0.6153691
vn 0.7882293 -0.003921568 -0.6153691
vn 0.7882293 -0.003921568 -0.6153691
vn 0.7882293 -0.003921568 -0.6153691
vn -0.7803861 0.003921509 0.6252857
vn -0.7803861 0.003921509 0.6252857
vn -0.7803861 0.003921509 0.6252857
vn -0.7803861 0.003921509 0.6252857
vn 0.6078385 0.003921509 0.794051
vn 0.6078385 -0.003921568 0.794051
vn 0.6078385 0.003921509 0.794051
vn 0.6078385 -0.003921568 0.794051
vn 0.7803862 0.003921509 -0.6252855
vn 0.7803862 0.003921509 -0.6252855
vn 0.7803862 0.003921509 -0.6252855
vn 0.7803862 0.003921509 -0.6252855
vn -0.6078384 0.003921509 -0.7940511
vn -0.6078384 -0.003921568 -0.7940511
vn -0.6078384 0.003921509 -0.7940511
vn -0.6078384 -0.003921568 -0.7940511
vn -0.8117584 0.003921509 -0.5839803
vn -0.8117584 0.003921509 -0.5839803
vn -0.8980323 0.003921509 -0.439912
vn -0.8980323 0.003921509 -0.439912
vn -0.2941153 0.9450908 -0.1424767
vn -0.2941153 0.9450908 -0.1424767
vn -0.2941153 0.9450908 -0.1424767
vn -0.2705861 0.9294046 -0.2509785
vn 0.8117585 -0.01176465 0.5838748
vn 0.8117585 -0.003921568 0.5839801
vn 0.8980324 0.003921509 0.4399119
vn 0.8980324 -0.003921568 0.4399119
vn -0.7803861 0.2235277 0.5839803
vn -0.7803861 0.2235277 0.5839803
vn -0.7803861 0.2235277 0.5839803
vn -0.7803861 0.2235277 0.5839803
vn -0.9686199 0.1999984 -0.147567
vn -0.8588169 0.1843122 -0.4779776
vn -0.9686199 0.2078415 -0.1362985
vn -0.8588169 0.1843122 -0.4779776
vn -0.2941153 0.2470568 -0.9232872
vn -0.2941153 0.2549 -0.9211527
vn 0.09803849 0.2235277 -0.9697545
vn 0.09803849 0.2235277 -0.9697545
vn 0.7803862 0.2392138 -0.5777318
vn 0.7803862 0.2392138 -0.5777318
vn 0.7803862 0.2392138 -0.5777318
vn 0.7803862 0.2392138 -0.5777318
vn -0.09803843 0.2235277 0.9697545
vn -0.09803843 0.2156845 0.971529
vn 0.2862723 0.1529399 0.9458634
vn 0.2941154 0.3411738 0.8928027
vn 0.858817 0.1764692 0.4809283
vn 0.858817 0.1764692 0.4809283
vn 0.9686201 0.2078415 0.1362977
vn 0.9686201 0.2078415 0.1362977
vn -0.003921509 0.9999923 -0.000345267
vn -0.003921509 0.9999923 -0.000345267
vn -0.003921509 0.9999923 -0.000345267
vn -0.003921509 0.9999923 -0.000345267
vn -0.003921509 0.9999923 -0.000345267
vn -0.003921509 0.9999923 -0.000345267
vn -0.003921509 0.9999923 -0.000345267
vn -0.003921509 0.9999923 -0.000345267
vn -0.003921509 0.9999923 -0.000345267
vn -0.003921509 0.9999923 -0.000345267
vn -0.003921509 0.9999923 -0.000345267
vn -0.003921509 0.9999923 -0.000345267
vn -0.003921509 0.9999923 -0.000345267
vn -0.003921509 0.9999923 -0.000345267
vn -0.003921509 0.9999923 -0.000345267
vn -0.003921509 0.9999923 -0.000345267
vn -0.7725431 0.003921509 0.6349503
vn -0.7725431 0.003921509 0.6349503
vn -0.7803861 0.003921509 0.6252857
vn -0.7803861 0.003921509 0.6252857
vn -0.9843061 0.003921509 -0.176426
vn -0.9843061 0.003921509 -0.176426
vn -0.9843061 0.003921509 -0.176426
vn -0.9843061 0.003921509 -0.176426
vn -0.7803861 0.003921509 0.6252857
vn -0.7803861 0.003921509 0.6252857
vn -0.7725431 0.003921509 0.6349503
vn -0.7725431 0.003921509 0.6349503
vn -0.9843061 0.003921509 -0.176426
vn -0.9843061 0.003921509 -0.176426
vn -0.9843061 0.003921509 -0.176426
vn -0.9843061 0.003921509 -0.176426
vn -0.7176415 0.003921509 0.6964017
vn -0.7176415 0.003921509 0.6964017
vn -0.8117584 0.003921509 0.5839803
vn -0.8117584 0.003921509 0.5839803
vn -0.4980353 0.003921509 0.8671479
vn -0.4980353 0.003921509 0.8671479
vn -0.262743 0.003921509 0.9648579
vn -0.262743 0.003921509 0.9648579
vn -0.1999984 0.003921509 0.9797884
vn -0.1999984 0.003921509 0.9797884
vn -0.4823492 0.003921509 0.8759702
vn -0.4823492 0.003921509 0.8759702
vn -0.5764661 0.003921509 0.8171117
vn -0.5764661 0.003921509 0.8171117
vn -0.7097985 -0.003921568 0.7043939
vn -0.7097985 -0.003921568 0.7043939
vn -0.7097985 -0.003921568 0.7043939
vn -0.7097985 -0.003921568 0.7043939
vn -0.874503 0.003921509 0.4850042
vn -0.874503 0.003921509 0.4850042
vn -0.9607769 0.003921509 0.2772946
vn -0.9607769 0.003921509 0.2772946
vn -0.8509738 0.003921509 0.5251934
vn -0.8509738 0.003921509 0.5251934
vn -0.9921492 0.003921509 0.1249981
vn -0.9215615 0.003921509 -0.3882126
vn -0.9215615 0.003921509 -0.3882126
vn -0.9215615 0.003921509 -0.3882126
vn -0.9215615 0.003921509 -0.3882126
vn -0.8117584 0.003921509 0.5839803
vn -0.8117584 0.003921509 0.5839803
vn -0.7960722 0.003921509 0.6051889
vn -0.7960722 0.003921509 0.6051889
vn -0.003921509 0.9999923 -0.000345267
vn -0.003921509 0.9999923 -0.000345267
vn -0.003921509 0.9999923 -0.000345267
vn -0.003921509 0.9999923 -0.000345267
vn -0.003921509 0.9999923 -0.000345267
vn -0.003921509 0.9999923 -0.000345267
vn -0.003921509 0.9999923 -0.000345267
vn -0.003921509 0.9999923 -0.000345267
vn -0.003921509 0.9999923 -0.000345267
vn -0.003921509 0.9999923 -0.000345267
vn -0.003921509 0.9999923 -0.000345267
vn -0.003921509 0.9999923 -0.000345267
vn -0.003921509 0.9999923 -0.000345267
vn -0.003921509 0.9999923 -0.000345267
vn -0.003921509 0.9999923 -0.000345267
vn -0.003921509 0.9999923 -0.000345267
vn -0.003921509 0.9999923 -0.000345267
vn -0.003921509 0.9999923 -0.000345267
vn -0.003921509 0.9999923 -0.000345267
vn -0.003921509 0.9999923 -0.000345267
vn -0.003921509 0.9999923 -0.000345267
vn -0.003921509 0.9999923 -0.000345267
vn -0.003921509 0.9999923 -0.000345267
vn -0.003921509 0.9999923 -0.000345267
vn -0.4901923 0.8509738 -0.1885604
vn -0.466663 0.86666 -0.1764259
vn -0.4901923 0.86666 -0.09280074
vn -0.4901923 0.86666 -0.09280074
vn -0.5372508 0.8431307 0.02218727
vn -0.5372508 0.8431307 0.02218727
vn -0.4901923 0.8509738 0.1885604
vn -0.4901923 0.8509738 0.1885604
vn -0.4431338 0.8509738 0.2819147
vn -0.466663 0.8431307 0.2671259
vn -0.3647031 0.86666 -0.3404294
vn -0.3647031 0.86666 -0.3404294
vn -0.3882322 0.8431307 0.37203
vn -0.3882322 0.8431307 0.37203
vn -0.2941153 0.8352877 0.4645328
vn -0.2941153 0.8352877 0.4645328
vn -0.1764692 0.8509738 0.4946737
vn -0.1764692 0.8509738 0.4946737
vn -0.03529382 0.8431307 0.5365491
vn -0.03529382 0.8431307 0.5365491
vn 0.07450926 0.8431307 0.5325214
vn 0.09803849 0.8352877 0.5410018
vn 0.247057 0.8117584 0.5291608
vn -0.3176446 0.86666 -0.3847108
vn -0.3176446 0.86666 -0.3847108
vn 0.2941154 0.8196015 0.4916802
vn 0.3411739 0.8196015 0.4602757
vn 0.3411739 0.8196015 0.4602757
vn -0.003921509 0.9999923 -0.000345267
vn -0.003921509 0.9999923 -0.000345267
vn -0.003921509 0.9999923 -0.000345267
vn -0.003921509 0.9999923 -0.000345267
vn 0.5843093 0.003921509 0.8115216
vn 0.5843093 0.003921509 0.8115216
vn 0.5843093 0.003921509 0.8115216
vn -0.2941153 0.9215615 0.2534178
vn -0.2941153 0.9215615 0.2534178
vn -0.2941153 0.9215615 0.2534178
vn -0.2941153 0.9215615 0.2534178
vn -0.5843092 0.003921509 -0.8115216
vn -0.5843092 0.003921509 -0.8115216
vn -0.5843092 0.003921509 -0.8115216
vn -0.003921509 0.9999923 -0.000345267
vn -0.003921509 0.9999923 -0.000345267
vn -0.003921509 0.9999923 -0.000345267
vn -0.003921509 0.9999923 -0.000345267
vn -0.2941153 0.9372476 0.1872514
vn -0.2941153 0.9372476 0.1872514
vn -0.2941153 0.9372476 0.1872514
vn -0.2941153 0.9372476 0.1872514
vn 0.2156847 -0.01176465 -0.9763922
vn 0.1999985 -0.01176465 -0.9797255
vn 0.2156847 -0.01176465 -0.9763922
vn 0.2156847 -0.01176465 -0.9763922
vn -0.4509768 0.003921509 0.892527
vn -0.4509768 0.003921509 0.892527
vn -0.4509768 0.003921509 0.892527
vn -0.2470568 0.9686199 -0.02717209
vn -0.2470568 0.9686199 -0.02717209
vn -0.2470568 0.9686199 -0.02717209
vn -0.2470568 0.9686199 -0.02717209
vn 0.09803849 -0.003921568 0.9951749
vn 0.09803849 -0.003921568 0.9951749
vn 0.09803849 -0.003921568 0.9951749
vn 0.09803849 -0.003921568 0.9951749
vn -0.003921509 0.9607769 0.2772946
vn -0.003921509 0.9607769 0.2772946
vn -0.003921509 0.9607769 0.2772946
vn -0.003921509 0.9607769 0.2772946
vn -0.9921492 0.003921509 0.1249981
vn -0.9921492 0.003921509 0.1249981
vn -0.9921492 0.003921509 0.1249981
vn -0.9921492 0.003921509 0.1249981
vn -0.003921509 0.9999923 -0.000345267
vn -0.003921509 0.9999923 -0.000345267
vn -0.003921509 0.9999923 -0.000345267
vn 0.003921568 0.9999923 -0.000345267
vn -0.003921509 0.9999923 -0.000345267
vn -0.003921509 0.9999923 -0.000345267
vn -0.003921509 0.9999923 -0.000345267
vn -0.003921509 0.9999923 -0.000345267
vn 0.003921568 0.9999923 -0.000345267
vn -0.003921509 0.9999923 -0.000345267
vn -0.003921509 0.9999923 -0.000345267
vn -0.003921509 0.9999923 -0.000345267
vn -0.003921509 0.9999923 -0.000345267
vn -0.003921509 0.9999923 -0.000345267
vn -0.003921509 0.9999923 -0.000345267
vn -0.003921509 0.9999923 -0.000345267
vn -0.4352907 0.8901892 -0.1344814
vn -0.4352907 0.8901892 -0.1344814
vn -0.4431338 0.8901892 -0.1058093
vn -0.4431338 0.8901892 -0.1058093
vn -0.1999984 0.01176453 0.9797256
vn -0.2156845 0.01176453 0.9763922
vn -0.2156845 0.01176453 0.9763922
vn -0.09803843 0.9372476 0.3345973
vn -0.09803843 0.9372476 0.3345973
vn -0.09803843 0.9372476 0.3345973
vn -0.09803843 0.9372476 0.3345973
vn 0.8196016 -0.003921568 0.5729204
vn 0.7960724 -0.003921568 0.6051888
vn 0.8196016 -0.003921568 0.5729204
vn 0.7960724 -0.003921568 0.6051888
vn -0.1999984 0.003921509 0.9797884
vn -0.1999984 0.003921509 0.9797884
vn -0.1999984 0.003921509 0.9797884
vn -0.1999984 0.003921509 0.9797884
vn -0.3882322 0.9215615 -0.000345267
vn -0.3882322 0.9215615 -0.000345267
vn -0.3882322 0.9215615 -0.000345267
vn -0.3882322 0.9215615 -0.000345267
vn -0.3882322 0.003921509 -0.9215532
vn -0.3882322 0.003921509 -0.9215532
vn -0.3882322 0.003921509 -0.9215532
vn -0.3882322 0.003921509 -0.9215532
vn -0.9999923 0.003921509 -0.0003449296
vn -0.9999923 0.003921509 -0.0003449296
vn -0.9999923 0.003921509 -0.0003449296
vn -0.9999923 0.003921509 -0.0003449296
vn -0.9921492 0.003921509 0.1249981
vn -0.9921492 0.003921509 0.1249981
vn -0.9607769 0.003921509 0.2772946
vn -0.9921492 0.003921509 0.1249981
vn -0.9215615 0.003921509 0.3882126
vn -0.9921492 0.003921509 0.1249981
vn -0.9215615 0.003921509 0.3882126
vn -0.4980353 0.003921509 0.8671479
vn -0.4980353 0.003921509 0.8671479
vn 0.1843123 0.003921509 0.9828599
vn 0.1843123 0.003921509 0.9828599
vn 0.8117585 -0.003921568 0.5839801
vn 0.8117585 -0.003921568 0.5839801
vn 0.9921493 -0.003921568 -0.1249976
vn 0.9921493 -0.003921568 -0.1249976
vn 0.7333277 -0.003921568 -0.679864
vn 0.6235247 -0.003921568 -0.7817939
vn 0.349017 -0.003921568 -0.9371082
vn 0.349017 -0.003921568 -0.9371082
vn 0.8117585 -0.003921568 -0.5839801
vn 0.7647001 -0.003921568 -0.6443745
vn 0.7647001 -0.003921568 -0.6443745
vn -0.6313677 -0.003921568 -0.7754737
vn -0.6313677 -0.003921568 -0.7754737
vn -0.6313677 -0.003921568 -0.7754737
vn -0.6313677 -0.003921568 -0.7754737
vn 0.6313677 0.003921509 0.7754737
vn 0.6313677 0.003921509 0.7754737
vn 0.6313677 0.003921509 0.7754737
vn 0.6313677 0.003921509 0.7754737
vn -0.7646999 0.003921509 0.6443746
vn -0.7646999 0.003921509 0.6443746
vn -0.7646999 0.003921509 0.6443746
vn -0.7646999 0.003921509 0.6443746
vn 0.7647001 -0.003921568 -0.6443745
vn 0.7647001 -0.003921568 -0.6443745
vn 0.7725431 -0.003921568 -0.6349502
vn 0.7725431 -0.003921568 -0.6349502
vn -0.7646999 -0.003921568 0.6443746
vn -0.7646999 -0.003921568 0.6443746
vn -0.7646999 -0.003921568 0.6443746
vn -0.7646999 -0.003921568 0.6443746
vn -0.7646999 0.003921509 0.6443746
vn -0.7646999 0.003921509 0.6443746
vn -0.6313677 0.003921509 -0.7754737
vn -0.6313677 0.003921509 -0.7754737
vn -0.6313677 0.003921509 -0.7754737
vn -0.6313677 0.003921509 -0.7754737
vn -0.003921509 0.9999923 -0.000345267
vn -0.003921509 0.9999923 -0.000345267
vn -0.003921509 0.9999923 -0.000345267
vn -0.003921509 0.9999923 -0.000345267
vn -0.003921509 0.9999923 -0.000345267
vn -0.003921509 0.9999923 -0.000345267
vn -0.003921509 0.9999923 -0.000345267
vn -0.003921509 0.9999923 -0.000345267
vn 0.8980324 0.003921509 0.4399119
vn 0.8980324 0.003921509 0.4399119
vn 0.8980324 0.003921509 0.4399119
vn 0.8980324 0.003921509 0.4399119
vn 0.3960754 0.003921509 -0.9182096
vn 0.3960754 0.003921509 -0.9182096
vn 0.3960754 0.003921509 -0.9182096
vn 0.3960754 0.003921509 -0.9182096
vn -0.8980323 0.003921509 -0.439912
vn -0.8980323 0.003921509 -0.439912
vn -0.8980323 0.003921509 -0.439912
vn -0.8980323 0.003921509 -0.439912
vn -0.3960754 0.003921509 0.9182096
vn -0.3960754 0.003921509 0.9182096
vn -0.3960754 0.003921509 0.9182096
vn -0.3960754 0.003921509 0.9182096
vn -0.003921509 0.9999923 -0.000345267
vn -0.003921509 0.9999923 -0.000345267
vn -0.003921509 0.9999923 -0.000345267
vn -0.003921509 0.9999923 -0.000345267
vn 0.349017 0.003921509 0.9371082
vn 0.349017 0.003921509 0.9371082
vn 0.349017 0.003921509 0.9371082
vn 0.349017 0.003921509 0.9371082
vn 0.9450908 0.003921509 -0.3267842
vn 0.9450908 0.003921509 -0.3267842
vn 0.9450908 0.003921509 -0.3267842
vn 0.9450908 0.003921509 -0.3267842
vn -0.3490169 0.003921509 -0.9371082
vn -0.3490169 0.003921509 -0.9371082
vn -0.3490169 0.003921509 -0.9371082
vn -0.3490169 0.003921509 -0.9371082
vn -0.9450908 0.003921509 0.3267844
vn -0.9450908 0.003921509 0.3267844
vn -0.9450908 0.003921509 0.3267844
vn -0.9450908 0.003921509 0.3267844
vn -0.003921509 0.9999923 -0.000345267
vn -0.003921509 0.9999923 -0.000345267
vn -0.003921509 0.9999923 -0.000345267
vn -0.003921509 0.9999923 -0.000345267
vn 0.349017 0.003921509 0.9371082
vn 0.349017 0.003921509 0.9371082
vn 0.349017 0.003921509 0.9371082
vn 0.349017 0.003921509 0.9371082
vn 0.9372478 0.003921509 -0.3486421
vn 0.9372478 0.003921509 -0.3486421
vn 0.9372478 0.003921509 -0.3486421
vn 0.9372478 0.003921509 -0.3486421
vn -0.3490169 0.003921509 -0.9371082
vn -0.3490169 0.003921509 -0.9371082
vn -0.3490169 0.003921509 -0.9371082
vn -0.3490169 0.003921509 -0.9371082
vn -0.9372476 0.003921509 0.3486424
vn -0.9372476 0.003921509 0.3486424
vn -0.9372476 0.003921509 0.3486424
vn -0.9372476 0.003921509 0.3486424
vn -0.003921509 0.9999923 -0.000345267
vn -0.003921509 0.9999923 -0.000345267
vn -0.003921509 0.9999923 -0.000345267
vn -0.003921509 0.9999923 -0.000345267
vn 0.8117585 0.003921509 0.5839801
vn 0.8117585 0.003921509 0.5839801
vn 0.9921493 0.003921509 -0.1249976
vn 0.9921493 0.003921509 -0.1249976
vn 0.6235247 0.003921509 -0.7817939
vn 0.6235247 0.003921509 -0.7817939
vn 0.2862723 0.003921509 -0.9581403
vn 0.2862723 0.003921509 -0.9581403
vn 0.1843123 0.003921509 0.9828599
vn 0.1843123 0.003921509 0.9828599
vn -0.4980353 0.003921509 0.8671479
vn -0.4980353 0.003921509 0.8671479
vn -0.9215615 0.003921509 0.3882126
vn -0.9215615 0.003921509 0.3882126
vn -0.9921492 0.003921509 0.1249981
vn -0.9921492 0.003921509 0.1249981
vn 0.7647001 0.003921509 -0.6443745
vn 0.7647001 0.003921509 -0.6443745
vn 0.7725431 0.003921509 -0.6349502
vn 0.7725431 0.003921509 -0.6349502
vn -0.6313677 0.003921509 -0.7754737
vn -0.6313677 0.003921509 -0.7754737
vn -0.6313677 0.003921509 -0.7754737
vn -0.6313677 0.003921509 -0.7754737
vn -0.7725431 0.003921509 0.6349503
vn -0.7725431 0.003921509 0.6349503
vn -0.7646999 0.003921509 0.6443746
vn -0.7646999 0.003921509 0.6443746
vn -0.6313677 0.003921509 -0.7754737
vn -0.6313677 0.003921509 -0.7754737
vn -0.6313677 0.003921509 -0.7754737
vn -0.6313677 0.003921509 -0.7754737
vn 0.7647001 0.003921509 -0.6443745
vn 0.7647001 0.003921509 -0.6443745
vn 0.7333277 0.003921509 -0.679864
vn 0.7333277 0.003921509 -0.679864
vn -0.7333276 0.003921509 0.6798641
vn -0.7333276 0.003921509 0.6798641
vn -0.7646999 0.003921509 0.6443746
vn -0.7646999 0.003921509 0.6443746
vn 0.6235247 0.003921509 0.7817939
vn 0.6235247 0.003921509 0.7817939
vn 0.6313677 0.003921509 0.7754737
vn 0.6313677 0.003921509 0.7754737
vn -0.003921509 0.9999923 -0.000345267
vn -0.003921509 0.9999923 -0.000345267
vn -0.003921509 0.9999923 -0.000345267
vn -0.003921509 0.9999923 -0.000345267
vn -0.003921509 0.9999923 -0.000345267
vn -0.003921509 0.9999923 -0.000345267
vn -0.003921509 0.9999923 -0.000345267
vn -0.003921509 0.9999923 -0.000345267
vn -0.003921509 0.9999923 -0.000345267
vn -0.003921509 0.9999923 -0.000345267
vn 0.56078 0.7254846 0.3989961
vn 0.5686231 0.7254846 0.3877368
vn 0.6862693 0.7176415 -0.1184281
vn 0.6862693 0.7176415 -0.1184281
vn 0.4274477 0.7254846 -0.5394076
vn 0.4274477 0.7254846 -0.5394076
vn 0.1215677 0.7176415 0.68572
vn 0.1215677 0.7176415 0.68572
vn -0.3411738 0.7333276 0.588074
vn -0.3411738 0.7333276 0.588074
vn -0.6470538 0.7097985 0.2784017
vn -0.6548969 0.6941123 0.2988616
vn -0.7097985 0.7019553 0.0586931
vn -0.7019553 0.7019553 0.1204887
vn 0.2078416 0.6941123 -0.6892097
vn 0.2078416 0.6941123 -0.6892097
vn 0.5921524 0.6392107 -0.4906784
vn 0.5843093 0.6470538 -0.4898
vn 0.5921524 0.6392107 -0.4906784
vn 0.5843093 0.6470538 -0.4898
vn 0.5843093 0.6548969 -0.4792627
vn -0.6156815 0.6156815 0.4918054
vn -0.6156815 0.6156815 0.4918054
vn -0.6078384 0.5921522 0.5290446
vn -0.6156815 0.6156815 0.4918054
vn -0.6078384 0.6235245 0.4916804
vn -0.6156815 0.6156815 0.4918054
vn -0.6078384 0.5921522 0.5290446
vn -0.6235245 0.6078384 0.4916804
vn -0.6235245 0.6078384 0.4916804
vn -0.3647031 0.7960722 -0.4829707
vn -0.3647031 0.7960722 -0.4829707
vn -0.3647031 0.7960722 -0.4829707
vn -0.3647031 0.7960722 -0.4829707
vn 0.5921524 0.6392107 -0.4906784
vn 0.5921524 0.6392107 -0.4906784
vn 0.5921524 0.6392107 -0.4906784
vn 0.5921524 0.6392107 -0.4906784
vn 0.3647031 0.7960722 0.4829706
vn 0.3647031 0.7960722 0.4829706
vn 0.35686 0.7646999 0.5365491
vn 0.3647031 0.7960722 0.4829706
vn -0.4117615 0.7333276 -0.5410019
vn -0.4117615 0.7333276 -0.5410019
vn -0.4117615 0.7333276 -0.5410019
vn -0.4117615 0.7333276 -0.5410019
vn 0.6627401 0.466663 0.5856631
vn 0.6705831 0.45882 0.5829257
vn 0.8196016 0.5450938 -0.1764256
vn 0.8274447 0.5529369 -0.09795973
vn 0.4901924 0.5999954 -0.6322318
vn 0.5372508 0.5999954 -0.5927622
vn 0.5137216 0.5215646 -0.6812199
vn 0.4666631 0.5529369 -0.6902799
vn 0.1294108 0.4745061 0.8706875
vn 0.15294 0.466663 0.8711113
vn -0.4274477 0.5843092 0.6898342
vn -0.4274477 0.5843092 0.6898342
vn -0.7490138 0.5921522 0.2972105
vn -0.7176415 0.5843092 0.3789109
vn -0.7646999 0.5137215 0.3890042
vn -0.7725431 0.5372508 0.3384358
vn 0.5137216 0.5215646 -0.6812199
vn 0.4666631 0.5529369 -0.6902799
vn 0.6784262 0.45882 -0.5737787
vn 0.6784262 0.45882 -0.5737787
vn -0.7019553 0.4117615 0.5811293
vn -0.7019553 0.4117615 0.5811293
vn -0.7646999 0.5137215 0.3890042
vn -0.7725431 0.5372508 0.3384358
vn -0.5137215 0.5843092 -0.62823
vn -0.5137215 0.5843092 -0.62823
vn -0.5137215 0.5843092 -0.62823
vn -0.5137215 0.5843092 -0.62823
vn -0.003921509 0.9999923 -0.000345267
vn -0.003921509 0.9999923 -0.000345267
vn -0.003921509 0.9999923 -0.000345267
vn -0.003921509 0.9999923 -0.000345267
vn -0.003921509 0.9999923 -0.000345267
vn -0.003921509 0.9999923 -0.000345267
vn -0.003921509 0.9999923 -0.000345267
vn -0.003921509 0.9999923 -0.000345267
vn -0.003921509 0.9999923 -0.000345267
vn -0.003921509 0.9999923 -0.000345267
vn -0.003921509 0.9999923 -0.000345267
vn -0.003921509 0.9999923 -0.000345267
vn -0.7646999 0.003921509 0.6443746
vn -0.7646999 0.003921509 0.6443746
vn -0.7646999 0.003921509 0.6443746
vn -0.7646999 0.003921509 0.6443746
vn -0.1215676 0.9921492 -0.02934668
vn -0.1215676 0.9921492 -0.02934668
vn -0.1215676 0.9921492 -0.02934668
vn -0.1215676 0.9921492 -0.02934668
vn -0.09803843 0.9921492 0.07764248
vn -0.0901953 0.9921492 0.08662968
vn -0.01960766 0.9921492 0.123513
vn -0.02745068 0.9921492 0.1220098
vn 0.03529388 0.9921492 0.1199759
vn 0.0274508 0.9921492 0.1220098
vn -0.6313677 0.003921509 -0.7754737
vn -0.6313677 0.003921509 -0.7754737
vn -0.6313677 0.003921509 -0.7754737
vn -0.6313677 0.003921509 -0.7754737
vn 0.4117616 0.8196015 -0.3983788
vn 0.4431339 0.8274446 -0.3449172
vn 0.4117616 0.8196015 -0.3983788
vn 0.4117616 0.8196015 -0.3983788
vn -0.6313677 0.003921509 -0.7754737
vn -0.6313677 0.003921509 -0.7754737
vn -0.6313677 0.003921509 -0.7754737
vn -0.6313677 0.003921509 -0.7754737
vn -0.003921509 0.9999923 -0.000345267
vn -0.003921509 0.9999923 -0.000345267
vn -0.003921509 0.9999923 -0.000345267
vn -0.003921509 0.9999923 -0.000345267
vn 0.7725431 -0.003921568 -0.6349502
vn 0.7725431 -0.003921568 -0.6349502
vn 0.7725431 -0.003921568 -0.6349502
vn 0.7725431 -0.003921568 -0.6349502
vn -0.003921509 -0.9999924 0
vn -0.003921509 -0.9999924 0
vn -0.003921509 -0.9999924 0
vn -0.003921509 -0.9999924 0
vn 0.6235247 -0.003921568 0.7817939
vn 0.6313677 -0.003921568 0.7754737
vn 0.6235247 -0.003921568 0.7817939
vn 0.6313677 -0.003921568 0.7754737
vn 0.9921493 0.003921509 -0.1249976
vn 0.9215616 0.003921509 -0.3882124
vn 0.9921493 0.003921509 -0.1249976
vn 0.9215616 0.003921509 -0.3882124
vn 0.4901924 0.003921509 -0.8716055
vn 0.4901924 0.003921509 -0.8716055
vn -0.1999984 0.003921509 -0.9797884
vn -0.1999984 0.003921509 -0.9797884
vn -0.7803861 -0.003921568 -0.6252857
vn -0.7803861 -0.003921568 -0.6252857
vn -0.9921492 -0.003921568 0.1249981
vn -0.9921492 -0.003921568 0.1249981
vn -0.7803861 -0.003921568 0.6252857
vn -0.6862692 -0.003921568 0.7273371
vn -0.3882322 -0.003921568 0.9215532
vn -0.3882322 -0.003921568 0.9215532
vn -0.7803861 -0.003921568 0.6252857
vn -0.7725431 -0.003921568 0.6349503
vn -0.7725431 -0.003921568 0.6349503
vn 0.6392108 -0.003921568 0.7690216
vn 0.6392108 -0.003921568 0.7690216
vn 0.6392108 -0.003921568 0.7690216
vn 0.6313677 -0.003921568 0.7754737
vn -0.6313677 0.003921509 -0.7754737
vn -0.6313677 0.003921509 -0.7754737
vn -0.6313677 0.003921509 -0.7754737
vn -0.6313677 0.003921509 -0.7754737
vn 0.7803862 0.003921509 -0.6252855
vn 0.7803862 0.003921509 -0.6252855
vn 0.7803862 0.003921509 -0.6252855
vn 0.7803862 0.003921509 -0.6252855
vn -0.7725431 -0.003921568 0.6349503
vn -0.7725431 -0.003921568 0.6349503
vn -0.7803861 -0.003921568 0.6252857
vn -0.7803861 -0.003921568 0.6252857
vn 0.7803862 -0.003921568 -0.6252855
vn 0.7803862 -0.003921568 -0.6252855
vn 0.7803862 -0.003921568 -0.6252855
vn 0.7803862 -0.003921568 -0.6252855
vn 0.7803862 0.003921509 -0.6252855
vn 0.7803862 0.003921509 -0.6252855
vn 0.6392108 0.003921509 0.7690216
vn 0.6392108 0.003921509 0.7690216
vn 0.6392108 0.003921509 0.7690216
vn 0.6392108 0.003921509 0.7690216
vn -0.003921509 0.9999923 -0.000345267
vn -0.003921509 0.9999923 -0.000345267
vn -0.003921509 0.9999923 -0.000345267
vn -0.003921509 0.9999923 -0.000345267
vn -0.003921509 0.9999923 -0.000345267
vn -0.003921509 0.9999923 -0.000345267
vn -0.003921509 0.9999923 -0.000345267
vn -0.003921509 0.9999923 -0.000345267
vn -0.8823462 0.003921509 -0.4705847
vn -0.8823462 0.003921509 -0.4705847
vn -0.8823462 0.003921509 -0.4705847
vn -0.8823462 0.003921509 -0.4705847
vn -0.4431338 0.003921509 0.8964469
vn -0.4431338 0.003921509 0.8964469
vn -0.4431338 0.003921509 0.8964469
vn -0.4431338 0.003921509 0.8964469
vn 0.8823462 0.003921509 0.4705845
vn 0.8823462 0.003921509 0.4705845
vn 0.8823462 0.003921509 0.4705845
vn 0.8823462 0.003921509 0.4705845
vn 0.4431339 0.003921509 -0.8964469
vn 0.4431339 0.003921509 -0.8964469
vn 0.4431339 0.003921509 -0.8964469
vn 0.4431339 0.003921509 -0.8964469
vn -0.003921509 0.9999923 -0.000345267
vn -0.003921509 0.9999923 -0.000345267
vn -0.003921509 0.9999923 -0.000345267
vn -0.003921509 0.9999923 -0.000345267
vn -0.3411738 0.003921509 -0.9399921
vn -0.3411738 0.003921509 -0.9399921
vn -0.3411738 0.003921509 -0.9399921
vn -0.3411738 0.003921509 -0.9399921
vn -0.9294046 0.003921509 0.3690416
vn -0.9294046 0.003921509 0.3690416
vn -0.9294046 0.003921509 0.3690416
vn -0.9294046 0.003921509 0.3690416
vn 0.3411739 0.003921509 0.939992
vn 0.3411739 0.003921509 0.939992
vn 0.3411739 0.003921509 0.939992
vn 0.3411739 0.003921509 0.939992
vn 0.9294047 0.003921509 -0.3690414
vn 0.9294047 0.003921509 -0.3690414
vn 0.9294047 0.003921509 -0.3690414
vn 0.9294047 0.003921509 -0.3690414
vn -0.003921509 0.9999923 -0.000345267
vn -0.003921509 0.9999923 -0.000345267
vn -0.003921509 0.9999923 -0.000345267
vn -0.003921509 0.9999923 -0.000345267
vn -0.3411738 0.003921509 -0.9399921
vn -0.3411738 0.003921509 -0.9399921
vn -0.3411738 0.003921509 -0.9399921
vn -0.3411738 0.003921509 -0.9399921
vn -0.9294046 0.003921509 0.3690416
vn -0.9294046 0.003921509 0.3690416
vn -0.9294046 0.003921509 0.3690416
vn -0.9294046 0.003921509 0.3690416
vn 0.3411739 0.003921509 0.939992
vn 0.3411739 0.003921509 0.939992
vn 0.3411739 0.003921509 0.939992
vn 0.3411739 0.003921509 0.939992
vn 0.9294047 0.003921509 -0.3690414
vn 0.9294047 0.003921509 -0.3690414
vn 0.9294047 0.003921509 -0.3690414
vn 0.9294047 0.003921509 -0.3690414
vn -0.003921509 0.9999923 -0.000345267
vn -0.003921509 0.9999923 -0.000345267
vn -0.003921509 0.9999923 -0.000345267
vn -0.003921509 0.9999923 -0.000345267
vn -0.7803861 0.003921509 -0.6252857
vn -0.7803861 0.003921509 -0.6252857
vn -0.9921492 0.003921509 0.1249981
vn -0.9921492 0.003921509 0.1249981
vn -0.6862692 0.003921509 0.7273371
vn -0.6862692 0.003921509 0.7273371
vn -0.2941153 0.003921509 0.9557619
vn -0.2941153 0.003921509 0.9557619
vn -0.1999984 0.003921509 -0.9797884
vn -0.1999984 0.003921509 -0.9797884
vn 0.4901924 0.003921509 -0.8716055
vn 0.4901924 0.003921509 -0.8716055
vn 0.9215616 0.003921509 -0.3882124
vn 0.9215616 0.003921509 -0.3882124
vn 0.9921493 0.003921509 -0.1249976
vn 0.9921493 0.003921509 -0.1249976
vn -0.7803861 0.003921509 0.6252857
vn -0.7803861 0.003921509 0.6252857
vn -0.7803861 0.003921509 0.6252857
vn -0.7803861 0.003921509 0.6252857
vn 0.6313677 0.003921509 0.7754737
vn 0.6313677 0.003921509 0.7754737
vn 0.6392108 0.003921509 0.7690216
vn 0.6392108 0.003921509 0.7690216
vn 0.7803862 0.003921509 -0.6252855
vn 0.7803862 0.003921509 -0.6252855
vn 0.7803862 0.003921509 -0.6252855
vn 0.7803862 0.003921509 -0.6252855
vn 0.6313677 0.003921509 0.7754737
vn 0.6313677 0.003921509 0.7754737
vn 0.6313677 0.003921509 0.7754737
vn 0.6313677 0.003921509 0.7754737
vn -0.7803861 0.003921509 0.6252857
vn -0.7803861 0.003921509 0.6252857
vn -0.7803861 0.003921509 0.6252857
vn -0.7803861 0.003921509 0.6252857
vn 0.7725431 0.003921509 -0.6349502
vn 0.7725431 0.003921509 -0.6349502
vn 0.7803862 0.003921509 -0.6252855
vn 0.7803862 0.003921509 -0.6252855
vn -0.6784261 0.003921509 -0.7346581
vn -0.6784261 0.003921509 -0.7346581
vn -0.6784261 0.003921509 -0.7346581
vn -0.6784261 0.003921509 -0.7346581
vn -0.003921509 0.9999923 -0.000345267
vn -0.003921509 0.9999923 -0.000345267
vn -0.003921509 0.9999923 -0.000345267
vn -0.003921509 0.9999923 -0.000345267
vn -0.003921509 0.9999923 -0.000345267
vn -0.003921509 0.9999923 -0.000345267
vn -0.003921509 0.9999923 -0.000345267
vn -0.003921509 0.9999923 -0.000345267
vn -0.003921509 0.9999923 -0.000345267
vn -0.003921509 0.9999923 -0.000345267
vn -0.5843092 0.7019553 -0.4072364
vn -0.5843092 0.7019553 -0.4072364
vn -0.6862692 0.7254846 0.05202602
vn -0.6862692 0.7254846 0.05202602
vn -0.3882322 0.7333276 0.5581275
vn -0.4901923 0.6941123 0.5271809
vn -0.09803843 0.7254846 -0.6812199
vn -0.09803843 0.7254846 -0.6812199
vn 0.3411739 0.7254846 -0.5977227
vn 0.3411739 0.7254846 -0.5977227
vn 0.6392108 0.7097985 -0.2959657
vn 0.6392108 0.7176415 -0.276406
vn 0.6862693 0.7254846 -0.05202487
vn 0.6862693 0.7254846 -0.05202487
vn -0.1921554 0.6941123 0.6937466
vn -0.1921554 0.6941123 0.6937466
vn -0.5843092 0.6470538 0.4898
vn -0.5843092 0.6470538 0.4898
vn -0.5843092 0.6470538 0.4898
vn -0.5843092 0.6470538 0.4898
vn -0.5843092 0.6548969 0.4792628
vn 0.5843093 0.6235245 -0.5194226
vn 0.6313677 0.6078384 -0.4815675
vn 0.6313677 0.5999954 -0.4913047
vn 0.5843093 0.6313677 -0.5098603
vn 0.5843093 0.6235245 -0.5194226
vn 0.6313677 0.5999954 -0.4913047
vn 0.6313677 0.5999954 -0.4913047
vn 0.5921524 0.6156815 -0.519896
vn 0.5921524 0.6156815 -0.519896
vn 0.3411739 0.7882292 0.5121475
vn 0.3411739 0.7803861 0.5240209
vn 0.3411739 0.7803861 0.5240209
vn 0.3411739 0.7803861 0.5240209
vn -0.5843092 0.6392107 0.4999924
vn -0.5843092 0.6470538 0.4898
vn -0.5843092 0.6470538 0.4898
vn -0.5843092 0.6470538 0.4898
vn -0.3882322 0.7568569 -0.5257788
vn -0.3882322 0.7568569 -0.5257788
vn -0.3882322 0.7568569 -0.5257788
vn -0.3882322 0.7568569 -0.5257788
vn 0.3882324 0.7411708 0.5476692
vn 0.3960754 0.7333276 0.5525892
vn 0.3882324 0.7411708 0.5476692
vn 0.3882324 0.7333276 0.5581274
vn -0.6862692 0.4745061 -0.5512518
vn -0.6784261 0.4901923 -0.5472198
vn -0.7882292 0.5999954 0.1367489
vn -0.7880838 0.6155679 0
vn -0.4901923 0.5999954 0.6322318
vn -0.5843092 0.5843092 0.5631745
vn -0.4901923 0.5372508 0.6863477
vn -0.4901923 0.5372508 0.6863477
vn -0.09803843 0.5058784 -0.8570154
vn -0.1921554 0.4901923 -0.8501693
vn 0.4431339 0.5607799 -0.6993985
vn 0.4352908 0.5607799 -0.7043066
vn 0.7333277 0.5999954 -0.3197437
vn 0.7254847 0.5843092 -0.3636684
vn 0.7725431 0.4980353 -0.3938755
vn 0.7803862 0.5372508 -0.3199359
vn -0.4901923 0.5372508 0.6863477
vn -0.4901923 0.5372508 0.6863477
vn -0.6784261 0.466663 0.5674183
vn -0.6784261 0.466663 0.5674183
vn 0.6862693 0.4274477 -0.5884922
vn 0.6862693 0.4274477 -0.5884922
vn 0.7725431 0.4980353 -0.3938755
vn 0.7803862 0.5372508 -0.3199359
vn 0.4901924 0.5999954 0.6322318
vn 0.4901924 0.5999954 0.6322318
vn 0.4901924 0.6078384 0.6246951
vn 0.4901924 0.6078384 0.6246951
vn -0.003921509 0.9999923 -0.000345267
vn -0.003921509 0.9999923 -0.000345267
vn -0.003921509 0.9999923 -0.000345267
vn -0.003921509 0.9999923 -0.000345267
vn -0.003921509 0.9999923 -0.000345267
vn -0.003921509 0.9999923 -0.000345267
vn -0.003921509 0.9999923 -0.000345267
vn -0.003921509 0.9999923 -0.000345267
vn -0.003921509 0.9999923 -0.000345267
vn -0.003921509 0.9999923 -0.000345267
vn -0.003921509 0.9999923 -0.000345267
vn -0.003921509 0.9999923 -0.000345267
vn 0.7725431 0.003921509 -0.6349502
vn 0.7803862 0.003921509 -0.6252855
vn 0.7725431 0.003921509 -0.6349502
vn 0.7803862 0.003921509 -0.6252855
vn 0.09803849 0.9921492 0.07764248
vn 0.09803849 0.9921492 0.07764248
vn 0.09803849 0.9921492 -0.07764248
vn 0.09803849 0.9921492 -0.07764248
vn 0.09803849 0.9921492 -0.07764248
vn 0.09803849 0.9921492 -0.07764248
vn -0.003921509 0.9921492 -0.1249981
vn -0.003921509 0.9921492 -0.1249981
vn -0.003921509 0.9921492 -0.1249981
vn -0.003921509 0.9921492 -0.1249981
vn 0.6392108 0.003921509 0.7690216
vn 0.6392108 0.003921509 0.7690216
vn 0.6392108 0.003921509 0.7690216
vn 0.6392108 0.003921509 0.7690216
vn -0.4431338 0.8274446 0.3449172
vn -0.4431338 0.8196015 0.3631607
vn -0.4352907 0.8274446 0.354764
vn -0.4352907 0.8196015 0.3725256
vn 0.6862693 0.003921509 0.727337
vn 0.6862693 0.003921509 0.727337
vn 0.6784262 0.003921509 0.7346581
vn 0.6784262 0.003921509 0.7346581
vn -0.003921509 0.9999923 -0.000345267
vn -0.003921509 0.9999923 -0.000345267
vn -0.003921509 0.9999923 -0.000345267
vn -0.003921509 0.9999923 -0.000345267
vn -0.7803861 -0.003921568 0.6252857
vn -0.7803861 -0.003921568 0.6252857
vn -0.7803861 -0.003921568 0.6252857
vn -0.7803861 -0.003921568 0.6252857
vn -0.003921509 -0.9999924 0
vn -0.003921509 -0.9999924 0
vn -0.003921509 -0.9999924 0
vn -0.003921509 -0.9999924 0
vn -0.6862692 -0.003921568 -0.7273371
vn -0.6862692 -0.003921568 -0.7273371
vn -0.6862692 -0.003921568 -0.7273371
vn -0.6862692 -0.003921568 -0.7273371
vn 0.9058754 0.2941153 0.3047718
vn 0.9137185 0.2862723 0.2883863
vn 0.9450908 0.1294107 0.3000936
vn 0.9450908 0.1294107 0.3000936
vn 0.8352877 0.466663 0.2907233
vn 0.8352877 0.466663 0.2907233
vn 0.8823462 0.262743 -0.3904245
vn 0.8352877 0.262743 -0.4829705
vn 0.858817 0.1450969 -0.4913047
vn 0.858817 0.1450969 -0.4913047
vn 0.8352877 0.3882322 -0.3893201
vn 0.858817 0.4196045 -0.29388
vn 0.7019554 0.4117615 -0.5811291
vn 0.1921554 0.2078415 -0.9591028
vn 0.003921568 0.262743 -0.9648579
vn 0.2392139 0.1137246 -0.9642839
vn -0.003921509 0.1686261 -0.9856723
vn -0.4352907 0.2392138 -0.8679278
vn -0.4745061 0.1215676 -0.8718172
vn -0.8823462 0.2549 -0.3955898
vn -0.9058753 0.1450969 -0.3979155
vn -0.9215615 0.2549 0.2928317
vn -0.9450908 0.1294107 0.3000938
vn -0.5529369 0.2784292 0.7853267
vn -0.4745061 0.1215676 0.8718172
vn 0.09803849 0.2392138 0.9660047
vn 0.08235234 0.1529399 0.9847982
vn 0.3803893 0.2705861 0.8843569
vn 0.4274477 0.1607831 0.8896276
vn -0.003921509 0.45882 -0.8885206
vn 0.1921554 0.4509768 -0.8716055
vn -0.9215615 0.3725461 0.1092421
vn -0.9215615 0.3725461 -0.1092421
vn -0.7882292 0.3803892 0.4837342
vn -0.6313677 0.3647031 0.6843731
vn -0.2862723 0.3803892 0.8794045
vn 0.4196047 0.4509768 0.7877511
vn 0.2627431 0.4117615 0.872593
vn -0.1058815 0.4431338 0.8901806
vn -0.2549 0.4117615 -0.8749163
vn -0.6313677 0.3725461 -0.6801355
vn -0.7254846 0.3647031 -0.5836641
vn 0.01176392 0.9999309 0
vn -0.003921509 0.9999923 -0.000345267
vn 0.01176392 0.9999309 0
vn -0.003921509 0.9999923 -0.000345267
vn -0.003921509 0.9999923 -0.000345267
vn -0.003921509 0.9999923 -0.000345267
vn -0.003921509 0.9999923 -0.000345267
vn 0.01176392 0.9999309 0
vn 0.01176392 0.9999309 0
vn 0.003921568 0.9999923 -0.000345267
vn 0.003921568 0.9999923 -0.000345267
vn -0.003921509 0.9999923 -0.000345267
vn -0.003921509 0.9999923 -0.000345267
vn -0.003921509 0.9999923 -0.000345267
vn -0.003921509 0.9999923 -0.000345267
vn -0.0117638 0.9999309 0
vn -0.003921509 0.9999923 -0.000345267
vn -0.0117638 0.9999309 0
vn -0.0117638 0.9999309 0
vn -0.0117638 0.9999309 0
vn -0.0117638 0.9999309 0
vn -0.0117638 0.9999309 0
vn -0.0117638 0.9999309 0
vn -0.003921509 0.9999923 -0.000345267
vn -0.0117638 0.9999309 0
vn -0.003921509 0.9999923 -0.000345267
vn -0.003921509 0.9999923 -0.000345267
vn -0.003921509 0.9999923 -0.000345267
vn -0.003921509 0.9999923 -0.000345267
vn -0.4745061 0.003921509 -0.8802435
vn -0.9215615 -0.003921568 -0.3882126
vn -0.4745061 0.003921509 -0.8802435
vn -0.9215615 0.003921509 -0.3882126
vn 0.2078416 0.003921509 -0.9781547
vn 0.2078416 0.003921509 -0.9781547
vn 0.8117585 0.003921509 -0.5839801
vn 0.8117585 0.003921509 -0.5839801
vn 0.9999924 0.003921509 0
vn 0.9999924 0.003921509 0
vn 0.7333277 0.003921509 0.679864
vn 0.7333277 0.003921509 0.679864
vn 0.1607831 0.003921509 0.986982
vn 0.1607831 -0.003921568 0.986982
vn -0.4980353 0.003921509 0.8671479
vn -0.4980353 -0.003921568 0.8671479
vn -0.9529338 0.003921509 0.3031532
vn -0.9529338 -0.003921568 0.3031532
vn -0.9215615 0.003921509 -0.3882126
vn -0.9215615 -0.003921568 -0.3882126
vn 0.9921493 0.003921509 -0.1249976
vn 0.9921493 0.003921509 -0.1249976
vn 0.9921493 0.003921509 -0.1249976
vn 0.9921493 0.003921509 -0.1249976
vn -0.07450914 0.003921509 -0.9972126
vn -0.07450914 0.003921509 -0.9972126
vn -0.07450914 0.003921509 -0.9972126
vn -0.07450914 0.003921509 -0.9972126
vn -0.9921492 -0.003921568 0.1249981
vn -0.9921492 -0.003921568 0.1249981
vn -0.9921492 0.003921509 0.1249981
vn -0.9921492 0.003921509 0.1249981
vn -0.003921509 0.9999923 -0.000345267
vn -0.003921509 0.9999923 -0.000345267
vn -0.003921509 0.9999923 -0.000345267
vn -0.003921509 0.9999923 -0.000345267
vn -0.6392107 0.7646999 -0.08150897
vn -0.6470538 0.7568569 -0.09213551
vn -0.6392107 0.7646999 -0.08150897
vn -0.6392107 0.7646999 -0.08150897
vn 0.05098003 0.8039154 0.5925547
vn 0.05098003 0.8039154 0.5925547
vn 0.05098003 0.8039154 0.5925547
vn 0.05098003 0.8039154 0.5925547
vn 0.6392108 0.7646999 -0.08150824
vn 0.6392108 0.7646999 -0.08150824
vn 0.6392108 0.7646999 -0.08150824
vn 0.6392108 0.7646999 -0.08150824
vn -0.03529382 0.8117584 -0.5829259
vn -0.05097997 0.8039154 -0.5925547
vn -0.05097997 0.8039154 -0.5925547
vn -0.05097997 0.8039154 -0.5925547
vn -0.9921492 0.003921509 0.1249981
vn -0.9921492 0.003921509 0.1249981
vn -0.9921492 0.003921509 0.1249981
vn -0.9921492 0.003921509 0.1249981
vn 0.07450926 0.003921509 0.9972126
vn 0.07450926 0.003921509 0.9972126
vn 0.07450926 0.003921509 0.9972126
vn 0.07450926 0.003921509 0.9972126
vn 0.9921493 0.003921509 -0.1249976
vn 0.9921493 0.003921509 -0.1249976
vn 0.9921493 0.003921509 -0.1249976
vn 0.9921493 0.003921509 -0.1249976
vn -0.07450914 0.003921509 -0.9972126
vn -0.07450914 0.003921509 -0.9972126
vn -0.07450914 0.003921509 -0.9972126
vn -0.07450914 0.003921509 -0.9972126
vn -0.5999954 0.7960722 -0.07921226
vn -0.5999954 0.7960722 -0.07921226
vn -0.5999954 0.7960722 -0.07921226
vn -0.5999954 0.7960722 -0.07921226
vn 0.05098003 0.6313677 0.7738061
vn 0.05098003 0.6313677 0.7738061
vn 0.05098003 0.6313677 0.7738061
vn 0.5999954 0.7960722 -0.0792115
vn 0.5999954 0.7960722 -0.0792115
vn 0.5999954 0.7960722 -0.0792115
vn 0.5999954 0.7960722 -0.0792115
vn -0.05097997 0.6313677 -0.7738061
vn -0.05097997 0.6313677 -0.7738061
vn -0.05097997 0.6313677 -0.7738061
vn -0.003921509 -0.9999924 0
vn -0.003921509 -0.9999924 0
vn -0.003921509 -0.9999924 0
vn -0.003921509 -0.9999924 0
vn -0.003921509 -0.9999924 0
vn -0.003921509 -0.9999924 0
vn -0.003921509 -0.9999924 0
vn -0.003921509 -0.9999924 0
vn 0.07450926 -0.003921568 0.9972126
vn 0.07450926 -0.003921568 0.9972126
vn 0.07450926 0.003921509 0.9972126
vn 0.07450926 0.003921509 0.9972126
vn -0.6235245 0.003921509 0.781794
vn -0.6313677 0.003921509 0.7754737
vn -0.6235245 -0.003921568 0.781794
vn -0.6313677 -0.003921568 0.7754737
vn 0.7333277 0.003921509 0.679864
vn 0.7333277 0.003921509 0.679864
vn 0.7333277 0.003921509 0.679864
vn 0.7333277 0.003921509 0.679864
vn 0.6313677 0.003921509 -0.7754737
vn 0.6313677 0.003921509 -0.7754737
vn 0.6313677 0.003921509 -0.7754737
vn 0.6313677 0.003921509 -0.7754737
vn -0.7333276 0.003921509 -0.6798641
vn -0.7333276 0.003921509 -0.6798641
vn -0.7333276 0.003921509 -0.6798641
vn -0.7333276 0.003921509 -0.6798641
vn -0.4823492 0.6548969 0.581764
vn -0.4823492 0.6548969 0.581764
vn -0.4823492 0.6548969 0.581764
vn -0.4823492 0.6548969 0.581764
vn 0.7333277 0.003921509 0.679864
vn 0.7333277 0.003921509 0.679864
vn 0.7333277 0.003921509 0.679864
vn 0.7333277 0.003921509 0.679864
vn 0.6313677 0.003921509 -0.7754737
vn 0.6313677 0.003921509 -0.7754737
vn 0.6313677 0.003921509 -0.7754737
vn 0.6313677 0.003921509 -0.7754737
vn -0.7333276 0.003921509 -0.6798641
vn -0.7333276 0.003921509 -0.6798641
vn -0.7333276 0.003921509 -0.6798641
vn -0.7333276 0.003921509 -0.6798641
vn -0.4039184 0.7803861 0.4773337
vn -0.4117615 0.7725431 0.4833525
vn -0.4039184 0.7803861 0.4773337
vn -0.4039184 0.7803861 0.4773337
vn 0.6313677 0.5137215 0.5809174
vn 0.6313677 0.5137215 0.5809174
vn 0.6235247 0.5137215 0.5893278
vn 0.3725462 0.8431307 -0.387737
vn 0.3803893 0.8352877 -0.3969868
vn 0.3725462 0.8431307 -0.387737
vn 0.3803893 0.8352877 -0.3969868
vn -0.670583 0.45882 -0.5829259
vn -0.66274 0.466663 -0.5856631
vn -0.670583 0.45882 -0.5829259
vn -0.003921509 -0.9999924 0
vn -0.003921509 -0.9999924 0
vn -0.003921509 -0.9999924 0
vn -0.003921509 -0.9999924 0
vn -0.8117584 0.003921509 -0.5839803
vn -0.8117584 0.003921509 -0.5839803
vn -0.8117584 -0.003921568 -0.5839803
vn -0.8117584 -0.003921568 -0.5839803
vn -0.6156815 0.003921509 0.7879853
vn -0.6156815 0.003921509 0.7879853
vn -0.6156815 -0.003921568 0.7879853
vn -0.6156815 -0.003921568 0.7879853
vn 0.8117585 0.003921509 0.5839801
vn 0.8117585 0.003921509 0.5839801
vn 0.8117585 0.003921509 0.5839801
vn 0.8117585 0.003921509 0.5839801
vn 0.6156816 0.003921509 -0.7879853
vn 0.6156816 0.003921509 -0.7879853
vn 0.6156816 0.003921509 -0.7879853
vn 0.6156816 0.003921509 -0.7879853
vn -0.6313677 0.6784261 -0.3756499
vn -0.6235245 0.6784261 -0.3885294
vn -0.6313677 0.670583 -0.3894782
vn -0.6235245 0.670583 -0.4019149
vn -0.6156815 0.003921509 0.7879853
vn -0.6156815 0.003921509 0.7879853
vn -0.6156815 0.003921509 0.7879853
vn -0.6156815 0.003921509 0.7879853
vn 0.8117585 0.003921509 0.5839801
vn 0.8117585 0.003921509 0.5839801
vn 0.8117585 0.003921509 0.5839801
vn 0.8117585 0.003921509 0.5839801
vn 0.6156816 0.003921509 -0.7879853
vn 0.6156816 0.003921509 -0.7879853
vn 0.6156816 0.003921509 -0.7879853
vn 0.6156816 0.003921509 -0.7879853
vn -0.5137215 0.8039154 -0.2996837
vn -0.5215646 0.8039154 -0.2858154
vn -0.5137215 0.8039154 -0.2996837
vn -0.5215646 0.8039154 -0.2858154
vn -0.5058784 0.5215646 0.6870643
vn -0.4980353 0.5215646 0.6927707
vn -0.5058784 0.5215646 0.6870643
vn 0.4666631 0.8352877 0.2907233
vn 0.4666631 0.8352877 0.2907233
vn 0.4666631 0.8352877 0.2907233
vn 0.4431339 0.8039154 0.3966767
vn 0.5372508 0.4901923 -0.6863476
vn 0.5372508 0.4901923 -0.6863476
vn 0.4745062 0.4274477 -0.7695013
vn -0.003921509 -0.9999924 0
vn -0.003921509 -0.9999924 0
vn -0.003921509 -0.9999924 0
vn -0.003921509 -0.9999924 0
vn -0.003921509 -0.9999924 0
vn -0.003921509 -0.9999924 0
vn -0.003921509 -0.9999924 0
vn -0.003921509 -0.9999924 0
vn 0.8745031 0.003921509 -0.485004
vn 0.8745031 0.003921509 -0.485004
vn 0.8745031 0.003921509 -0.485004
vn 0.8745031 0.003921509 -0.485004
vn -0.874503 0.003921509 0.4850042
vn -0.874503 0.003921509 0.4850042
vn -0.874503 0.003921509 0.4850042
vn -0.874503 0.003921509 0.4850042
vn 0.56078 0.7803861 -0.2766285
vn 0.56078 0.7725431 -0.2978305
vn 0.56078 0.7803861 -0.2766285
vn 0.56078 0.7725431 -0.2978305
vn -0.5607799 0.7725431 0.2978306
vn -0.5607799 0.7725431 0.2978306
vn -0.5607799 0.7803861 0.2766287
vn -0.5607799 0.7803861 0.2766287
vn -0.003921509 -0.9999924 0
vn -0.003921509 -0.9999924 0
vn -0.003921509 -0.9999924 0
vn -0.003921509 -0.9999924 0
vn 0.9843062 0.003921509 0.1764254
vn 0.9843062 0.003921509 0.1764254
vn 0.9843062 0.003921509 0.1764254
vn 0.9843062 0.003921509 0.1764254
vn -0.9843061 0.003921509 -0.176426
vn -0.9843061 0.003921509 -0.176426
vn -0.9843061 0.003921509 -0.176426
vn -0.9843061 0.003921509 -0.176426
vn 0.6156816 0.7803861 0.1092414
vn 0.6156816 0.7803861 0.1092414
vn 0.6156816 0.7803861 0.1092414
vn 0.6156816 0.7803861 0.1092414
vn -0.6156815 0.7803861 -0.1092419
vn -0.6156815 0.7803861 -0.1092419
vn -0.6078384 0.7646999 -0.2139311
vn -0.6156815 0.7803861 -0.1092419
vn -0.003921509 0.9999923 -0.000345267
vn -0.003921509 0.9999923 -0.000345267
vn -0.003921509 0.9999923 -0.000345267
vn -0.003921509 0.9999923 -0.000345267
vn -0.003921509 0.9999923 -0.000345267
vn -0.003921509 0.9999923 -0.000345267
vn -0.003921509 0.9999923 -0.000345267
vn -0.003921509 0.9999923 -0.000345267
vn 0.9215616 0.02745068 0.3872605
vn 0.4823493 0.02745068 0.8755488
vn 0.9215616 0.02745068 0.3872605
vn 0.4823493 0.02745068 0.8755488
vn 0.960777 0.02745068 -0.2759602
vn 0.960777 0.02745068 -0.2759602
vn 0.5215647 0.02745068 -0.8527701
vn 0.5215647 0.02745068 -0.8527701
vn -0.09803843 0.02745068 -0.994804
vn -0.09803843 0.02745068 -0.994804
vn -0.1921554 0.02745068 0.9809805
vn -0.1921554 0.02745068 0.9809805
vn -0.7960722 0.02745068 0.6045787
vn -0.7960722 0.02745068 0.6045787
vn -0.9996234 0.02744056 0
vn -0.9996234 0.02744056 0
vn -0.7490138 0.01960766 -0.6622642
vn -0.7490138 0.01960766 -0.6622642
vn -0.09803843 0.02745068 -0.994804
vn -0.09803843 0.02745068 -0.994804
vn -0.9607769 -0.003921568 -0.2772946
vn -0.7097985 0.003921509 -0.7043939
vn -0.9607769 -0.003921568 -0.2772946
vn -0.7097985 0.003921509 -0.7043939
vn -0.2862723 0.003921509 -0.9581403
vn -0.2862723 0.003921509 -0.9581403
vn 0.2392139 0.003921509 -0.970959
vn 0.2392139 0.003921509 -0.970959
vn -0.9607769 -0.003921568 0.2772946
vn -0.9607769 -0.003921568 0.2772946
vn -0.7097985 -0.003921568 0.7043939
vn -0.7097985 -0.003921568 0.7043939
vn -0.2862723 -0.003921568 0.9581403
vn -0.2862723 -0.003921568 0.9581403
vn 0.2392139 -0.003921568 0.970959
vn 0.2392139 -0.003921568 0.970959
vn 0.7333277 0.003921509 0.679864
vn 0.7333277 0.003921509 0.679864
vn 0.960777 0.003921509 0.2772944
vn 0.960777 0.003921509 0.2772944
vn 0.960777 0.003921509 -0.2772944
vn 0.960777 0.003921509 -0.2772944
vn 0.7097985 0.003921509 -0.7043939
vn 0.7097985 0.003921509 -0.7043939
vn 0.2392139 0.003921509 -0.970959
vn 0.2392139 0.003921509 -0.970959
vn 0.4823493 0.4117615 -0.7731699
vn -0.09803843 0.4431338 -0.8910785
vn 0.4823493 0.4039184 -0.777296
vn -0.09803843 0.45882 -0.883104
vn 0.8666601 0.3960754 -0.3033557
vn 0.8745031 0.3882322 -0.2907233
vn 0.8352877 0.466663 0.2907233
vn 0.8352877 0.45882 0.3029498
vn 0.4431339 0.4196045 0.7921897
vn 0.4431339 0.4274477 0.7879853
vn -0.1999984 0.4196045 0.8853998
vn -0.1999984 0.4274477 0.88164
vn -0.6862692 0.4196045 0.59411
vn -0.6862692 0.4274477 0.5884922
vn -0.8888779 0.4581441 0
vn -0.8823462 0.466663 -0.06075301
vn -0.6862692 0.4196045 -0.59411
vn -0.6862692 0.4274477 -0.5884922
vn -0.09803843 0.4431338 -0.8910785
vn -0.09803843 0.45882 -0.883104
vn -0.4901923 0.8196015 0.2965887
vn -0.2941153 0.8196015 0.4916803
vn -0.4901923 0.8196015 0.2965887
vn -0.2941153 0.8196015 0.4916803
vn -0.5842015 0.8116087 0
vn -0.5842015 0.8116087 0
vn -0.4901923 0.8196015 -0.2965887
vn -0.4901923 0.8196015 -0.2965887
vn -0.2941153 0.874503 -0.3856691
vn -0.2941153 0.874503 -0.3856691
vn -0.003921509 0.8117584 -0.5839803
vn -0.003921509 0.8117584 -0.5839803
vn 0.247057 0.8352877 -0.4911796
vn 0.247057 0.8352877 -0.4911796
vn 0.4431339 0.8509738 -0.2819147
vn 0.4431339 0.8509738 -0.2819147
vn 0.5372508 0.8431307 -0.02218458
vn 0.5372508 0.8431307 -0.02218458
vn 0.4901924 0.8196015 0.2965886
vn 0.4901924 0.8196015 0.2965886
vn 0.2941154 0.874503 0.385669
vn 0.2941154 0.874503 0.385669
vn -0.003921509 0.8117584 0.5839803
vn -0.003921509 0.8117584 0.5839803
vn -0.2941153 0.9137185 -0.2803833
vn -0.2941153 0.9137185 -0.2803833
vn -0.2941153 0.9137185 -0.2803833
vn -0.2941153 0.9137185 -0.2803833
vn 0.4889607 0.8723058 0
vn 0.4889607 0.8723058 0
vn 0.4889607 0.8723058 0
vn 0.4889607 0.8723058 0
vn -0.09803843 0.86666 0.4891717
vn -0.09803843 0.86666 0.4891717
vn -0.09803843 0.86666 0.4891717
vn -0.09803843 0.86666 0.4891717
vn -0.3882322 0.9137185 0.1199762
vn -0.3882322 0.9137185 0.1199762
vn -0.3882322 0.9137185 0.1199762
vn -0.3882322 0.9137185 0.1199762
vn 0.247057 0.8901892 -0.3827873
vn 0.247057 0.8901892 -0.3827873
vn 0.247057 0.8901892 -0.3827873
vn 0.247057 0.8901892 -0.3827873
vn 0.2941154 0.874503 0.385669
vn 0.2941154 0.874503 0.385669
vn 0.2941154 0.874503 0.385669
vn 0.2941154 0.874503 0.385669
vn -0.003921509 0.1999984 -0.9797884
vn 0.9372478 0.1843122 -0.2959656
vn -0.003921509 0.9999923 -0.000345267
vn -0.9372476 0.1843122 -0.295966
vn 0.5921524 0.1999984 0.7806127
vn -0.5921522 0.1999984 0.7806128
vn -0.9372476 0.1843122 -0.295966
vn -0.003921509 -0.4274477 -0.9040315
vn 0.8666601 -0.4117616 -0.2816962
vn -0.86666 -0.4117616 -0.2816964
vn -0.4823492 -0.4117616 0.7731699
vn -0.86666 -0.4117616 -0.2816964
vn 0.5921524 -0.4196047 0.687959
vn -0.003921509 0.7176415 -0.6964017
vn -0.1921554 0.7960722 -0.5738861
vn 0.145097 0.8039154 -0.5767729
vn 0.5843093 0.7097985 -0.3934067
vn -0.09803843 0.4274477 -0.8987085
vn 0.7725431 0.4117615 -0.4833524
vn -0.09803843 0.2862723 -0.9531195
vn 0.8117585 0.3019584 -0.4998692
vn 0.8274447 0.4117615 0.3818217
vn 0.8745031 0.2941153 0.3856689
vn 0.6392108 0.7097985 0.2959657
vn 0.5764662 0.7960722 -0.1842707
vn 0.5843093 0.8039154 0.1109178
vn 0.3882324 0.7803861 -0.4901767
vn 0.3411739 0.8039154 0.4871554
vn -0.003921509 0.7176415 0.6964017
vn 0.1921554 0.7960722 0.5738861
vn 0.09803849 0.4274477 0.8987085
vn 0.09803849 0.2862723 0.9531195
vn -0.1921554 0.7960722 0.5738861
vn -0.7725431 0.4117615 0.4833525
vn -0.8117584 0.3019584 0.4998694
vn -0.5843092 0.7097985 0.3934068
vn -0.7960722 0.4509768 -0.4035949
vn -0.874503 0.2941153 -0.3856691
vn -0.09803843 0.4274477 -0.8987085
vn -0.09803843 0.2862723 -0.9531195
vn -0.003921509 0.7176415 -0.6964017
vn -0.5843092 0.7568569 -0.2928316
vn -0.3882322 0.7803861 -0.4901767
vn -0.1921554 0.7960722 -0.5738861
vn -0.5764661 0.7960722 0.184271
vn -0.5843092 0.8039154 -0.1109181
vn -0.3882322 0.7803861 0.4901767
vn -0.003921509 -0.9999924 0
vn -0.003921509 -0.9999924 0
vn -0.003921509 -0.9999924 0
vn -0.003921509 -0.9999924 0
vn -0.003921509 -0.9999924 0
vn -0.003921509 -0.9999924 0
vn -0.003921509 -0.9999924 0
vn -0.003921509 -0.9999924 0
vn -0.003921509 -0.9999924 0
vn -0.003921509 -0.9999924 0
vn -0.003921509 -0.9999924 0
vn -0.003921509 -0.9999924 0
vn -0.003921509 -0.9999924 0
vn -0.003921509 -0.9999924 0
vn -0.003921509 -0.9999924 0
vn -0.003921509 -0.9999924 0
vn -0.003921509 -0.9999924 0
vn -0.003921509 -0.9999924 0
vn -0.003921509 -0.9999924 0
vn -0.003921509 -0.9999924 0
vn -0.003921509 -0.9999924 0
vn -0.003921509 0.9999923 -0.000345267
vn -0.003921509 0.9999923 -0.000345267
vn -0.003921509 0.9999923 -0.000345267
vn -0.003921509 0.9999923 -0.000345267
vn -0.003921509 0.9999923 -0.000345267
vn -0.003921509 0.9999923 -0.000345267
vn -0.003921509 0.9999923 -0.000345267
vn -0.003921509 0.9999923 -0.000345267
vn -0.003921509 0.9999923 -0.000345267
vn -0.003921509 0.9999923 -0.000345267
vn -0.003921509 0.9999923 -0.000345267
vn -0.003921509 0.9999923 -0.000345267
vn 0.7725431 0.003921509 -0.6349502
vn 0.7725431 0.003921509 -0.6349502
vn 0.7725431 0.003921509 -0.6349502
vn 0.7725431 0.003921509 -0.6349502
vn -0.7725431 0.003921509 0.6349503
vn -0.7725431 -0.003921568 0.6349503
vn -0.7725431 -0.003921568 0.6349503
vn -0.7725431 0.003921509 0.6349503
vn -0.003921509 -0.9999924 0
vn -0.003921509 -0.9999924 0
vn -0.003921509 -0.9999924 0
vn -0.003921509 -0.9999924 0
vn 0.6313677 0.003921509 0.7754737
vn 0.6313677 0.003921509 0.7754737
vn 0.6313677 0.003921509 0.7754737
vn 0.6313677 0.003921509 0.7754737
vn -0.003921509 0.9999923 -0.000345267
vn -0.003921509 0.9999923 -0.000345267
vn -0.003921509 0.9999923 -0.000345267
vn -0.003921509 0.9999923 -0.000345267
vn -0.6313677 0.003921509 -0.7754737
vn -0.6313677 0.003921509 -0.7754737
vn -0.6313677 0.003921509 -0.7754737
vn -0.6313677 0.003921509 -0.7754737
vn -0.874503 0.003921509 0.4850042
vn -0.874503 0.003921509 0.4850042
vn -0.874503 0.003921509 0.4850042
vn -0.874503 0.003921509 0.4850042
vn -0.003921509 -0.9999924 0
vn -0.003921509 -0.9999924 0
vn -0.003921509 -0.9999924 0
vn -0.003921509 -0.9999924 0
vn -0.4823492 -0.003921568 -0.8759702
vn -0.4823492 -0.003921568 -0.8759702
vn -0.4823492 -0.003921568 -0.8759702
vn -0.4823492 0.003921509 -0.8759702
vn -0.003921509 0.9999923 -0.000345267
vn -0.003921509 0.9999923 -0.000345267
vn -0.003921509 0.9999923 -0.000345267
vn -0.003921509 0.9999923 -0.000345267
vn 0.4823493 0.003921509 0.8759702
vn 0.4823493 0.003921509 0.8759702
vn 0.4823493 0.003921509 0.8759702
vn 0.4823493 0.003921509 0.8759702
vn -0.7725431 0.003921509 0.6349503
vn -0.7725431 0.003921509 0.6349503
vn -0.7725431 0.003921509 0.6349503
vn -0.7725431 0.003921509 0.6349503
vn -0.003921509 -0.9999924 0
vn -0.003921509 -0.9999924 0
vn -0.003921509 -0.9999924 0
vn -0.003921509 -0.9999924 0
vn -0.6313677 -0.003921568 -0.7754737
vn -0.6313677 -0.003921568 -0.7754737
vn -0.6313677 -0.003921568 -0.7754737
vn -0.6313677 0.003921509 -0.7754737
vn -0.003921509 0.9999923 -0.000345267
vn -0.003921509 0.9999923 -0.000345267
vn -0.003921509 0.9999923 -0.000345267
vn -0.003921509 0.9999923 -0.000345267
vn 0.6313677 0.003921509 0.7754737
vn 0.6313677 0.003921509 0.7754737
vn 0.6313677 0.003921509 0.7754737
vn 0.6313677 0.003921509 0.7754737
vn -0.4425082 0.8967644 0
vn -0.003921509 0.9999923 -0.000345267
vn -0.3882322 0.9058753 0.1693092
vn -0.3882322 0.8980323 -0.2069146
vn -0.3411738 0.8901892 -0.3019333
vn -0.1921554 0.9215615 -0.3373436
vn -0.3411738 0.8901892 0.3019333
vn 0.6313677 -0.003921568 0.7754737
vn 0.6313677 0.003921509 0.7754737
vn 0.6313677 0.003921509 0.7754737
vn 0.6313677 0.003921509 0.7754737
vn 0.7725431 0.003921509 -0.6349502
vn 0.7725431 0.003921509 -0.6349502
vn 0.7725431 0.003921509 -0.6349502
vn 0.7725431 0.003921509 -0.6349502
vn -0.6313677 0.003921509 -0.7754737
vn -0.5450938 0.003921509 -0.8383659
vn -0.5450938 0.003921509 -0.8383659
vn -0.6313677 0.003921509 -0.7754737
vn -0.8431307 0.003921509 -0.5376944
vn -0.8431307 0.003921509 -0.5376944
vn -0.9921492 0.003921509 -0.1249981
vn -0.9921492 0.003921509 -0.1249981
vn -0.9686199 0.003921509 0.2485156
vn -0.9686199 0.003921509 0.2485156
vn -0.7960722 0.003921509 0.6051889
vn -0.8039154 0.003921509 0.5947308
vn -0.6784261 -0.003921568 0.7346581
vn -0.6784261 0.003921509 0.7346581
vn -0.874503 -0.003921568 0.4850042
vn -0.7725431 -0.003921568 0.6349503
vn -0.7725431 -0.003921568 0.6349503
vn -0.874503 -0.003921568 0.4850042
vn -0.9843061 -0.003921568 0.176426
vn -0.9843061 -0.003921568 0.176426
vn -0.9921492 -0.003921568 -0.1249981
vn -0.9921492 -0.003921568 -0.1249981
vn -0.9607769 -0.003921568 -0.2772946
vn -0.9607769 -0.003921568 -0.2772946
vn -0.8431307 -0.003921568 -0.5376944
vn -0.8431307 -0.003921568 -0.5376944
vn -0.7333276 -0.003921568 -0.6798641
vn -0.7333276 0.003921509 -0.6798641
vn -0.6313677 0.003921509 -0.7754737
vn -0.6313677 0.003921509 -0.7754737
vn 0.6313677 0.003921509 0.7754737
vn 0.6313677 0.003921509 0.7754737
vn 0.6313677 0.003921509 0.7754737
vn 0.6313677 0.003921509 0.7754737
vn 0.7725431 0.003921509 -0.6349502
vn 0.7725431 0.003921509 -0.6349502
vn 0.7725431 0.003921509 -0.6349502
vn 0.7725431 0.003921509 -0.6349502
vn -0.1921554 0.9529338 -0.2345069
vn -0.1921554 0.9529338 -0.2345069
vn -0.1921554 0.9529338 -0.2345069
vn -0.1921554 0.9607769 -0.19996
vn 0.1921554 -0.960777 0.1999597
vn 0.1921554 -0.9529339 0.2345064
vn 0.1921554 -0.9529339 0.2345064
vn 0.1921554 -0.9529339 0.2345064
vn -0.6392107 -0.349017 -0.6852714
vn -0.6392107 -0.349017 -0.6852714
vn -0.6392107 -0.349017 -0.6852714
vn -0.6392107 -0.349017 -0.6852714
vn 0.7725431 -0.003921568 -0.6349502
vn 0.7725431 -0.003921568 -0.6349502
vn 0.7725431 0.003921509 -0.6349502
vn 0.7725431 0.003921509 -0.6349502
vn -0.7725431 -0.003921568 0.6349503
vn -0.7725431 -0.003921568 0.6349503
vn -0.7725431 -0.003921568 0.6349503
vn -0.7725431 -0.003921568 0.6349503
vn 0.7725431 0.003921509 -0.6349502
vn 0.7725431 0.003921509 -0.6349502
vn 0.7725431 0.003921509 -0.6349502
vn 0.7725431 0.003921509 -0.6349502
vn -0.7725431 -0.003921568 0.6349503
vn -0.7725431 -0.003921568 0.6349503
vn -0.7725431 -0.003921568 0.6349503
vn -0.7725431 -0.003921568 0.6349503
vn -0.1921554 0.9764631 -0.09796004
vn -0.1921554 0.9764631 -0.09796004
vn -0.1921554 0.9764631 -0.09796004
vn -0.1921554 0.9764631 -0.09796004
vn -0.6313677 0.003921509 -0.7754737
vn -0.6313677 0.003921509 -0.7754737
vn -0.6313677 0.003921509 -0.7754737
vn -0.6313677 0.003921509 -0.7754737
vn -0.3882322 -0.003921568 0.9215532
vn -0.3882322 -0.003921568 0.9215532
vn -0.3882322 -0.003921568 0.9215532
vn -0.3882322 -0.003921568 0.9215532
vn 0.3882324 0.003921509 -0.9215532
vn 0.3882324 0.003921509 -0.9215532
vn 0.3882324 0.003921509 -0.9215532
vn 0.3882324 0.003921509 -0.9215532
vn -0.7725431 -0.003921568 0.6349503
vn -0.7725431 -0.003921568 0.6349503
vn -0.7725431 -0.003921568 0.6349503
vn -0.7725431 0.003921509 0.6349503
vn 0.7725431 0.003921509 -0.6349502
vn 0.7725431 0.003921509 -0.6349502
vn 0.7725431 0.003921509 -0.6349502
vn 0.7725431 0.003921509 -0.6349502
vn 0.7725431 0.003921509 -0.6349502
vn 0.7725431 0.003921509 -0.6349502
vn 0.7725431 0.003921509 -0.6349502
vn 0.7725431 0.003921509 -0.6349502
vn -0.7725431 -0.003921568 0.6349503
vn -0.7725431 -0.003921568 0.6349503
vn -0.7725431 -0.003921568 0.6349503
vn -0.7725431 -0.003921568 0.6349503
vn -0.003921509 0.9999923 -0.000345267
vn -0.003921509 0.9999923 -0.000345267
vn -0.003921509 0.9999923 -0.000345267
vn -0.003921509 0.9999923 -0.000345267
vn 0.4823493 0.003921509 0.8759702
vn 0.4823493 0.003921509 0.8759702
vn 0.4823493 0.003921509 0.8759702
vn 0.4823493 0.003921509 0.8759702
vn -0.86666 0.1372538 0.4796477
vn -0.86666 0.1294107 0.4818229
vn -0.86666 0.1294107 0.4818229
vn -0.86666 0.1372538 0.4796477
vn 0.8745031 -0.003921568 -0.485004
vn 0.8745031 -0.003921568 -0.485004
vn 0.8745031 -0.003921568 -0.485004
vn 0.8745031 -0.003921568 -0.485004
vn -0.4823492 0.003921509 -0.8759702
vn -0.4823492 0.003921509 -0.8759702
vn -0.4823492 0.003921509 -0.8759702
vn -0.4823492 0.003921509 -0.8759702
vn -0.003921509 0.9999923 -0.000345267
vn -0.003921509 0.9999923 -0.000345267
vn -0.003921509 0.9999923 -0.000345267
vn -0.003921509 0.9999923 -0.000345267
vn -0.3882322 0.9058753 0.1693092
vn -0.6862692 0.6862692 0.2409756
vn -0.7333276 0.670583 -0.1120222
vn -0.4425082 0.8967644 0
vn -0.5843092 0.6784261 0.4453321
vn -0.3411738 0.8901892 0.3019333
vn -0.6862692 0.6470538 -0.3321986
vn -0.3882322 0.8980323 -0.2069146
vn -0.4901923 0.6862692 -0.5373511
vn -0.3411738 0.8901892 -0.3019333
vn -0.1921554 0.9215615 -0.3373436
vn -0.3882322 0.7803861 -0.4901767
vn 0.5372508 0.5607799 0.62999
vn 0.5843093 0.5686231 0.5790082
vn 0.4901924 0.5921522 0.6395836
vn 0.4901924 0.5450938 0.6801354
vn 0.5843093 0.6784261 -0.4453321
vn 0.5843093 0.6784261 -0.4453321
vn 0.5843093 0.6784261 -0.4453321
vn 0.5843093 0.6784261 -0.4453321
vn -0.003921509 0.9999923 -0.000345267
vn -0.003921509 0.9999923 -0.000345267
vn -0.003921509 0.9999923 -0.000345267
vn -0.003921509 0.9999923 -0.000345267
vn -0.003921509 0.9999923 -0.000345267
vn -0.003921509 0.9999923 -0.000345267
vn -0.003921509 0.9999923 -0.000345267
vn -0.003921509 0.9999923 -0.000345267
vn -0.5764661 0.3725461 -0.7272525
vn -0.5764661 0.45882 -0.6761442
vn -0.4901923 0.466663 -0.7361638
vn -0.5764661 0.3725461 -0.7272525
vn -0.7411708 0.45882 -0.4900511
vn -0.7725431 0.4117615 -0.4833525
vn -0.8823462 0.4431338 -0.1584225
vn -0.8823462 0.4431338 -0.1584225
vn -0.86666 0.45882 0.1959201
vn -0.874503 0.4509768 0.1785058
vn -0.6862692 0.5294076 0.4987606
vn -0.6784261 0.4980353 0.5400915
vn -0.5921522 0.5529369 0.5861881
vn -0.6313677 0.5999954 0.4913048
vn 0.6862693 0.4823492 -0.5444022
vn 0.6862693 0.4823492 -0.5444022
vn 0.6862693 0.4823492 -0.5444022
vn 0.6862693 0.4823492 -0.5444022
vn 0.5450939 0.4823492 0.68572
vn 0.5450939 0.4823492 0.68572
vn 0.5921524 0.4901923 0.6395835
vn 0.5450939 0.4823492 0.68572
vn 0.6313677 0.003921509 0.7754737
vn 0.6313677 0.003921509 0.7754737
vn 0.6313677 0.003921509 0.7754737
vn 0.6313677 0.003921509 0.7754737
vn -0.003921509 -0.9999924 0
vn -0.003921509 -0.9999924 0
vn -0.003921509 -0.9999924 0
vn -0.003921509 -0.9999924 0
vn -0.7725431 0.003921509 0.6349503
vn -0.7725431 -0.003921568 0.6349503
vn -0.7725431 -0.003921568 0.6349503
vn -0.7725431 0.003921509 0.6349503
vn -0.003921509 0.9999923 -0.000345267
vn -0.003921509 0.9999923 -0.000345267
vn -0.003921509 0.9999923 -0.000345267
vn -0.003921509 0.9999923 -0.000345267
vn 0.7725431 0.003921509 -0.6349502
vn 0.7725431 0.003921509 -0.6349502
vn 0.7725431 0.003921509 -0.6349502
vn 0.7725431 0.003921509 -0.6349502
vn 0.756857 0.003921509 -0.6535688
vn 0.756857 0.003921509 -0.6535688
vn 0.756857 -0.003921568 -0.6535688
vn 0.756857 -0.003921568 -0.6535688
vn -0.3490169 0.003921509 0.9371082
vn -0.3490169 0.003921509 0.9371082
vn -0.3490169 0.003921509 0.9371082
vn -0.3490169 0.003921509 0.9371082
vn -0.003921509 -0.9999924 0
vn -0.003921509 -0.9999924 0
vn -0.003921509 -0.9999924 0
vn -0.003921509 -0.9999924 0
vn -0.003921509 -0.9999924 0
vn -0.003921509 -0.9999924 0
vn -0.003921509 -0.9999924 0
vn -0.003921509 -0.9999924 0
vn -0.003921509 0.9999923 -0.000345267
vn -0.003921509 0.9999923 -0.000345267
vn -0.003921509 0.9999923 -0.000345267
vn -0.003921509 0.9999923 -0.000345267
vn -0.8274446 0.1529399 -0.5403193
vn -0.8274446 0.1529399 -0.5403193
vn -0.8274446 0.1529399 -0.5403193
vn -0.8274446 0.1529399 -0.5403193
vn -0.6313677 0.003921509 -0.7754737
vn -0.6313677 0.003921509 -0.7754737
vn -0.6313677 0.003921509 -0.7754737
vn -0.6313677 0.003921509 -0.7754737
vn -0.7882292 -0.003921568 0.6153693
vn -0.7882292 -0.003921568 0.6153693
vn -0.7882292 -0.003921568 0.6153693
vn -0.7882292 -0.003921568 0.6153693
vn -0.7882292 -0.003921568 0.6153693
vn 0.6313677 0.003921509 0.7754737
vn 0.6313677 0.003921509 0.7754737
vn 0.6313677 0.003921509 0.7754737
vn 0.6313677 0.003921509 0.7754737
vn 0.6313677 0.003921509 0.7754737
vn 0.7882293 0.003921509 -0.6153691
vn 0.7882293 0.003921509 -0.6153691
vn 0.7803862 0.003921509 -0.6252855
vn 0.7882293 0.003921509 -0.6153691
vn 0.7803862 0.003921509 -0.6252855
vn -0.6313677 0.003921509 -0.7754737
vn -0.6313677 0.003921509 -0.7754737
vn -0.6313677 0.003921509 -0.7754737
vn -0.6313677 0.003921509 -0.7754737
vn -0.6313677 0.003921509 -0.7754737
vn -0.6313677 0.003921509 -0.7754737
vn -0.7882292 0.003921509 0.6153693
vn -0.7882292 0.003921509 0.6153693
vn -0.7882292 0.003921509 0.6153693
vn -0.7882292 0.003921509 0.6153693
vn 0.5921524 0.3254876 0.7371658
vn 0.5921524 0.3254876 0.7371658
vn 0.5921524 0.3254876 0.7371658
vn 0.5921524 0.3254876 0.7371658
vn -0.09803843 0.9843061 -0.146731
vn -0.09803843 0.9843061 -0.146731
vn -0.09803843 0.9843061 -0.146731
vn -0.09803843 0.9843061 -0.146731
vn 0.3411739 0.8509738 0.3993042
vn 0.3411739 0.8509738 0.3993042
vn 0.3411739 0.8509738 0.3993042
vn 0.3411739 0.8509738 0.3993042
vn -0.4431338 0.6078384 -0.6589119
vn -0.4431338 0.6078384 -0.6589119
vn -0.4431338 0.6078384 -0.6589119
vn -0.4431338 0.6078384 -0.6589119
vn 0.145097 0.9686199 0.2017975
vn 0.145097 0.9686199 0.2017975
vn 0.145097 0.9686199 0.2017975
vn 0.145097 0.9686199 0.2017975
vn -0.1450969 0.9686199 -0.2017975
vn -0.1450969 0.9686199 -0.2017975
vn -0.1450969 0.9686199 -0.2017975
vn -0.1450969 0.9686199 -0.2017975
vn -0.2941153 0.9215615 0.2534178
vn -0.2941153 0.9137185 0.2803833
vn -0.2941153 0.9137185 0.2803833
vn -0.2941153 0.9137185 0.2803833
vn 0.247057 0.9529338 -0.1757273
vn 0.247057 0.9529338 -0.1757273
vn 0.247057 0.9450908 -0.2139306
vn 0.247057 0.9529338 -0.1757273
vn 0.7725431 0.003921509 -0.6349502
vn 0.7882293 0.003921509 -0.6153691
vn 0.7725431 0.003921509 -0.6349502
vn 0.7882293 0.003921509 -0.6153691
vn 0.7725431 0.003921509 -0.6349502
vn 0.7725431 0.003921509 -0.6349502
vn 0.7882293 0.01176453 -0.6152692
vn 0.7882293 0.01176453 -0.6152692
vn 0.7882293 0.003921509 -0.6153691
vn -0.7882292 0.003921509 0.6153693
vn -0.7882292 0.003921509 0.6153693
vn -0.7882292 0.003921509 0.6153693
vn -0.7882292 0.003921509 0.6153693
vn -0.7882292 0.003921509 0.6153693
vn -0.7882292 0.003921509 0.6153693
vn -0.7882292 0.01176453 0.6152693
vn -0.7882292 0.01176453 0.6152693
vn -0.7882292 0.003921509 0.6153693
vn -0.3411738 0.8509738 -0.3993044
vn -0.3411738 0.8509738 -0.3993044
vn -0.3411738 0.8431307 -0.4156093
vn -0.3411738 0.8509738 -0.3993044
vn 0.09803849 0.9843061 0.146731
vn 0.09803849 0.9843061 0.146731
vn 0.09803849 0.9843061 0.146731
vn 0.09803849 0.9843061 0.146731
vn 0.5372508 0.6078384 0.584717
vn 0.5372508 0.6078384 0.584717
vn 0.5372508 0.6078384 0.584717
vn 0.5372508 0.6078384 0.584717
vn -0.5843092 0.3568599 -0.7288578
vn -0.5843092 0.3568599 -0.7288578
vn -0.5843092 0.3568599 -0.7288578
vn -0.5843092 0.3568599 -0.7288578
vn -0.003921509 0.9999923 -0.000345267
vn -0.003921509 0.9999923 -0.000345267
vn -0.003921509 0.9999923 -0.000345267
vn -0.003921509 0.9999923 -0.000345267
vn -0.7882292 0.003921509 0.6153693
vn -0.7882292 0.003921509 0.6153693
vn -0.7882292 0.003921509 0.6153693
vn -0.7882292 0.003921509 0.6153693
vn 0.6313677 0.003921509 0.7754737
vn 0.6313677 0.003921509 0.7754737
vn 0.6313677 0.003921509 0.7754737
vn 0.6313677 0.003921509 0.7754737
vn -0.6313677 0.003921509 -0.7754737
vn -0.6313677 0.003921509 -0.7754737
vn -0.6313677 0.003921509 -0.7754737
vn -0.6313677 0.003921509 -0.7754737
vn -0.6313677 0.003921509 -0.7754737
vn -0.6313677 0.003921509 -0.7754737
vn -0.6313677 0.003921509 -0.7754737
vn -0.6313677 0.003921509 -0.7754737
vn 0.6313677 0.003921509 0.7754737
vn 0.6313677 0.003921509 0.7754737
vn 0.6313677 0.003921509 0.7754737
vn 0.6313677 0.003921509 0.7754737
vn 0.7333277 0.3568599 -0.5786894
vn 0.7333277 0.3568599 -0.5786894
vn 0.7333277 0.3568599 -0.5786894
vn 0.7333277 0.3568599 -0.5786894
vn -0.2941153 0.9294046 0.2229422
vn -0.2941153 0.9294046 0.2229422
vn -0.2941153 0.9294046 0.2229422
vn -0.2941153 0.9294046 0.2229422
vn -0.7333276 -0.35686 0.5786895
vn -0.7333276 -0.35686 0.5786895
vn -0.7333276 -0.35686 0.5786895
vn -0.7333276 -0.35686 0.5786895
vn -0.003921509 0.9999923 -0.000345267
vn -0.003921509 0.9999923 -0.000345267
vn -0.003921509 0.9999923 -0.000345267
vn -0.003921509 0.9999923 -0.000345267
vn -0.6313677 -0.03529388 -0.7746801
vn -0.6313677 -0.03529388 -0.7746801
vn -0.6313677 -0.03529388 -0.7746801
vn -0.6313677 -0.03529388 -0.7746801
vn -0.7882292 -0.05882311 0.6125639
vn -0.7882292 -0.05882311 0.6125639
vn -0.7882292 -0.05098003 0.6132665
vn -0.7882292 -0.05098003 0.6132665
vn 0.6313677 -0.03529388 0.77468
vn 0.6313677 -0.03529388 0.77468
vn 0.6313677 -0.03529388 0.77468
vn 0.6313677 -0.03529388 0.77468
vn 0.7882293 0.003921509 -0.6153691
vn 0.7882293 0.003921509 -0.6153691
vn 0.7882293 0.003921509 -0.6153691
vn 0.7882293 0.003921509 -0.6153691
vn -0.7882292 -0.003921568 0.6153693
vn -0.7882292 -0.003921568 0.6153693
vn -0.7882292 -0.003921568 0.6153693
vn -0.7882292 -0.003921568 0.6153693
vn 0.5843093 -0.4666631 0.6639339
vn 0.5843093 -0.4666631 0.6639339
vn 0.5843093 -0.4666631 0.6639339
vn 0.5843093 -0.4666631 0.6639339
vn 0.1921554 0.8980323 0.3957452
vn 0.1921554 0.8980323 0.3957452
vn 0.247057 0.8901892 0.3827873
vn 0.247057 0.8901892 0.3827873
vn -0.1921554 -0.8980324 -0.3957451
vn -0.1921554 -0.8980324 -0.3957451
vn -0.2470568 -0.8901893 -0.3827871
vn -0.1921554 -0.8980324 -0.3957451
vn -0.6313677 0.003921509 -0.7754737
vn -0.6313677 0.003921509 -0.7754737
vn -0.6313677 0.003921509 -0.7754737
vn -0.6313677 0.003921509 -0.7754737
vn -0.2470568 0.9529338 0.1757275
vn -0.2470568 0.9529338 0.1757275
vn -0.2470568 0.9529338 0.1757275
vn -0.2470568 0.9529338 0.1757275
vn -0.7333276 -0.35686 0.5786895
vn -0.7333276 -0.35686 0.5786895
vn -0.7333276 -0.35686 0.5786895
vn -0.7333276 -0.35686 0.5786895
vn 0.1921554 -0.9686201 -0.1576434
vn 0.1921554 -0.9686201 -0.1576434
vn 0.1921554 -0.9686201 -0.1576434
vn 0.1921554 -0.9686201 -0.1576434
vn -0.6313677 0.003921509 -0.7754737
vn -0.6313677 0.003921509 -0.7754737
vn -0.6313677 0.003921509 -0.7754737
vn -0.6313677 0.003921509 -0.7754737
vn 0.6313677 0.003921509 0.7754737
vn 0.6313677 0.003921509 0.7754737
vn 0.6313677 0.003921509 0.7754737
vn 0.6313677 0.003921509 0.7754737
vn 0.6862693 -0.45882 -0.5643746
vn 0.6862693 -0.4431339 -0.5767728
vn 0.6862693 -0.45882 -0.5643746
vn 0.6862693 -0.4431339 -0.5767728
vn 0.3411739 0.8980323 -0.2777378
vn 0.3411739 0.8980323 -0.2777378
vn 0.3411739 0.8980323 -0.2777378
vn 0.3411739 0.8980323 -0.2777378
vn -0.3411738 -0.8980324 0.2777379
vn -0.3411738 -0.8980324 0.2777379
vn -0.3411738 -0.8980324 0.2777379
vn -0.3411738 -0.8980324 0.2777379
vn 0.4431339 -0.5764662 0.6865268
vn 0.4431339 -0.5764662 0.6865268
vn 0.4431339 -0.5764662 0.6865268
vn 0.4431339 -0.5764662 0.6865268
vn 0.145097 0.9372476 0.317039
vn 0.145097 0.9372476 0.317039
vn 0.145097 0.9372476 0.317039
vn 0.145097 0.9372476 0.317039
vn -0.8196015 -0.2078416 0.5339056
vn -0.8196015 -0.2078416 0.5339056
vn -0.8196015 -0.2078416 0.5339056
vn -0.8196015 -0.2078416 0.5339056
vn 0.7960724 0.09803843 -0.5972079
vn 0.7960724 0.09803843 -0.5972079
vn 0.7960724 0.09803843 -0.5972079
vn 0.7960724 0.09803843 -0.5972079
vn -0.1921554 -0.9450908 -0.2643475
vn -0.1921554 -0.9450908 -0.2643475
vn -0.1921554 -0.9450908 -0.2643475
vn -0.1921554 -0.9450908 -0.2643475
vn -0.1450969 -0.9372478 -0.3170387
vn -0.1450969 -0.9372478 -0.3170387
vn -0.1450969 -0.9372478 -0.3170387
vn -0.1450969 -0.9372478 -0.3170387
vn -0.2470568 -0.9294047 -0.2741712
vn -0.2470568 -0.9294047 -0.2741712
vn -0.2470568 -0.9294047 -0.2741712
vn -0.2470568 -0.9294047 -0.2741712
vn -0.003921509 -0.9999924 0
vn -0.003921509 -0.9999924 0
vn -0.003921509 -0.9999924 0
vn -0.003921509 -0.9999924 0
vn -0.003921509 -0.9999924 0
vn -0.003921509 -0.9999924 0
vn -0.003921509 -0.9999924 0
vn -0.003921509 -0.9999924 0
vn -0.003921509 -0.9999924 0
vn -0.003921509 -0.9999924 0
vn -0.003921509 -0.9999924 0
vn -0.003921509 -0.9999924 0
vn -0.003921509 -0.9999924 0
vn -0.003921509 -0.9999924 0
vn -0.003921509 -0.9999924 0
vn -0.003921509 -0.9999924 0
vn 0.5999954 -0.003921568 0.7999938
vn 0.5999954 -0.003921568 0.7999938
vn 0.5999954 -0.003921568 0.7999938
vn 0.5999954 -0.003921568 0.7999938
vn 0.5999954 -0.003921568 0.7999938
vn 0.7725431 0.003921509 -0.6349502
vn 0.7725431 0.003921509 -0.6349502
vn 0.7725431 0.003921509 -0.6349502
vn 0.7725431 0.003921509 -0.6349502
vn 0.7725431 0.003921509 -0.6349502
vn -0.5999954 0.003921509 -0.7999939
vn -0.5999954 0.003921509 -0.7999939
vn -0.5999954 0.003921509 -0.7999939
vn -0.5999954 0.003921509 -0.7999939
vn -0.5999954 0.003921509 -0.7999939
vn -0.7725431 0.003921509 0.6349503
vn -0.7725431 0.003921509 0.6349503
vn -0.7725431 0.003921509 0.6349503
vn -0.7725431 0.003921509 0.6349503
vn -0.7725431 0.003921509 0.6349503
vn -0.7725431 0.003921509 0.6349503
vn 0.5999954 0.003921509 0.7999938
vn 0.5999954 0.003921509 0.7999938
vn 0.5999954 0.003921509 0.7999938
vn 0.5999954 0.003921509 0.7999938
vn 0.6862693 0.3411738 -0.6423667
vn 0.6862693 0.3411738 -0.6423667
vn 0.6862693 0.3411738 -0.6423667
vn 0.6862693 0.3411738 -0.6423667
vn -0.09803843 0.9921492 0.07764248
vn -0.09803843 0.9921492 0.07764248
vn -0.09803843 0.9921492 0.07764248
vn -0.09803843 0.9921492 0.07764248
vn 0.3882324 0.8509738 -0.3537219
vn 0.3882324 0.8509738 -0.3537219
vn 0.3882324 0.8509738 -0.3537219
vn 0.3882324 0.8509738 -0.3537219
vn -0.6784261 0.5843092 0.4453321
vn -0.6784261 0.5843092 0.4453321
vn -0.6784261 0.5843092 0.4453321
vn -0.6784261 0.5843092 0.4453321
vn 0.1921554 0.9686199 -0.1576442
vn 0.1921554 0.9686199 -0.1576442
vn 0.1921554 0.9686199 -0.1576442
vn 0.1921554 0.9686199 -0.1576442
vn -0.1921554 0.9686199 0.1576442
vn -0.1921554 0.9686199 0.1576442
vn -0.1921554 0.9686199 0.1576442
vn -0.1921554 0.9686199 0.1576442
vn 0.2941154 0.9137185 0.2803831
vn 0.2941154 0.9137185 0.2803831
vn 0.2941154 0.9137185 0.2803831
vn 0.2941154 0.9137185 0.2803831
vn -0.1921554 0.9529338 -0.2345069
vn -0.1921554 0.9529338 -0.2345069
vn -0.1921554 0.9529338 -0.2345069
vn -0.1921554 0.9529338 -0.2345069
vn -0.5999954 0.003921509 -0.7999939
vn -0.5999954 0.003921509 -0.7999939
vn -0.5999954 0.003921509 -0.7999939
vn -0.5999954 0.003921509 -0.7999939
vn -0.5999954 0.003921509 -0.7999939
vn -0.5999954 0.003921509 -0.7999939
vn -0.5999954 0.003921509 -0.7999939
vn -0.5999954 0.003921509 -0.7999939
vn -0.5999954 0.003921509 -0.7999939
vn 0.5999954 0.003921509 0.7999938
vn 0.5999954 0.003921509 0.7999938
vn 0.5999954 0.003921509 0.7999938
vn 0.5999954 0.003921509 0.7999938
vn 0.5999954 0.003921509 0.7999938
vn 0.5999954 0.003921509 0.7999938
vn 0.5999954 0.003921509 0.7999938
vn 0.5999954 0.003921509 0.7999938
vn 0.5999954 0.003921509 0.7999938
vn -0.3882322 0.8509738 0.3537219
vn -0.3882322 0.8509738 0.3537219
vn -0.3882322 0.8509738 0.3537219
vn -0.3882322 0.8509738 0.3537219
vn 0.09803849 0.9921492 -0.07764248
vn 0.09803849 0.9921492 -0.07764248
vn 0.09803849 0.9921492 -0.07764248
vn 0.09803849 0.9921492 -0.07764248
vn 0.5843093 0.6078384 -0.5376943
vn 0.5843093 0.6078384 -0.5376943
vn 0.5843093 0.6078384 -0.5376943
vn 0.5843093 0.6078384 -0.5376943
vn -0.6862692 0.4274477 0.5884922
vn -0.6862692 0.4274477 0.5884922
vn -0.6862692 0.4274477 0.5884922
vn -0.6862692 0.4274477 0.5884922
vn -0.003921509 0.9999923 -0.000345267
vn -0.003921509 0.9999923 -0.000345267
vn -0.003921509 0.9999923 -0.000345267
vn -0.003921509 0.9999923 -0.000345267
vn 0.5999954 0.003921509 0.7999938
vn 0.5999954 0.003921509 0.7999938
vn 0.5999954 0.003921509 0.7999938
vn 0.5999954 0.003921509 0.7999938
vn 0.7725431 0.003921509 -0.6349502
vn 0.7725431 0.003921509 -0.6349502
vn 0.7725431 0.003921509 -0.6349502
vn 0.7725431 0.003921509 -0.6349502
vn -0.7725431 0.003921509 0.6349503
vn -0.7725431 0.003921509 0.6349503
vn -0.7725431 0.003921509 0.6349503
vn -0.7725431 0.003921509 0.6349503
vn -0.7725431 0.003921509 0.6349503
vn -0.7725431 0.003921509 0.6349503
vn -0.7725431 0.003921509 0.6349503
vn -0.7725431 0.003921509 0.6349503
vn 0.7725431 0.003921509 -0.6349502
vn 0.7725431 0.003921509 -0.6349502
vn 0.7725431 0.003921509 -0.6349502
vn 0.7725431 0.003921509 -0.6349502
vn -0.5843092 0.3490169 -0.7326459
vn -0.5843092 0.3490169 -0.7326459
vn -0.5843092 0.3490169 -0.7326459
vn -0.5843092 0.3490169 -0.7326459
vn 0.1921554 0.9372476 0.290935
vn 0.1921554 0.9372476 0.290935
vn 0.1921554 0.9372476 0.290935
vn 0.1921554 0.9372476 0.290935
vn 0.5843093 -0.349017 0.7326458
vn 0.5843093 -0.349017 0.7326458
vn 0.5843093 -0.349017 0.7326458
vn 0.5843093 -0.349017 0.7326458
vn -0.003921509 0.9999923 -0.000345267
vn -0.003921509 0.9999923 -0.000345267
vn -0.003921509 0.9999923 -0.000345267
vn -0.003921509 0.9999923 -0.000345267
vn -0.7725431 -0.03529388 0.6339807
vn -0.7725431 -0.03529388 0.6339807
vn -0.7725431 -0.03529388 0.6339807
vn -0.7725431 -0.03529388 0.6339807
vn 0.5999954 -0.05882311 0.7978379
vn 0.5999954 -0.05882311 0.7978379
vn 0.5999954 -0.06666619 0.7972209
vn 0.5999954 -0.06666619 0.7972209
vn 0.7725431 -0.03529388 -0.6339806
vn 0.7725431 -0.03529388 -0.6339806
vn 0.7725431 -0.03529388 -0.6339806
vn 0.7725431 -0.03529388 -0.6339806
vn -0.5999954 0.003921509 -0.7999939
vn -0.5999954 0.003921509 -0.7999939
vn -0.5999954 0.003921509 -0.7999939
vn -0.5999954 0.003921509 -0.7999939
vn 0.5999954 -0.003921568 0.7999938
vn 0.5999954 -0.003921568 0.7999938
vn 0.5999954 -0.003921568 0.7999938
vn 0.5999954 -0.003921568 0.7999938
vn 0.6784262 -0.3725462 -0.6332039
vn 0.6784262 -0.3725462 -0.6332039
vn 0.6784262 -0.3725462 -0.6332039
vn 0.6784262 -0.3725462 -0.6332039
vn 0.3882324 0.8901892 -0.238409
vn 0.3882324 0.8901892 -0.238409
vn 0.3882324 0.8901892 -0.238409
vn 0.3882324 0.8901892 -0.238409
vn -0.3882322 -0.8901893 0.2384088
vn -0.3882322 -0.8901893 0.2384088
vn -0.3882322 -0.8901893 0.2384088
vn -0.3882322 -0.8901893 0.2384088
vn -0.7725431 0.003921509 0.6349503
vn -0.7725431 0.003921509 0.6349503
vn -0.7725431 0.003921509 0.6349503
vn -0.7725431 0.003921509 0.6349503
vn 0.1921554 0.9607769 0.19996
vn 0.1921554 0.9607769 0.19996
vn 0.1921554 0.9529338 0.2345069
vn 0.1921554 0.9529338 0.2345069
vn 0.5843093 -0.349017 0.7326458
vn 0.5843093 -0.349017 0.7326458
vn 0.5843093 -0.349017 0.7326458
vn 0.5843093 -0.349017 0.7326458
vn -0.1921554 -0.960777 -0.1999597
vn -0.1921554 -0.960777 -0.1999597
vn -0.1921554 -0.960777 -0.1999597
vn -0.1921554 -0.960777 -0.1999597
vn -0.7725431 0.003921509 0.6349503
vn -0.7725431 0.003921509 0.6349503
vn -0.7725431 0.003921509 0.6349503
vn -0.7725431 0.003921509 0.6349503
vn 0.7725431 0.003921509 -0.6349502
vn 0.7725431 0.003921509 -0.6349502
vn 0.7725431 0.003921509 -0.6349502
vn 0.7725431 0.003921509 -0.6349502
vn -0.5843092 -0.4352908 -0.6849121
vn -0.5843092 -0.4352908 -0.6849121
vn -0.5843092 -0.4352908 -0.6849121
vn -0.5843092 -0.4352908 -0.6849121
vn -0.2941153 0.8901892 -0.3479359
vn -0.2941153 0.8901892 -0.3479359
vn -0.2941153 0.8901892 -0.3479359
vn -0.2941153 0.8901892 -0.3479359
vn 0.2941154 -0.8901893 0.3479356
vn 0.2941154 -0.8901893 0.3479356
vn 0.2941154 -0.8901893 0.3479356
vn 0.2941154 -0.8901893 0.3479356
vn 0.6862693 -0.5843093 -0.433148
vn 0.6862693 -0.5843093 -0.433148
vn 0.6862693 -0.5843093 -0.433148
vn 0.6862693 -0.5843093 -0.433148
vn 0.2941154 0.9450908 -0.1424765
vn 0.2941154 0.9450908 -0.1424765
vn 0.2941154 0.9450908 -0.1424765
vn 0.2941154 0.9450908 -0.1424765
vn 0.5843093 -0.2078416 0.7844645
vn 0.5843093 -0.2078416 0.7844645
vn 0.5843093 -0.2078416 0.7844645
vn 0.5843093 -0.2078416 0.7844645
vn -0.5921522 0.1215676 -0.7966035
vn -0.5921522 0.1294107 -0.795367
vn -0.5921522 0.1294107 -0.795367
vn -0.5921522 0.1294107 -0.795367
vn -0.2941153 -0.9372478 0.1872508
vn -0.2941153 -0.9372478 0.1872508
vn -0.2941153 -0.9372478 0.1872508
vn -0.2941153 -0.9372478 0.1872508
vn -0.2941153 -0.9450908 0.1424763
vn -0.2941153 -0.9450908 0.1424763
vn -0.2941153 -0.9450908 0.1424763
vn -0.2941153 -0.9450908 0.1424763
vn -0.2941153 -0.9215616 0.2534175
vn -0.2941153 -0.9215616 0.2534175
vn -0.2941153 -0.9215616 0.2534175
vn -0.2941153 -0.9215616 0.2534175
vn -0.003921509 -0.9999924 0
vn -0.003921509 -0.9999924 0
vn -0.003921509 -0.9999924 0
vn -0.003921509 -0.9999924 0
vn -0.003921509 -0.9999924 0
vn -0.003921509 -0.9999924 0
vn -0.003921509 -0.9999924 0
vn -0.003921509 -0.9999924 0
vn -0.003921509 -0.9999924 0
vn -0.003921509 -0.9999924 0
vn -0.003921509 -0.9999924 0
vn -0.003921509 -0.9999924 0
vn -0.003921509 -0.9999924 0
vn -0.003921509 -0.9999924 0
vn -0.003921509 -0.9999924 0
vn -0.003921509 -0.9999924 0
vn -0.7882292 0.003921509 0.6153693
vn -0.7882292 0.003921509 0.6153693
vn -0.7960722 0.003921509 0.6051889
vn -0.7960722 0.003921509 0.6051889
vn 0.5999954 0.003921509 0.7999938
vn 0.5999954 0.003921509 0.7999938
vn 0.5999954 0.003921509 0.7999938
vn 0.5999954 0.003921509 0.7999938
vn -0.5843092 0.003921509 -0.8115216
vn -0.5843092 0.003921509 -0.8115216
vn -0.5843092 0.003921509 -0.8115216
vn -0.5843092 0.003921509 -0.8115216
vn 0.7882293 0.003921509 -0.6153691
vn 0.7882293 0.003921509 -0.6153691
vn 0.7882293 0.003921509 -0.6153691
vn 0.7882293 0.003921509 -0.6153691
vn 0.9921493 0.003921509 0.1249976
vn 0.9921493 0.003921509 0.1249976
vn 0.9921493 0.003921509 0.1249976
vn 0.9921493 0.003921509 0.1249976
vn 0.5843093 0.5607799 -0.5866076
vn 0.5843093 0.5529369 -0.5940063
vn 0.5843093 0.5529369 -0.5940063
vn 0.5843093 0.5529369 -0.5940063
vn 0.09803849 -0.9921493 -0.07764171
vn 0.09803849 -0.9921493 -0.07764171
vn 0.09803849 -0.9921493 -0.07764171
vn 0.09803849 -0.9921493 -0.07764171
vn 0.09803849 -0.9921493 0.07764171
vn 0.09803849 -0.9921493 0.07764171
vn 0.09803849 -0.9921493 -0.07764171
vn 0.09803849 -0.9921493 -0.07764171
vn 0.09803849 -0.9921493 0.07764171
vn 0.09803849 -0.9921493 0.07764171
vn 0.09803849 -0.9921493 0.07764171
vn 0.09803849 -0.9921493 0.07764171
vn -0.09803843 -0.9921493 -0.07764171
vn -0.09803843 -0.9921493 -0.07764171
vn -0.09803843 -0.9921493 -0.07764171
vn -0.09803843 -0.9921493 -0.07764171
vn -0.09803843 -0.9921493 0.07764171
vn -0.09803843 -0.9921493 0.07764171
vn -0.09803843 -0.9921493 0.07764171
vn -0.09803843 -0.9921493 0.07764171
vn -0.4901923 0.5686231 -0.6605901
vn -0.4901923 0.5686231 -0.6605901
vn -0.4901923 0.5686231 -0.6605901
vn -0.4901923 0.5686231 -0.6605901
vn 0.9921493 0.02745068 0.1220092
vn 0.3882324 0.02745068 0.9211526
vn 0.9921493 0.02745068 0.1220092
vn 0.3882324 0.02745068 0.9211526
vn 0.5843093 0.03529382 -0.8107632
vn 0.5843093 0.02745068 -0.8110667
vn -0.3882322 0.02745068 -0.9211527
vn -0.3882322 0.02745068 -0.9211527
vn -0.9921492 0.02745068 -0.1220097
vn -0.9921492 0.02745068 -0.1220097
vn -0.5843092 0.03529382 0.8107632
vn -0.5843092 0.02745068 0.8110667
vn -0.5843092 0.02745068 0.8110667
vn -0.5843092 0.03529382 0.8107632
vn -0.5999954 0.01960766 -0.7997632
vn 0.5764662 0.01960766 -0.8168857
vn -0.5999954 0.01960766 -0.7997632
vn 0.5764662 0.01960766 -0.8168857
vn 0.960777 0.01960766 0.2766281
vn 0.960777 0.01960766 0.2766281
vn -0.003921509 0.01960766 0.9998001
vn -0.003921509 0.01960766 0.9998001
vn -0.9450908 0.01960766 0.3262192
vn -0.9450908 0.01960766 0.3262192
vn -0.5999954 0.01960766 -0.7997632
vn -0.5999954 0.01960766 -0.7997632
vn -0.003921509 0.9999923 -0.000345267
vn -0.003921509 0.9999923 -0.000345267
vn -0.003921509 0.9999923 -0.000345267
vn -0.003921509 0.9999923 -0.000345267
vn -0.003921509 0.9999923 -0.000345267
vn -0.003921509 0.01960766 -0.9998001
vn 0.9450908 0.01960766 -0.326219
vn -0.003921509 0.01960766 -0.9998001
vn 0.9450908 0.01960766 -0.326219
vn -0.9607769 0.01960766 -0.2766283
vn -0.9607769 0.01960766 -0.2766283
vn -0.5764661 0.01960766 0.8168858
vn -0.5764661 0.01960766 0.8168858
vn 0.5999954 0.01960766 0.7997631
vn 0.5999954 0.01960766 0.7997631
vn 0.9450908 0.01960766 -0.326219
vn 0.9450908 0.01960766 -0.326219
vn -0.003921509 0.9999923 -0.000345267
vn -0.003921509 0.9999923 -0.000345267
vn -0.003921509 0.9999923 -0.000345267
vn -0.003921509 0.9999923 -0.000345267
vn -0.003921509 0.9999923 -0.000345267
vn -0.003921509 0.9999923 -0.000345267
vn -0.003921509 0.9999923 -0.000345267
vn -0.003921509 0.9999923 -0.000345267
vn -0.003921509 0.9999923 -0.000345267
vn -0.003921509 0.9999923 -0.000345267
vn -0.003921509 0.9999923 -0.000345267
vn -0.003921509 0.9999923 -0.000345267
vn -0.003921509 0.9999923 -0.000345267
vn -0.003921509 0.9999923 -0.000345267
vn -0.003921509 0.9999923 -0.000345267
vn -0.003921509 0.9999923 -0.000345267
vn 0.8745031 0.466663 0.1321738
vn 0.8745031 0.4745061 0.10044
vn 0.8745031 0.466663 0.1321738
vn 0.8745031 0.4745061 0.10044
vn 0.4901924 0.5450938 0.6801354
vn 0.4901924 0.5450938 0.6801354
vn 0.4901924 0.5450938 0.6801354
vn 0.4901924 0.5450938 0.6801354
vn -0.6862692 0.5764661 0.4435329
vn -0.6862692 0.5764661 0.4435329
vn -0.6862692 0.5843092 0.4331482
vn -0.6862692 0.5843092 0.4331482
vn -0.2941153 0.874503 -0.3856691
vn -0.2941153 0.874503 -0.3856691
vn -0.2941153 0.874503 -0.3856691
vn -0.2941153 0.874503 -0.3856691
vn 0.2941154 0.8980323 -0.3271607
vn 0.2941154 0.8980323 -0.3271607
vn 0.2941154 0.8980323 -0.3271607
vn 0.2941154 0.8980323 -0.3271607
vn 0.6862693 0.7254846 0.05202487
vn 0.6862693 0.7254846 0.05202487
vn 0.6862693 0.7254846 0.05202487
vn 0.6862693 0.7254846 0.05202487
vn 0.5843093 0.8039154 0.1109178
vn 0.5843093 0.8039154 0.1109178
vn 0.5843093 0.8039154 0.1109178
vn 0.5843093 0.8039154 0.1109178
vn 0.2941154 0.874503 0.385669
vn 0.2941154 0.874503 0.385669
vn 0.2941154 0.874503 0.385669
vn 0.2941154 0.874503 0.385669
vn -0.2941153 0.8823462 -0.3673711
vn -0.2941153 0.8823462 -0.3673711
vn -0.2941153 0.8823462 -0.3673711
vn -0.2941153 0.8823462 -0.3673711
vn -0.003921509 0.9999923 -0.000345267
vn -0.003921509 0.9999923 -0.000345267
vn -0.003921509 0.9999923 -0.000345267
vn -0.003921509 0.9999923 -0.000345267
vn -0.003921509 0.9999923 -0.000345267
vn -0.5843092 0.003921509 -0.8115216
vn -0.5843092 0.003921509 -0.8115216
vn -0.5843092 0.003921509 -0.8115216
vn -0.5843092 0.003921509 -0.8115216
vn -0.7803861 0.003921509 0.6252857
vn -0.7803861 0.003921509 0.6252857
vn -0.7803861 0.003921509 0.6252857
vn -0.7803861 0.003921509 0.6252857
vn 0.7803862 0.003921509 -0.6252855
vn 0.7803862 0.003921509 -0.6252855
vn 0.7882293 0.003921509 -0.6153691
vn 0.7882293 0.003921509 -0.6153691
vn 0.5843093 0.003921509 0.8115216
vn 0.5843093 0.003921509 0.8115216
vn 0.5843093 0.003921509 0.8115216
vn 0.5843093 0.003921509 0.8115216
vn -0.09803843 0.003921509 0.9951749
vn -0.09803843 0.003921509 0.9951749
vn -0.09803843 0.003921509 0.9951749
vn -0.09803843 0.003921509 0.9951749
vn 0.5843093 0.5450938 0.6012117
vn 0.5843093 0.5450938 0.6012117
vn 0.5843093 0.5450938 0.6012117
vn 0.5843093 0.5450938 0.6012117
vn 0.09803849 -0.9921493 0.07764171
vn 0.09803849 -0.9921493 0.07764171
vn 0.09803849 -0.9921493 0.07764171
vn 0.09803849 -0.9921493 0.07764171
vn -0.003921509 -0.9921493 0.1249976
vn -0.003921509 -0.9921493 0.1249976
vn -0.003921509 -0.9921493 0.1249976
vn -0.003921509 -0.9921493 0.1249976
vn -0.09803843 -0.9921493 0.07764171
vn -0.09803843 -0.9921493 0.07764171
vn -0.09803843 -0.9921493 0.07764171
vn -0.09803843 -0.9921493 0.07764171
vn 0.09803849 -0.9921493 -0.07764171
vn 0.09803849 -0.9921493 -0.07764171
vn 0.09803849 -0.9921493 -0.07764171
vn 0.09803849 -0.9921493 -0.07764171
vn -0.09803843 -0.9921493 -0.07764171
vn -0.09803843 -0.9921493 -0.07764171
vn -0.09803843 -0.9921493 -0.07764171
vn -0.09803843 -0.9921493 -0.07764171
vn 0.6862693 0.5215646 -0.5069565
vn 0.6784262 0.5215646 -0.5174053
vn 0.6862693 0.5215646 -0.5069565
vn 0.6784262 0.5215646 -0.5174053
vn -0.09803843 0.02745068 0.994804
vn -0.8901892 0.02745068 0.4547633
vn -0.09803843 0.02745068 0.994804
vn -0.8901892 0.02745068 0.4547633
vn 0.7882293 0.02745068 0.6147691
vn 0.7882293 0.02745068 0.6147691
vn 0.8901893 0.02745068 -0.4547631
vn 0.8901893 0.02745068 -0.4547631
vn 0.09803849 0.02745068 -0.994804
vn 0.09803849 0.02745068 -0.994804
vn -0.7882292 0.02745068 -0.6147692
vn -0.7882292 0.02745068 -0.6147692
vn -0.7882292 0.02745068 -0.6147692
vn -0.7882292 0.02745068 -0.6147692
vn 0.7803862 0.01960766 -0.6249903
vn 0.7882293 0.01960766 0.6150692
vn 0.7803862 0.02745068 -0.6246949
vn 0.7882293 0.02745068 0.6147691
vn -0.2941153 0.01960766 0.9555688
vn -0.2941153 0.02745068 0.9553757
vn -0.9998079 0.01960405 0
vn -0.9996234 0.02744056 0
vn -0.3960754 0.01960766 -0.9180086
vn -0.3960754 0.02745068 -0.9178076
vn 0.7803862 0.01960766 -0.6249903
vn 0.7803862 0.02745068 -0.6246949
vn -0.003921509 0.9999923 -0.000345267
vn -0.003921509 0.9999923 -0.000345267
vn -0.003921509 0.9999923 -0.000345267
vn -0.003921509 0.9999923 -0.000345267
vn -0.003921509 0.9999923 -0.000345267
vn 0.9998079 0.01960405 0
vn 0.3960754 0.01960766 0.9180086
vn 0.9996234 0.02744055 0
vn 0.3960754 0.02745068 0.9178076
vn 0.2941154 0.02745068 -0.9553756
vn 0.2941154 0.01960766 -0.9555688
vn -0.7882292 0.02745068 -0.6147692
vn -0.7882292 0.01960766 -0.6150693
vn -0.7803861 0.02745068 0.6246951
vn -0.7803861 0.01960766 0.6249905
vn 0.3960754 0.02745068 0.9178076
vn 0.3960754 0.01960766 0.9180086
vn -0.003921509 0.9999923 -0.000345267
vn -0.003921509 0.9999923 -0.000345267
vn -0.003921509 0.9999923 -0.000345267
vn -0.003921509 0.9999923 -0.000345267
vn -0.003921509 0.9999923 -0.000345267
vn -0.003921509 0.9999923 -0.000345267
vn -0.003921509 0.9999923 -0.000345267
vn -0.003921509 0.9999923 -0.000345267
vn -0.003921509 0.9999923 -0.000345267
vn -0.003921509 0.9999923 -0.000345267
vn -0.003921509 0.9999923 -0.000345267
vn -0.09803843 0.5450938 0.8326231
vn -0.09803843 0.5450938 0.8326231
vn -0.09803843 0.5450938 0.8326231
vn -0.09803843 0.5450938 0.8326231
vn -0.6784261 0.5215646 0.5174053
vn -0.6784261 0.5215646 0.5174053
vn -0.6784261 0.5215646 0.5174053
vn -0.6862692 0.5215646 0.5069566
vn -0.4823492 0.5372508 -0.6918821
vn -0.4823492 0.5372508 -0.6918821
vn -0.4823492 0.5137215 -0.7095277
vn -0.4823492 0.5372508 -0.6918821
vn 0.3882324 0.874503 -0.2907234
vn 0.3882324 0.874503 -0.2907234
vn 0.3882324 0.874503 -0.2907234
vn 0.3882324 0.874503 -0.2907234
vn 0.2941154 0.8980323 0.3271607
vn 0.2941154 0.8980323 0.3271607
vn 0.2941154 0.8980323 0.3271607
vn 0.2941154 0.8980323 0.3271607
vn -0.09803843 0.7019553 0.7054411
vn -0.09803843 0.7019553 0.7054411
vn -0.09803843 0.7019553 0.7054411
vn -0.09803843 0.7019553 0.7054411
vn -0.09803843 0.8117584 0.5757055
vn -0.09803843 0.8117584 0.5757055
vn -0.09803843 0.8117584 0.5757055
vn -0.09803843 0.8117584 0.5757055
vn -0.3882322 0.86666 0.3133308
vn -0.3882322 0.86666 0.3133308
vn -0.3882322 0.86666 0.3133308
vn -0.3882322 0.86666 0.3133308
vn 0.3882324 0.874503 -0.2907234
vn 0.3882324 0.874503 -0.2907234
vn 0.3882324 0.874503 -0.2907234
vn 0.3882324 0.874503 -0.2907234
vn -0.003921509 0.9999923 -0.000345267
vn -0.003921509 0.9999923 -0.000345267
vn -0.003921509 0.9999923 -0.000345267
vn -0.003921509 0.9999923 -0.000345267
vn -0.003921509 0.9999923 -0.000345267
vn -0.6313677 -0.003921568 -0.7754737
vn -0.5999954 -0.003921568 -0.7999939
vn -0.6313677 -0.003921568 -0.7754737
vn -0.5999954 -0.003921568 -0.7999939
vn 0.6313677 0.003921509 0.7754737
vn 0.5999954 0.003921509 0.7999938
vn 0.6313677 0.003921509 0.7754737
vn 0.5999954 0.003921509 0.7999938
vn 0.6313677 -0.003921568 0.7754737
vn 0.6313677 -0.003921568 0.7754737
vn 0.9921493 0.003921509 0.1249976
vn 0.9921493 0.003921509 0.1249976
vn 0.9686201 0.003921509 -0.2485151
vn 0.9686201 0.003921509 -0.2485151
vn -0.09803843 -0.003921568 0.9951749
vn -0.09803843 -0.003921568 0.9951749
vn 0.6313677 -0.003921568 0.7754737
vn 0.6313677 -0.003921568 0.7754737
vn -0.4352907 -0.003921568 0.9002814
vn -0.4352907 -0.003921568 0.9002814
vn -0.003921509 0.9999923 -0.000345267
vn -0.003921509 0.9999923 -0.000345267
vn -0.003921509 0.9999923 -0.000345267
vn -0.003921509 0.9999923 -0.000345267
vn -0.003921509 0.9999923 -0.000345267
vn 0.4901924 0.6862692 0.537351
vn 0.4901924 0.6862692 0.537351
vn 0.4901924 0.6862692 0.537351
vn 0.4901924 0.6862692 0.537351
vn -0.4901923 0.6862692 -0.5373511
vn -0.4901923 0.6862692 -0.5373511
vn -0.4901923 0.6862692 -0.5373511
vn -0.4901923 0.6862692 -0.5373511
vn -0.4901923 -0.6862693 -0.5373509
vn -0.4901923 -0.6862693 -0.5373509
vn -0.4901923 -0.6862693 -0.5373509
vn -0.4901923 -0.6862693 -0.5373509
vn 0.4901924 -0.6862693 0.5373508
vn 0.4901924 -0.6862693 0.5373508
vn 0.4901924 -0.6862693 0.5373508
vn 0.4901924 -0.6862693 0.5373508
vn -0.5843092 0.003921509 -0.8115216
vn -0.5843092 0.003921509 -0.8115216
vn -0.5843092 0.003921509 -0.8115216
vn -0.5843092 0.003921509 -0.8115216
vn -0.5843092 0.003921509 -0.8115216
vn -0.5843092 0.003921509 -0.8115216
vn -0.7725431 0.003921509 0.6349503
vn -0.7725431 0.003921509 0.6349503
vn -0.7725431 0.003921509 0.6349503
vn -0.7725431 0.003921509 0.6349503
vn -0.7725431 0.003921509 0.6349503
vn -0.7725431 0.003921509 0.6349503
vn -0.003921509 -0.9999924 0
vn -0.003921509 -0.9999924 0
vn -0.003921509 -0.9999924 0
vn -0.003921509 -0.9999924 0
vn -0.3882322 0.01176453 0.9214864
vn -0.3882322 0.01176453 0.9214864
vn -0.3882322 0.01176453 0.9214864
vn -0.3882322 0.01176453 0.9214864
vn 0.9450908 0.01176453 0.3265959
vn 0.9450908 0.01176453 0.3265959
vn 0.9450908 0.01176453 0.3265959
vn 0.9450908 0.01176453 0.3265959
vn 0.3882324 0.01176453 -0.9214864
vn 0.3882324 0.01176453 -0.9214864
vn 0.3882324 0.01176453 -0.9214864
vn 0.3882324 0.01176453 -0.9214864
vn -0.9450908 0.01176453 -0.3265961
vn -0.9450908 0.01176453 -0.3265961
vn -0.9450908 0.01176453 -0.3265961
vn -0.9450908 0.01176453 -0.3265961
vn -0.9843061 -0.01960772 0.1753769
vn -0.09803843 -0.01960772 0.9949895
vn -0.9843061 -0.01960772 0.1753769
vn -0.09803843 -0.01960772 0.9949895
vn 0.9137185 -0.01960772 0.4058743
vn 0.9137185 -0.01960772 0.4058743
vn 0.6784262 -0.01960772 -0.7344068
vn 0.6784262 -0.01960772 -0.7344068
vn -0.4823492 -0.01960772 -0.8757596
vn -0.4823492 -0.01960772 -0.8757596
vn -0.4823492 -0.01960772 -0.8757596
vn -0.4823492 -0.01960772 -0.8757596
vn -0.003921509 0.9999923 -0.000345267
vn -0.003921509 0.9999923 -0.000345267
vn -0.003921509 0.9999923 -0.000345267
vn -0.003921509 0.9999923 -0.000345267
vn -0.003921509 0.9999923 -0.000345267
vn 0.4901924 0.6470538 0.5839801
vn 0.4901924 0.6470538 0.5839801
vn 0.4901924 0.6470538 0.5839801
vn 0.4901924 0.6470538 0.5839801
vn -0.4901923 0.6862692 -0.5373511
vn -0.4901923 0.6862692 -0.5373511
vn -0.4901923 0.6862692 -0.5373511
vn -0.4901923 0.6862692 -0.5373511
vn -0.3882322 -0.7097985 -0.58776
vn -0.3882322 -0.7097985 -0.58776
vn -0.3882322 -0.7097985 -0.58776
vn -0.3882322 -0.7097985 -0.58776
vn 0.4901924 -0.7254847 0.4830977
vn 0.4901924 -0.7254847 0.4830977
vn 0.4901924 -0.7254847 0.4830977
vn 0.4901924 -0.7254847 0.4830977
vn -0.7725431 0.003921509 0.6349503
vn -0.7725431 0.003921509 0.6349503
vn -0.7725431 0.003921509 0.6349503
vn -0.7725431 0.003921509 0.6349503
vn 0.7725431 0.003921509 -0.6349502
vn 0.7725431 0.003921509 -0.6349502
vn 0.7725431 0.003921509 -0.6349502
vn 0.7725431 0.003921509 -0.6349502
vn 0.6313677 0.003921509 0.7754737
vn 0.6313677 0.003921509 0.7754737
vn 0.5999954 0.003921509 0.7999938
vn 0.5999954 0.003921509 0.7999938
vn -0.003921509 0.9999923 -0.000345267
vn -0.003921509 0.9999923 -0.000345267
vn -0.003921509 0.9999923 -0.000345267
vn -0.003921509 0.9999923 -0.000345267
vn 0.5843093 0.01176453 0.8114458
vn 0.5843093 0.01176453 0.8114458
vn 0.5843093 0.01176453 0.8114458
vn 0.5843093 0.01176453 0.8114458
vn -0.6862692 0.4901923 0.537351
vn -0.6862692 0.45882 0.5643747
vn -0.6862692 0.4901923 0.537351
vn -0.6862692 0.45882 0.5643747
vn 0.6862693 0.45882 -0.5643746
vn 0.6862693 0.45882 -0.5643746
vn 0.6862693 0.45882 -0.5643746
vn 0.6862693 0.45882 -0.5643746
vn 0.5372508 0.5294076 0.6565738
vn 0.4901924 0.5372508 0.6863476
vn 0.5372508 0.5294076 0.6565738
vn 0.4901924 0.5372508 0.6863476
vn -0.003921509 0.9999923 -0.000345267
vn -0.003921509 0.9999923 -0.000345267
vn -0.003921509 0.9999923 -0.000345267
vn -0.003921509 0.9999923 -0.000345267
vn -0.003921509 -0.9999924 0
vn -0.003921509 -0.9999924 0
vn -0.003921509 -0.9999924 0
vn -0.003921509 -0.9999924 0
vn -0.7725431 -0.003921568 0.6349503
vn -0.7725431 -0.003921568 0.6349503
vn -0.7725431 -0.003921568 0.6349503
vn -0.7725431 -0.003921568 0.6349503
vn -0.5843092 0.003921509 -0.8115216
vn -0.5843092 0.003921509 -0.8115216
vn -0.5843092 0.003921509 -0.8115216
vn -0.5843092 0.003921509 -0.8115216
vn -0.7725431 0.003921509 0.6349503
vn -0.7725431 0.003921509 0.6349503
vn -0.7725431 0.003921509 0.6349503
vn -0.7725431 0.003921509 0.6349503
vn -0.4901923 0.5372508 -0.6863477
vn -0.4901923 0.5372508 -0.6863477
vn -0.4901923 0.5372508 -0.6863477
vn -0.4901923 0.5372508 -0.6863477
vn 0.1921554 0.9529338 0.2345069
vn 0.1921554 0.9529338 0.2345069
vn 0.1921554 0.9529338 0.2345069
vn 0.1921554 0.9529338 0.2345069
vn 0.7725431 0.003921509 -0.6349502
vn 0.7725431 0.003921509 -0.6349502
vn 0.7725431 0.003921509 -0.6349502
vn 0.7725431 0.003921509 -0.6349502
vn -0.1921554 0.9686199 0.1576442
vn -0.1921554 0.9686199 0.1576442
vn -0.1921554 0.9686199 0.1576442
vn -0.1921554 0.9686199 0.1576442
vn -0.6313677 0.003921509 -0.7754737
vn -0.6313677 0.003921509 -0.7754737
vn -0.5843092 0.003921509 -0.8115216
vn -0.5843092 0.003921509 -0.8115216
vn -0.7725431 0.003921509 0.6349503
vn -0.7725431 0.003921509 0.6349503
vn -0.7725431 0.003921509 0.6349503
vn -0.7725431 0.003921509 0.6349503
vn 0.6313677 0.003921509 0.7754737
vn 0.6313677 0.003921509 0.7754737
vn 0.6313677 0.003921509 0.7754737
vn 0.6313677 0.003921509 0.7754737
vn 0.7725431 0.003921509 -0.6349502
vn 0.7725431 0.003921509 -0.6349502
vn 0.7725431 0.003921509 -0.6349502
vn 0.7725431 0.003921509 -0.6349502
vn -0.5843092 0.003921509 -0.8115216
vn -0.5843092 0.003921509 -0.8115216
vn -0.6313677 0.003921509 -0.7754737
vn -0.6313677 0.003921509 -0.7754737
vn -0.003921509 -0.9999924 0
vn 0.6392108 -0.5921524 -0.4906783
vn -0.6313677 -0.5843093 0.5098603
vn -0.003921509 -0.9999924 0
vn -0.003921509 0.9999923 -0.000345267
vn -0.003921509 0.9999923 -0.000345267
vn -0.003921509 0.9999923 -0.000345267
vn -0.003921509 0.9999923 -0.000345267
vn 0.6313677 0.003921509 0.7754737
vn 0.6313677 0.003921509 0.7754737
vn 0.6313677 0.003921509 0.7754737
vn 0.6313677 0.003921509 0.7754737
vn -0.6313677 0.5999954 0.4913048
vn -0.5843092 0.6470538 0.4898
vn -0.6313677 0.5999954 0.4913048
vn -0.5843092 0.6470538 0.4898
vn 0.6313677 0.5843092 -0.5098603
vn 0.6313677 0.5843092 -0.5098603
vn 0.6313677 0.5843092 -0.5098603
vn 0.6313677 0.5843092 -0.5098603
vn 0.2941154 0.8901892 0.3479359
vn 0.2941154 0.9058753 0.3047721
vn 0.2941154 0.8901892 0.3479359
vn 0.2941154 0.9058753 0.3047721
vn -0.7725431 0.003921509 0.6349503
vn -0.7725431 0.003921509 0.6349503
vn -0.7725431 0.003921509 0.6349503
vn -0.7725431 0.003921509 0.6349503
vn -0.1921554 0.8980323 -0.3957452
vn -0.1921554 0.8980323 -0.3957452
vn -0.1921554 0.8980323 -0.3957452
vn -0.1921554 0.8980323 -0.3957452
vn -0.2941153 0.9215615 0.2534178
vn -0.2941153 0.9215615 0.2534178
vn -0.2941153 0.9215615 0.2534178
vn -0.2941153 0.9215615 0.2534178
vn -0.003921509 0.9999923 -0.000345267
vn -0.003921509 0.9999923 -0.000345267
vn -0.003921509 0.9999923 -0.000345267
vn -0.003921509 0.9999923 -0.000345267
vn -0.5843092 -0.003921568 -0.8115216
vn -0.5843092 -0.003921568 -0.8115216
vn -0.5999954 -0.003921568 -0.7999939
vn -0.5999954 -0.003921568 -0.7999939
vn 0.5999954 0.003921509 0.7999938
vn 0.5999954 0.003921509 0.7999938
vn 0.5999954 0.003921509 0.7999938
vn 0.5999954 0.003921509 0.7999938
vn 0.7725431 -0.003921568 -0.6349502
vn 0.7725431 -0.003921568 -0.6349502
vn 0.7725431 -0.003921568 -0.6349502
vn 0.7725431 -0.003921568 -0.6349502
vn -0.003921509 -0.9843062 0.1764254
vn -0.09803843 -0.9843062 0.1467301
vn -0.1921554 -0.9764631 -0.09795943
vn -0.1916022 -0.9814727 0
vn 0.6862693 0.4274477 -0.5884922
vn 0.6862693 0.3882322 -0.6150693
vn 0.6862693 0.3882322 -0.6150693
vn 0.6862693 0.4274477 -0.5884922
vn 0.5843093 0.4980353 0.6407367
vn 0.5843093 0.4980353 0.6407367
vn 0.5843093 0.4980353 0.6407367
vn 0.5843093 0.4980353 0.6407367
vn -0.1921554 -0.9764631 -0.09795943
vn -0.1916022 -0.9814727 0
vn -0.003921509 -0.9843062 -0.1764254
vn -0.003921509 -0.9921493 -0.1249976
vn -0.003921509 -0.9843062 -0.1764254
vn -0.003921509 -0.9921493 -0.1249976
vn 0.1921554 -0.9764631 0.09795943
vn 0.1916023 -0.9814727 0
vn -0.6862692 0.4274477 0.5884922
vn -0.6862692 0.4274477 0.5884922
vn -0.6862692 0.4274477 0.5884922
vn -0.6862692 0.4274477 0.5884922
vn -0.4901923 0.5058784 -0.7097876
vn -0.4901923 0.5372508 -0.6863477
vn -0.4901923 0.5372508 -0.6863477
vn -0.4901923 0.5058784 -0.7097876
vn 0.1921554 -0.9764631 0.09795943
vn 0.1916023 -0.9814727 0
vn -0.003921509 -0.9843062 0.1764254
vn -0.09803843 -0.9843062 0.1467301
vn -0.7725431 0.003921509 0.6349503
vn -0.7725431 0.003921509 0.6349503
vn -0.7725431 0.003921509 0.6349503
vn -0.7725431 0.003921509 0.6349503
vn 0.5999954 0.003921509 0.7999938
vn 0.5999954 0.003921509 0.7999938
vn 0.5999954 0.003921509 0.7999938
vn 0.5999954 0.003921509 0.7999938
vn -0.5843092 0.003921509 -0.8115216
vn -0.5843092 0.003921509 -0.8115216
vn -0.5843092 0.003921509 -0.8115216
vn -0.5843092 0.003921509 -0.8115216
vn -0.7725431 -0.003921568 0.6349503
vn -0.7725431 -0.003921568 0.6349503
vn -0.7725431 -0.003921568 0.6349503
vn -0.7725431 -0.003921568 0.6349503
vn -0.003921509 0.9999923 -0.000345267
vn -0.003921509 0.9999923 -0.000345267
vn -0.003921509 0.9999923 -0.000345267
vn -0.003921509 0.9999923 -0.000345267
vn -0.003921509 -0.9999924 0
vn -0.003921509 -0.9999924 0
vn -0.003921509 -0.9999924 0
vn -0.003921509 -0.9999924 0
vn 0.7882293 0.003921509 -0.6153691
vn 0.7882293 0.003921509 -0.6153691
vn 0.7725431 0.003921509 -0.6349502
vn 0.7725431 0.003921509 -0.6349502
vn -0.4039184 0.003921509 0.9147866
vn -0.4039184 0.003921509 0.9147866
vn -0.4823492 0.003921509 0.8759702
vn -0.4823492 0.003921509 0.8759702
vn 0.3725462 0.003921509 -0.9280053
vn 0.3725462 0.003921509 -0.9280053
vn 0.3725462 0.003921509 -0.9280053
vn 0.3725462 0.003921509 -0.9280053
vn -0.003921509 0.9999923 -0.000345267
vn -0.003921509 0.9999923 -0.000345267
vn -0.003921509 0.9999923 -0.000345267
vn -0.003921509 0.9999923 -0.000345267
vn -0.003921509 0.9999923 -0.000345267
vn -0.003921509 0.9999923 -0.000345267
vn -0.003921509 0.9999923 -0.000345267
vn -0.003921509 0.9999923 -0.000345267
vn -0.003921509 0.9999923 -0.000345267
vn -0.003921509 0.9999923 -0.000345267
vn -0.003921509 0.9999923 -0.000345267
vn -0.003921509 0.9999923 -0.000345267
vn -0.4823492 0.003921509 0.8759702
vn -0.466663 0.003921509 0.8844265
vn -0.4823492 0.003921509 0.8759702
vn -0.466663 0.003921509 0.8844265
vn -0.4823492 0.003921509 0.8759702
vn -0.4823492 0.01176453 0.8759
vn -0.1529399 0.003921509 0.9882277
vn -0.1529399 0.003921509 0.9882277
vn -0.003921509 0.9999923 -0.000345267
vn -0.003921509 0.9999923 -0.000345267
vn -0.003921509 0.9999923 -0.000345267
vn -0.003921509 0.9999923 -0.000345267
vn -0.003921509 0.9999923 -0.000345267
vn -0.003921509 0.9999923 -0.000345267
vn -0.003921509 0.9999923 -0.000345267
vn -0.003921509 0.9999923 -0.000345267
vn -0.003921509 0.9999923 -0.000345267
vn -0.003921509 0.9999923 -0.000345267
vn -0.4823492 0.003921509 0.8759702
vn -0.4823492 0.01176453 0.8759
vn -0.4039184 0.003921509 0.9147866
vn -0.4823492 -0.05098003 0.8744943
vn -0.5921522 -0.145097 0.7926554
vn -0.7019553 -0.09803849 0.7054412
vn -0.7019553 -0.09803849 0.7054412
vn -0.4823492 -0.05098003 0.8744943
vn -0.5921522 -0.145097 0.7926554
vn -0.8509738 0.003921509 0.5251934
vn -0.8509738 0.003921509 0.5251934
vn -0.9450908 0.003921509 0.3267844
vn -0.9450908 0.003921509 0.3267844
vn -0.9529338 0.003921509 0.3031532
vn -0.9529338 0.003921509 0.3031532
vn -0.8509738 0.003921509 0.5251934
vn -0.8509738 0.003921509 0.5251934
vn -0.2941153 0.003921509 -0.9557619
vn -0.2941153 0.003921509 -0.9557619
vn -0.2941153 0.003921509 -0.9557619
vn -0.2941153 0.003921509 -0.9557619
vn -0.003921509 0.9999923 -0.000345267
vn -0.003921509 0.9999923 -0.000345267
vn -0.003921509 0.9999923 -0.000345267
vn -0.003921509 0.9999923 -0.000345267
vn -0.45882 0.003921509 0.8885206
vn -0.45882 0.003921509 0.8885206
vn -0.6156815 0.003921509 0.7879853
vn -0.6156815 0.003921509 0.7879853
vn -0.4823492 0.003921509 0.8759702
vn -0.4823492 0.003921509 0.8759702
vn -0.262743 0.003921509 0.9648579
vn -0.262743 0.003921509 0.9648579
vn -0.003921509 0.9999923 -0.000345267
vn -0.003921509 0.9999923 -0.000345267
vn -0.003921509 0.9999923 -0.000345267
vn -0.003921509 0.9999923 -0.000345267
vn -0.003921509 0.9999923 -0.000345267
vn -0.003921509 0.9999923 -0.000345267
vn -0.003921509 0.9999923 -0.000345267
vn -0.003921509 0.9999923 -0.000345267
vn -0.003921509 0.9999923 -0.000345267
vn -0.003921509 0.9999923 -0.000345267
vn -0.003921509 0.9999923 -0.000345267
vn -0.003921509 0.9999923 -0.000345267
vn -0.003921509 0.9999923 -0.000345267
vn -0.003921509 0.9999923 -0.000345267
vn -0.003921509 0.9999923 -0.000345267
vn -0.003921509 0.9999923 -0.000345267
vn -0.7097985 0.003921509 0.7043939
vn -0.7490138 0.003921509 0.6625428
vn -0.7097985 0.003921509 0.7043939
vn -0.7490138 0.003921509 0.6625428
vn -0.8509738 0.003921509 0.5251934
vn -0.8509738 0.003921509 0.5251934
vn -0.9137185 0.003921509 0.4063289
vn -0.9137185 0.003921509 0.4063289
vn -0.9921492 0.003921509 -0.1249981
vn -0.9921492 0.003921509 -0.1249981
vn -0.9921492 0.003921509 -0.1249981
vn -0.9529338 0.003921509 0.3031532
vn -0.9137185 0.003921509 0.4063289
vn -0.9529338 0.003921509 0.3031532
vn -0.9137185 0.003921509 0.4063289
vn -0.003921509 0.9999923 -0.000345267
vn -0.003921509 0.9999923 -0.000345267
vn -0.003921509 0.9999923 -0.000345267
vn -0.003921509 0.9999923 -0.000345267
vn 0.5843093 0.6470538 0.4898
vn -0.003921509 0.9999923 -0.000345267
vn -0.003921509 0.9999923 -0.000345267
vn -0.003921509 0.9999923 -0.000345267
vn -0.003921509 0.9999923 -0.000345267
vn -0.003921509 0.9999923 -0.000345267
vn -0.003921509 0.9999923 -0.000345267
vn -0.003921509 0.9999923 -0.000345267
vn -0.003921509 0.9999923 -0.000345267
vn 0.1921554 0.9764631 0.09796004
vn 0.7490139 0.003921509 0.6625427
vn 0.5843093 0.6470538 0.4898
vn 0.1921554 0.9764631 0.09796004
vn -0.003921509 0.9999923 -0.000345267
vn -0.003921509 0.9999923 -0.000345267
vn -0.003921509 0.9999923 -0.000345267
vn -0.003921509 0.9999923 -0.000345267
vn -0.003921509 0.9999923 -0.000345267
vn -0.003921509 0.9999923 -0.000345267
vn -0.003921509 0.9999923 -0.000345267
vn -0.003921509 0.9999923 -0.000345267
vn -0.003921509 0.9999923 -0.000345267
vn -0.003921509 0.9999923 -0.000345267
vn 0.4039185 0.003921509 -0.9147866
vn 0.4039185 0.003921509 -0.9147866
vn 0.4274477 0.003921509 -0.9040315
vn 0.4274477 0.003921509 -0.9040315
vn -0.3882322 0.6156815 0.68572
vn -0.3882322 0.6156815 0.68572
vn -0.1921554 0.5999954 0.7765834
vn -0.1921554 0.5921522 0.7825804
vn 0.09803849 0.6156815 0.7818725
vn 0.05098003 0.6235245 0.7801399
vn 0.3411739 0.6470538 0.6818517
vn 0.3411739 0.6392107 0.6892097
vn 0.3882324 0.6235245 0.6785962
vn 0.3882324 0.6156815 0.68572
vn 0.9529339 0.003921509 -0.3031528
vn 0.9529339 0.003921509 -0.3031528
vn 0.9529339 0.003921509 -0.3031528
vn 0.9529339 0.003921509 -0.3031528
vn -0.003921509 0.9999923 -0.000345267
vn -0.003921509 0.9999923 -0.000345267
vn -0.003921509 0.9999923 -0.000345267
vn -0.003921509 0.9999923 -0.000345267
vn -0.003921509 0.9999923 -0.000345267
vn -0.003921509 0.9999923 -0.000345267
vn -0.003921509 0.9999923 -0.000345267
vn -0.003921509 0.9999923 -0.000345267
vn -0.003921509 0.9999923 -0.000345267
vn -0.003921509 0.9999923 -0.000345267
vn -0.003921509 0.9999923 -0.000345267
vn -0.003921509 0.9999923 -0.000345267
vn 0.9294047 0.003921509 0.3690414
vn 0.9294047 0.003921509 0.3690414
vn 0.9294047 0.003921509 0.3690414
vn 0.7960724 0.01176453 -0.6050871
vn 0.7960724 0.01176453 -0.6050871
vn 0.7960724 0.01176453 -0.6050871
vn 0.7960724 0.01176453 -0.6050871
vn -0.4901923 0.6470538 0.5839801
vn -0.4901923 0.6470538 0.5839801
vn -0.5843092 0.6470538 0.4898
vn -0.5843092 0.6470538 0.4898
vn -0.6784261 0.6156815 0.4008418
vn -0.6784261 0.6235245 0.3885294
vn -0.7803861 0.5999954 0.1760769
vn -0.7803861 0.5921522 0.2008812
vn -0.7803861 0.5999954 -0.1760769
vn -0.7803861 0.5764661 -0.2422486
vn -0.5843092 0.6470538 -0.4898
vn -0.6784261 0.5450938 -0.4925553
vn 0.2862723 0.003921509 -0.9581403
vn 0.1999985 0.003921509 -0.9797884
vn 0.2862723 0.003921509 -0.9581403
vn 0.2862723 0.003921509 -0.9581403
vn -0.003921509 0.9999923 -0.000345267
vn -0.003921509 0.9999923 -0.000345267
vn -0.09803843 0.9921492 0.07764248
vn -0.003921509 0.9921492 0.1249981
vn -0.003921509 0.9999923 -0.000345267
vn -0.003921509 0.9999923 -0.000345267
vn -0.003921509 0.9999923 -0.000345267
vn -0.003921509 0.9999923 -0.000345267
vn -0.003921509 0.9999923 -0.000345267
vn -0.003921509 0.9999923 -0.000345267
vn -0.9137185 0.003921509 -0.4063289
vn -0.9137185 0.003921509 -0.4063289
vn -0.9294046 0.003921509 -0.3690416
vn -0.9294046 0.003921509 -0.3690416
vn 0.1921554 0.9372476 0.290935
vn 0.1921554 0.9372476 0.290935
vn 0.1921554 0.9372476 0.290935
vn 0.1921554 0.9372476 0.290935
vn -0.9137185 -0.003921568 0.4063289
vn -0.9137185 -0.01176465 0.4061775
vn -0.874503 0.003921509 0.4850042
vn -0.9607769 -0.01176465 0.2770727
vn -0.9529338 -0.003921568 0.3031532
vn -0.003921509 0.9999923 -0.000345267
vn -0.003921509 0.9999923 -0.000345267
vn -0.003921509 0.9999923 -0.000345267
vn -0.003921509 0.9999923 -0.000345267
vn -0.09803843 0.9372476 -0.3345973
vn -0.09803843 0.9294046 -0.3558026
vn -0.09803843 0.9372476 -0.3345973
vn -0.09803843 0.9294046 -0.3558026
vn 0.3411739 0.9215615 0.1852694
vn 0.3411739 0.9215615 0.1852694
vn 0.3411739 0.9215615 0.1852694
vn 0.3411739 0.9215615 0.1852694
vn -0.3411738 0.9372476 -0.07188439
vn -0.3411738 0.9372476 -0.07188439
vn -0.3411738 0.9372476 -0.07188439
vn -0.3411738 0.9372476 -0.07188439
vn -0.003921509 0.9999923 -0.000345267
vn -0.003921509 0.9999923 -0.000345267
vn -0.003921509 0.9999923 -0.000345267
vn -0.003921509 0.9999923 -0.000345267
vn -0.4039184 0.003921509 0.9147866
vn -0.4039184 0.003921509 0.9147866
vn -0.4039184 0.003921509 0.9147866
vn -0.4039184 0.003921509 0.9147866
vn -0.003921509 0.9215615 0.3882126
vn 0.05098003 0.9215615 0.3848707
vn -0.003921509 0.9215615 0.3882126
vn -0.003921509 0.9215615 0.3882126
vn 0.8274447 0.5529369 0.09795973
vn 0.8338527 0.5519869 0
vn 0.8274447 0.5529369 0.09795973
vn 0.8274447 0.5294076 0.1872509
vn -0.7803861 0.5529369 0.2919903
vn -0.8352877 0.5215646 0.173968
vn -0.7803861 0.5529369 0.2919903
vn -0.7803861 0.4901923 0.3882126
vn -0.9294046 0.003921509 -0.3690416
vn -0.9294046 0.003921509 -0.3690416
vn -0.9294046 0.003921509 -0.3690416
vn 0.9294047 -0.01176465 0.3688747
vn 0.9294047 -0.01176465 0.3688747
vn 0.9294047 -0.003921568 0.3690414
vn 0.9294047 -0.003921568 0.3690414
vn 0.9137185 0.003921509 0.4063288
vn 0.9137185 0.003921509 0.4063288
vn 0.9137185 0.003921509 0.4063288
vn 0.9137185 0.003921509 0.4063288
vn -0.4039184 0.003921509 0.9147866
vn -0.4039184 -0.003921568 0.9147866
vn -0.4039184 0.003921509 0.9147866
vn -0.4039184 -0.003921568 0.9147866
vn -0.4039184 -0.003921568 0.9147866
vn -0.4039184 -0.003921568 0.9147866
vn -0.4039184 -0.003921568 0.9147866
vn -0.4039184 -0.003921568 0.9147866
vn -0.9137185 0.003921509 -0.4063289
vn -0.9137185 0.003921509 -0.4063289
vn -0.9137185 0.003921509 -0.4063289
vn -0.9137185 0.003921509 -0.4063289
vn -0.003921509 -0.9999924 0
vn -0.003921509 -0.9999924 0
vn -0.003921509 -0.9999924 0
vn -0.003921509 -0.9999924 0
vn 0.9137185 0.003921509 0.4063288
vn 0.9137185 0.003921509 0.4063288
vn 0.9137185 0.003921509 0.4063288
vn 0.9137185 0.003921509 0.4063288
vn 0.4039185 0.003921509 -0.9147866
vn 0.4039185 0.003921509 -0.9147866
vn 0.4039185 0.003921509 -0.9147866
vn 0.4039185 0.003921509 -0.9147866
vn 0.4039185 0.003921509 -0.9147866
vn 0.4039185 0.003921509 -0.9147866
vn 0.4039185 0.003921509 -0.9147866
vn 0.4039185 0.003921509 -0.9147866
vn -0.9137185 -0.003921568 -0.4063289
vn -0.9137185 -0.003921568 -0.4063289
vn -0.9137185 -0.003921568 -0.4063289
vn -0.9137185 -0.003921568 -0.4063289
vn 0.4039185 0.003921509 -0.9147866
vn 0.4039185 0.003921509 -0.9147866
vn 0.4039185 0.003921509 -0.9147866
vn 0.4039185 0.003921509 -0.9147866
vn 0.4039185 0.003921509 -0.9147866
vn 0.4039185 0.003921509 -0.9147866
vn 0.4039185 0.003921509 -0.9147866
vn 0.4039185 0.003921509 -0.9147866
vn -0.4039184 -0.003921568 0.9147866
vn -0.4039184 -0.003921568 0.9147866
vn -0.4039184 -0.003921568 0.9147866
vn -0.4039184 -0.003921568 0.9147866
vn 0.9137185 0.003921509 0.4063288
vn 0.9137185 0.003921509 0.4063288
vn 0.9137185 0.003921509 0.4063288
vn 0.9137185 0.003921509 0.4063288
vn 0.4039185 0.003921509 -0.9147866
vn 0.4039185 0.003921509 -0.9147866
vn 0.4039185 0.003921509 -0.9147866
vn 0.4039185 0.003921509 -0.9147866
vn -0.003921509 0.9999923 -0.000345267
vn -0.003921509 0.9999923 -0.000345267
vn -0.003921509 0.9999923 -0.000345267
vn -0.003921509 0.9999923 -0.000345267
vn -0.4039184 0.003921509 0.9147866
vn -0.4039184 0.003921509 0.9147866
vn -0.4039184 0.003921509 0.9147866
vn -0.4039184 0.003921509 0.9147866
vn -0.9137185 0.003921509 -0.4063289
vn -0.9137185 0.003921509 -0.4063289
vn -0.9137185 0.003921509 -0.4063289
vn -0.9137185 0.003921509 -0.4063289
vn -0.4039184 -0.003921568 0.9147866
vn -0.4039184 -0.003921568 0.9147866
vn -0.4039184 -0.003921568 0.9147866
vn -0.4039184 -0.003921568 0.9147866
vn 0.1999985 0.8509738 -0.4856378
vn 0.1999985 0.8509738 -0.4856378
vn 0.1999985 0.8509738 -0.4856378
vn 0.1999985 0.8509738 -0.4856378
vn -0.1999984 0.8509738 0.4856379
vn -0.1999984 0.8509738 0.4856379
vn -0.1999984 0.8509738 0.4856379
vn -0.1999984 0.8509738 0.4856379
vn -0.003921509 -0.9999924 0
vn -0.003921509 -0.9999924 0
vn -0.003921509 -0.9999924 0
vn -0.003921509 -0.9999924 0
vn -0.9137185 0.003921509 -0.4063289
vn -0.9137185 0.003921509 -0.4063289
vn -0.9137185 0.003921509 -0.4063289
vn -0.9137185 0.003921509 -0.4063289
vn 0.9137185 0.003921509 0.4063288
vn 0.9137185 0.003921509 0.4063288
vn 0.9137185 0.003921509 0.4063288
vn 0.9137185 0.003921509 0.4063288
vn -0.9137185 -0.003921568 -0.4063289
vn -0.9137185 -0.003921568 -0.4063289
vn -0.9137185 -0.003921568 -0.4063289
vn -0.9137185 -0.003921568 -0.4063289
vn 0.9137185 0.003921509 0.4063288
vn 0.9137185 0.003921509 0.4063288
vn 0.9137185 0.003921509 0.4063288
vn 0.9137185 0.003921509 0.4063288
vn -0.003921509 -0.9999924 0
vn -0.003921509 -0.9999924 0
vn -0.003921509 -0.9999924 0
vn -0.003921509 -0.9999924 0
vn -0.003921509 0.9999923 -0.000345267
vn -0.003921509 0.9999923 -0.000345267
vn -0.003921509 0.9999923 -0.000345267
vn -0.003921509 0.9999923 -0.000345267
vn -0.003921509 0.9999923 -0.000345267
vn -0.003921509 0.9999923 -0.000345267
vn -0.003921509 0.9999923 -0.000345267
vn -0.003921509 0.9999923 -0.000345267
vn -0.003921509 -0.9999924 0
vn -0.003921509 -0.9999924 0
vn -0.003921509 -0.9999924 0
vn -0.003921509 -0.9999924 0
vn -0.9137185 0.003921509 -0.4063289
vn -0.9137185 0.003921509 -0.4063289
vn -0.9137185 0.003921509 -0.4063289
vn 0.9137185 0.003921509 0.4063288
vn 0.9137185 0.003921509 0.4063288
vn 0.9137185 0.003921509 0.4063288
vn -0.7960722 0.003921509 0.6051889
vn -0.874503 0.003921509 0.4850042
vn -0.7960722 0.003921509 0.6051889
vn -0.874503 0.003921509 0.4850042
vn 0.7960724 0.003921509 -0.6051888
vn 0.7960724 0.003921509 -0.6051888
vn 0.7490139 0.003921509 -0.6625427
vn 0.7490139 0.003921509 -0.6625427
vn -0.7960722 0.003921509 0.6051889
vn -0.7490138 0.003921509 0.6625428
vn -0.7960722 0.003921509 0.6051889
vn -0.7490138 0.003921509 0.6625428
vn -0.9999923 0.003921509 -0.0003449296
vn -0.9843061 -0.003921568 0.176426
vn -0.9999923 0.003921509 -0.0003449296
vn -0.9843061 -0.003921568 0.176426
vn -0.9843061 -0.003921568 0.176426
vn -0.9607769 -0.003921568 0.2772946
vn -0.9843061 -0.003921568 0.176426
vn -0.9607769 -0.003921568 0.2772946
vn 0.9843062 0.003921509 -0.1764254
vn 0.9843062 0.003921509 -0.1764254
vn 0.960777 0.003921509 -0.2772944
vn 0.960777 0.003921509 -0.2772944
vn 0.1999985 0.003921509 -0.9797884
vn 0.1999985 0.003921509 -0.9797884
vn 0.1999985 0.003921509 -0.9797884
vn 0.1999985 0.003921509 -0.9797884
vn 0.2862723 0.003921509 0.9581403
vn 0.2862723 0.003921509 0.9581403
vn 0.4039185 0.003921509 0.9147866
vn 0.4039185 0.003921509 0.9147866
vn 0.5058785 0.003921509 0.8625958
vn 0.5058785 0.003921509 0.8625958
vn 0.4039185 0.003921509 0.9147866
vn 0.4039185 0.003921509 0.9147866
vn -0.4039184 0.003921509 -0.9147866
vn -0.4039184 0.003921509 -0.9147866
vn -0.5058784 0.003921509 -0.8625959
vn -0.5058784 0.003921509 -0.8625959
vn -0.4039184 0.003921509 0.9147866
vn -0.4039184 0.003921509 0.9147866
vn -0.4823492 0.003921509 0.8759702
vn -0.4823492 0.003921509 0.8759702
vn 0.4823493 0.003921509 -0.8759702
vn 0.4823493 0.003921509 -0.8759702
vn 0.4039185 0.003921509 -0.9147866
vn 0.4039185 0.003921509 -0.9147866
vn -0.4039184 0.003921509 0.9147866
vn -0.1999984 0.003921509 0.9797884
vn -0.4039184 0.003921509 0.9147866
vn -0.1999984 0.003921509 0.9797884
vn -0.09803843 0.003921509 0.9951749
vn -0.1999984 0.003921509 0.9797884
vn -0.09803843 0.003921509 0.9951749
vn -0.1999984 0.003921509 0.9797884
vn 0.1999985 0.003921509 -0.9797884
vn 0.1999985 0.003921509 -0.9797884
vn 0.09803849 0.003921509 -0.9951749
vn 0.09803849 0.003921509 -0.9951749
vn -0.4039184 0.003921509 -0.9147866
vn -0.4039184 0.003921509 -0.9147866
vn -0.2862723 0.003921509 -0.9581403
vn -0.2862723 0.003921509 -0.9581403
vn 0.9529339 0.003921509 -0.3031528
vn 0.9529339 0.003921509 -0.3031528
vn 0.9529339 0.003921509 -0.3031528
vn 0.9529339 0.003921509 -0.3031528
vn 0.9843062 0.003921509 -0.1764254
vn 0.9843062 0.003921509 -0.1764254
vn 0.9999924 -0.003921568 0
vn 0.9999924 -0.003921568 0
vn -0.7960722 0.003921509 -0.6051889
vn -0.7960722 0.003921509 -0.6051889
vn -0.9294046 0.003921509 -0.3690416
vn -0.9294046 0.003921509 -0.3690416
vn 0.7960724 0.003921509 0.6051888
vn 0.7960724 0.003921509 0.6051888
vn 0.9294047 0.003921509 0.3690414
vn 0.9294047 0.003921509 0.3690414
vn 0.8745031 -0.003921568 -0.485004
vn 0.8745031 -0.003921568 -0.485004
vn 0.7960724 0.003921509 -0.6051888
vn 0.7960724 0.003921509 -0.6051888
vn 0.1999985 0.003921509 -0.9797884
vn 0.1999985 0.003921509 -0.9797884
vn 0.4039185 0.003921509 -0.9147866
vn 0.4039185 0.003921509 -0.9147866
vn -0.9294046 0.003921509 -0.3690416
vn -0.9294046 0.003921509 -0.3690416
vn -0.9999923 0.003921509 -0.0003449296
vn -0.9999923 0.003921509 -0.0003449296
vn 0.9294047 0.003921509 0.3690414
vn 0.9294047 0.003921509 0.3690414
vn 0.9999924 -0.003921568 0
vn 0.9999924 -0.003921568 0
vn -0.2941153 0.9137185 0.2803833
vn -0.3882322 0.8980323 0.2069146
vn -0.2941153 0.9137185 0.2803833
vn -0.3882322 0.8980323 0.2069146
vn -0.2941153 0.9137185 0.2803833
vn -0.2941153 0.9137185 0.2803833
vn -0.2941153 0.9137185 0.2803833
vn -0.2941153 0.9137185 0.2803833
vn -0.3882322 0.9137185 0.1199762
vn -0.3882322 0.9137185 0.1199762
vn -0.3882322 0.9215615 -0.000345267
vn -0.3882322 0.9215615 -0.000345267
vn -0.3882322 0.8901892 -0.2384092
vn -0.3882322 0.8980323 -0.2069146
vn -0.3882322 0.8901892 -0.2384092
vn -0.3882322 0.9058753 -0.1693092
vn -0.3882322 0.9137185 0.1199762
vn -0.3882322 0.9137185 0.1199762
vn -0.3882322 0.9137185 0.1199762
vn -0.3882322 0.9137185 0.1199762
vn 0.1921554 0.8980323 0.3957452
vn 0.145097 0.9058753 0.3979155
vn 0.09803849 0.9137185 0.3943438
vn 0.09803849 0.9137185 0.3943438
vn 0.2235277 0.8901892 0.3969868
vn 0.2235277 0.8901892 0.3969868
vn 0.1921554 0.8980323 0.3957452
vn 0.145097 0.9058753 0.3979155
vn -0.1921554 0.9372476 0.290935
vn -0.1921554 0.8980323 0.3957452
vn -0.1921554 0.9372476 0.290935
vn -0.1921554 0.8980323 0.3957452
vn -0.09803843 0.9137185 0.3943438
vn -0.09803843 0.9137185 0.3943438
vn -0.1921554 0.8980323 0.3957452
vn -0.1921554 0.8980323 0.3957452
vn -0.09803843 0.9137185 0.3943438
vn -0.05097997 0.9215615 0.3848707
vn -0.09803843 0.9137185 0.3943438
vn -0.05097997 0.9215615 0.3848707
vn -0.3882322 0.9215615 -0.000345267
vn -0.3882322 0.9058753 -0.1693092
vn -0.3882322 0.9215615 -0.000345267
vn -0.3882322 0.8980323 -0.2069146
vn 0.9137185 0.003921509 -0.4063288
vn 0.9137185 0.003921509 -0.4063288
vn 0.9137185 0.003921509 -0.4063288
vn 0.9137185 0.003921509 -0.4063288
vn -0.4039184 0.003921509 -0.9147866
vn -0.4039184 0.003921509 -0.9147866
vn -0.4039184 0.003921509 -0.9147866
vn -0.4039184 0.003921509 -0.9147866
vn -0.9137185 0.003921509 0.4063289
vn -0.9137185 0.003921509 0.4063289
vn -0.9137185 0.003921509 0.4063289
vn -0.9137185 0.003921509 0.4063289
vn 0.4039185 -0.003921568 0.9147866
vn 0.4039185 -0.003921568 0.9147866
vn 0.4039185 -0.003921568 0.9147866
vn 0.4039185 -0.003921568 0.9147866
vn 0.9137185 0.003921509 -0.4063288
vn 0.9137185 0.003921509 -0.4063288
vn 0.9137185 0.003921509 -0.4063288
vn 0.9137185 0.003921509 -0.4063288
vn 0.4039185 -0.003921568 0.9147866
vn 0.4039185 -0.003921568 0.9147866
vn 0.4039185 -0.003921568 0.9147866
vn 0.4039185 -0.003921568 0.9147866
vn -0.9137185 -0.003921568 0.4063289
vn -0.9137185 -0.003921568 0.4063289
vn -0.9137185 -0.003921568 0.4063289
vn -0.9137185 -0.003921568 0.4063289
vn -0.6784261 0.670583 0.3000939
vn -0.6784261 0.670583 0.3000939
vn -0.5843092 0.7568569 0.2928316
vn -0.5843092 0.7568569 0.2928316
vn -0.003921509 0.9999923 -0.000345267
vn -0.003921509 0.9999923 -0.000345267
vn -0.003921509 0.9999923 -0.000345267
vn -0.003921509 0.9999923 -0.000345267
vn 0.5843093 0.7568569 -0.2928315
vn 0.5843093 0.7568569 -0.2928315
vn 0.5843093 0.7568569 -0.2928315
vn 0.5843093 0.7568569 -0.2928315
vn 0.4039185 0.003921509 0.9147866
vn 0.4039185 0.003921509 0.9147866
vn 0.4039185 0.003921509 0.9147866
vn 0.4039185 0.003921509 0.9147866
vn -0.4039184 -0.003921568 -0.9147866
vn -0.4039184 -0.003921568 -0.9147866
vn -0.4039184 -0.003921568 -0.9147866
vn -0.4039184 -0.003921568 -0.9147866
vn 0.9137185 -0.003921568 -0.4063288
vn 0.9137185 -0.003921568 -0.4063288
vn 0.9137185 -0.003921568 -0.4063288
vn 0.9137185 -0.003921568 -0.4063288
vn -0.4039184 -0.003921568 -0.9147866
vn -0.4039184 -0.003921568 -0.9147866
vn -0.4039184 -0.003921568 -0.9147866
vn -0.4039184 -0.003921568 -0.9147866
vn -0.9137185 -0.003921568 0.4063289
vn -0.9137185 -0.003921568 0.4063289
vn -0.9137185 -0.003921568 0.4063289
vn -0.9137185 -0.003921568 0.4063289
vn 0.9137185 0.003921509 -0.4063288
vn 0.9137185 0.003921509 -0.4063288
vn 0.9137185 0.003921509 -0.4063288
vn 0.9137185 0.003921509 -0.4063288
vn 0.4039185 0.003921509 0.9147866
vn 0.4039185 0.003921509 0.9147866
vn 0.4039185 0.003921509 0.9147866
vn 0.4039185 0.003921509 0.9147866
vn -0.9294046 0.003921509 0.3690416
vn -0.9294046 0.003921509 0.3690416
vn -0.9294046 0.003921509 0.3690416
vn -0.9294046 0.003921509 0.3690416
vn -0.4039184 0.003921509 -0.9147866
vn -0.4039184 0.003921509 -0.9147866
vn -0.4039184 0.003921509 -0.9147866
vn -0.4039184 0.003921509 -0.9147866
vn -0.003921509 -0.9999924 0
vn -0.003921509 -0.9999924 0
vn -0.003921509 -0.9999924 0
vn -0.003921509 -0.9999924 0
vn -0.9137185 0.003921509 0.4063289
vn -0.9294046 0.003921509 0.3690416
vn -0.9137185 0.003921509 0.4063289
vn -0.9294046 0.003921509 0.3690416
vn 0.9137185 0.003921509 -0.4063288
vn 0.9137185 0.003921509 -0.4063288
vn 0.9137185 0.003921509 -0.4063288
vn 0.9137185 0.003921509 -0.4063288
vn -0.003921509 -0.9999924 0
vn -0.003921509 -0.9999924 0
vn -0.003921509 -0.9999924 0
vn -0.003921509 -0.9999924 0
vn 0.4823493 -0.01176465 -0.8759
vn 0.3882324 0.7097985 -0.58776
vn 0.4823493 -0.01176465 -0.8759
vn 0.3882324 0.7097985 -0.58776
vn 0.3882324 0.7097985 -0.58776
vn 0.3882324 0.7097985 -0.58776
vn -0.3882322 0.7097985 0.58776
vn -0.3882322 0.7097985 0.58776
vn -0.3882322 0.7097985 0.58776
vn -0.4823492 0.003921509 0.8759702
vn -0.3882322 0.7097985 0.58776
vn -0.4823492 0.003921509 0.8759702
vn -0.09803843 0.003921509 -0.9951749
vn -0.09803843 0.003921509 -0.9951749
vn -0.09803843 0.003921509 -0.9951749
vn -0.09803843 0.003921509 -0.9951749
vn -0.9921492 0.003921509 0.1249981
vn -0.9921492 0.003921509 0.1249981
vn -0.9921492 0.003921509 0.1249981
vn -0.9921492 0.003921509 0.1249981
vn 0.09803849 0.003921509 0.9951749
vn 0.09803849 0.003921509 0.9951749
vn 0.09803849 0.003921509 0.9951749
vn 0.09803849 0.003921509 0.9951749
vn 0.9921493 -0.003921568 -0.1249976
vn 0.9921493 -0.003921568 -0.1249976
vn 0.9921493 -0.003921568 -0.1249976
vn 0.9921493 -0.003921568 -0.1249976
vn -0.09803843 0.003921509 -0.9951749
vn -0.09803843 0.003921509 -0.9951749
vn -0.09803843 0.003921509 -0.9951749
vn -0.09803843 0.003921509 -0.9951749
vn 0.9921493 -0.003921568 -0.1249976
vn 0.9921493 -0.003921568 -0.1249976
vn 0.9921493 -0.003921568 -0.1249976
vn 0.9921493 -0.003921568 -0.1249976
vn 0.09803849 0.003921509 0.9951749
vn 0.09803849 0.003921509 0.9951749
vn 0.09803849 0.003921509 0.9951749
vn 0.09803849 0.003921509 0.9951749
vn 0.09803849 0.7254846 0.6812199
vn 0.09803849 0.7254846 0.6812199
vn 0.09803849 0.7254846 0.6812199
vn 0.09803849 0.7254846 0.6812199
vn -0.003921509 0.9999923 -0.000345267
vn -0.003921509 0.9999923 -0.000345267
vn -0.003921509 0.9999923 -0.000345267
vn -0.003921509 0.9999923 -0.000345267
vn -0.05097997 0.7254846 -0.6863477
vn -0.05097997 0.7254846 -0.6863477
vn -0.05097997 0.7254846 -0.6863477
vn -0.05097997 0.7254846 -0.6863477
vn 0.9921493 0.003921509 -0.1249976
vn 0.9921493 0.003921509 -0.1249976
vn 0.9921493 0.003921509 -0.1249976
vn 0.9921493 0.003921509 -0.1249976
vn -0.9921492 -0.003921568 0.1249981
vn -0.9921492 -0.003921568 0.1249981
vn -0.9921492 -0.003921568 0.1249981
vn -0.9921492 -0.003921568 0.1249981
vn -0.09803843 -0.003921568 -0.9951749
vn -0.09803843 -0.003921568 -0.9951749
vn -0.09803843 -0.003921568 -0.9951749
vn -0.09803843 -0.003921568 -0.9951749
vn -0.9921492 -0.003921568 0.1249981
vn -0.9921492 -0.003921568 0.1249981
vn -0.9921492 -0.003921568 0.1249981
vn -0.9921492 -0.003921568 0.1249981
vn 0.09803849 -0.003921568 0.9951749
vn 0.09803849 -0.003921568 0.9951749
vn 0.09803849 -0.003921568 0.9951749
vn 0.09803849 -0.003921568 0.9951749
vn -0.09803843 0.003921509 -0.9951749
vn -0.09803843 0.003921509 -0.9951749
vn -0.09803843 0.003921509 -0.9951749
vn -0.09803843 0.003921509 -0.9951749
vn 0.9921493 0.003921509 -0.1249976
vn 0.9921493 0.003921509 -0.1249976
vn 0.9921493 0.003921509 -0.1249976
vn 0.9921493 0.003921509 -0.1249976
vn 0.09803849 0.003921509 0.9951749
vn 0.09803849 0.003921509 0.9951749
vn 0.09803849 0.003921509 0.9951749
vn 0.09803849 0.003921509 0.9951749
vn -0.9921492 0.003921509 0.1249981
vn -0.9921492 0.003921509 0.1249981
vn -0.9921492 0.003921509 0.1249981
vn -0.9921492 0.003921509 0.1249981
vn -0.003921509 -0.9999924 0
vn -0.003921509 -0.9999924 0
vn -0.003921509 -0.9999924 0
vn -0.003921509 -0.9999924 0
vn 0.09803849 0.003921509 0.9951749
vn 0.09803849 0.003921509 0.9951749
vn 0.09803849 0.003921509 0.9951749
vn 0.09803849 0.003921509 0.9951749
vn -0.09803843 -0.003921568 -0.9951749
vn -0.09803843 -0.003921568 -0.9951749
vn -0.09803843 -0.003921568 -0.9951749
vn -0.09803843 -0.003921568 -0.9951749
vn -0.003921509 -0.9999924 0
vn -0.003921509 -0.9999924 0
vn -0.003921509 -0.9999924 0
vn -0.003921509 -0.9999924 0
vn 0.552937 0.262743 0.7907129
vn 0.552937 0.262743 0.7907129
vn 0.552937 0.262743 0.7907129
vn -0.4745061 0.466663 0.7463709
vn -0.45882 0.4745061 0.7512178
vn -0.5921522 0.5058784 0.6272501
vn -0.5607799 0.5058784 0.6554486
vn -0.8274446 0.5215646 0.2081006
vn -0.7646999 0.5294076 0.3673712
vn -0.7646999 0.5294076 0.3673712
vn -0.3882322 0.9058753 -0.1693092
vn -0.8274446 0.5215646 0.2081006
vn -0.7960722 0.5686231 -0.207212
vn -0.9843061 0.1529399 -0.08803921
vn -0.1921554 0.9764631 -0.09796004
vn -0.1921554 0.9764631 -0.09796004
vn -0.1921554 0.9764631 -0.09796004
g NB_GP_House_Preview_0
f 3/3/3 2/2/2 1/1/1
f 3/3/3 4/4/4 2/2/2
f 5/5/5 2/2/2 4/4/4
f 5/5/5 6/6/6 2/2/2
f 7/7/7 6/6/6 5/5/5
f 7/7/7 8/8/8 6/6/6
f 7/7/7 9/9/9 8/8/8
f 7/7/7 10/10/10 9/9/9
f 3/3/3 1/1/1 11/11/11
f 3/3/3 11/11/11 12/12/12
f 9/9/9 10/10/10 13/13/13
f 9/9/9 13/13/13 14/14/14
f 15/15/15 14/14/14 13/13/13
f 15/15/15 16/16/16 14/14/14
f 16/16/16 15/15/15 17/17/17
f 16/16/16 17/17/17 18/18/18
f 18/18/18 17/17/17 19/19/19
f 18/18/18 19/19/19 20/20/20
f 12/12/12 22/22/22 21/21/21
f 25/25/25 24/24/24 23/23/23
f 28/28/28 27/27/27 26/26/26
f 28/28/28 29/29/29 27/27/27
f 26/26/26 27/27/27 30/30/30
f 31/31/31 30/30/30 27/27/27
f 31/31/31 32/32/32 30/30/30
f 32/32/32 31/31/31 33/33/33
f 32/32/32 33/33/33 34/34/34
f 34/34/34 33/33/33 35/35/35
f 34/34/34 35/35/35 36/36/36
f 36/36/36 35/35/35 37/37/37
f 36/36/36 37/37/37 38/38/38
f 38/38/38 37/37/37 39/39/39
f 38/38/38 39/39/39 40/40/40
f 40/40/40 39/39/39 41/41/41
f 40/40/40 41/41/41 42/42/42
f 34/34/34 36/36/36 43/43/43
f 36/36/36 38/38/38 43/43/43
f 40/40/40 43/43/43 38/38/38
f 34/34/34 43/43/43 44/44/44
f 32/32/32 34/34/34 44/44/44
f 43/43/43 40/40/40 45/45/45
f 43/43/43 45/45/45 46/46/46
f 44/44/44 43/43/43 46/46/46
f 49/49/49 48/48/48 47/47/47
f 49/49/49 50/50/50 48/48/48
f 47/47/47 51/51/51 49/49/49
f 47/47/47 52/52/52 51/51/51
f 47/47/47 53/53/53 52/52/52
f 56/56/56 55/55/55 54/54/54
f 56/56/56 57/57/57 55/55/55
f 54/54/54 55/55/55 58/58/58
f 54/54/54 58/58/58 59/59/59
f 59/59/59 58/58/58 60/60/60
f 59/59/59 60/60/60 61/61/61
f 58/58/58 62/62/62 60/60/60
f 63/63/63 60/60/60 62/62/62
f 63/63/63 64/64/64 60/60/60
f 65/65/65 64/64/64 63/63/63
f 65/65/65 66/66/66 64/64/64
f 67/67/67 66/66/66 65/65/65
f 67/67/67 68/68/68 66/66/66
f 69/69/69 68/68/68 67/67/67
f 69/69/69 70/70/70 68/68/68
f 71/71/71 70/70/70 69/69/69
f 71/71/71 72/72/72 70/70/70
f 72/72/72 71/71/71 73/73/73
f 72/72/72 73/73/73 74/74/74
f 75/75/75 74/74/74 73/73/73
f 75/75/75 73/73/73 76/76/76
f 60/60/60 77/77/77 61/61/61
f 60/60/60 78/78/78 77/77/77
f 78/78/78 79/79/79 77/77/77
f 78/78/78 80/80/80 79/79/79
f 79/79/79 80/80/80 81/81/81
f 79/79/79 81/81/81 82/82/82
f 85/85/85 84/84/84 83/83/83
f 85/85/85 86/86/86 84/84/84
f 84/84/84 87/87/87 83/83/83
f 84/84/84 88/88/88 87/87/87
f 88/88/88 84/84/84 89/89/89
f 92/92/92 91/91/91 90/90/90
f 90/90/90 91/91/91 93/93/93
f 94/94/94 91/91/91 92/92/92
f 95/95/95 94/94/94 92/92/92
f 96/96/96 90/90/90 93/93/93
f 96/96/96 97/97/97 90/90/90
f 100/100/100 99/99/99 98/98/98
f 101/101/101 100/100/100 98/98/98
f 100/100/100 102/102/102 99/99/99
f 99/99/99 103/103/103 98/98/98
f 106/106/106 105/105/105 104/104/104
f 105/105/105 107/107/107 104/104/104
f 108/108/108 107/107/107 105/105/105
f 108/108/108 109/109/109 107/107/107
f 108/108/108 105/105/105 110/110/110
f 113/113/113 112/112/112 111/111/111
f 112/112/112 114/114/114 111/111/111
f 112/112/112 115/115/115 114/114/114
f 116/116/116 114/114/114 115/115/115
f 117/117/117 116/116/116 115/115/115
f 113/113/113 118/118/118 112/112/112
f 118/118/118 119/119/119 112/112/112
f 118/118/118 120/120/120 119/119/119
f 119/119/119 120/120/120 121/121/121
f 124/124/124 123/123/123 122/122/122
f 124/124/124 125/125/125 123/123/123
f 128/128/128 127/127/127 126/126/126
f 129/129/129 128/128/128 126/126/126
f 129/129/129 126/126/126 130/130/130
f 131/131/131 129/129/129 130/130/130
f 131/131/131 132/132/132 129/129/129
f 129/129/129 132/132/132 133/133/133
f 134/134/134 131/131/131 130/130/130
f 135/135/135 127/127/127 128/128/128
f 138/138/138 137/137/137 136/136/136
f 139/139/139 136/136/136 137/137/137
f 139/139/139 140/140/140 136/136/136
f 143/143/143 142/142/142 141/141/141
f 143/143/143 144/144/144 142/142/142
f 145/145/145 143/143/143 141/141/141
f 148/148/148 147/147/147 146/146/146
f 148/148/148 149/149/149 147/147/147
f 152/152/152 151/151/151 150/150/150
f 152/152/152 153/153/153 151/151/151
f 153/153/153 152/152/152 154/154/154
f 155/155/155 153/153/153 154/154/154
f 155/155/155 156/156/156 153/153/153
f 152/152/152 157/157/157 154/154/154
f 160/160/160 159/159/159 158/158/158
f 160/160/160 161/161/161 159/159/159
f 164/164/164 163/163/163 162/162/162
f 164/164/164 165/165/165 163/163/163
f 164/164/164 162/162/162 166/166/166
f 167/167/167 163/163/163 165/165/165
f 167/167/167 168/168/168 163/163/163
f 169/169/169 168/168/168 167/167/167
f 165/165/165 170/170/170 167/167/167
f 173/173/173 172/172/172 171/171/171
f 173/173/173 174/174/174 172/172/172
f 172/172/172 174/174/174 175/175/175
f 172/172/172 175/175/175 176/176/176
f 179/179/179 178/178/178 177/177/177
f 179/179/179 180/180/180 178/178/178
f 183/183/183 182/182/182 181/181/181
f 183/183/183 184/184/184 182/182/182
f 187/187/187 186/186/186 185/185/185
f 186/186/186 187/187/187 188/188/188
f 188/188/188 187/187/187 189/189/189
f 189/189/189 190/190/190 188/188/188
f 193/193/193 192/192/192 191/191/191
f 193/193/193 194/194/194 192/192/192
f 191/191/191 192/192/192 195/195/195
f 196/196/196 193/193/193 191/191/191
f 196/196/196 191/191/191 197/197/197
f 196/196/196 198/198/198 193/193/193
f 196/196/196 199/199/199 198/198/198
f 196/196/196 200/200/200 199/199/199
f 203/203/203 202/202/202 201/201/201
f 203/203/203 204/204/204 202/202/202
f 207/207/207 206/206/206 205/205/205
f 207/207/207 208/208/208 206/206/206
f 209/209/209 207/207/207 205/205/205
f 209/209/209 210/210/210 207/207/207
f 209/209/209 211/211/211 210/210/210
f 209/209/209 212/212/212 211/211/211
f 212/212/212 209/209/209 213/213/213
f 214/214/214 206/206/206 208/208/208
f 214/214/214 208/208/208 215/215/215
f 218/218/218 217/217/217 216/216/216
f 221/221/221 220/220/220 219/219/219
f 221/221/221 222/222/222 220/220/220
f 225/225/225 224/224/224 223/223/223
f 225/225/225 226/226/226 224/224/224
f 229/229/229 228/228/228 227/227/227
f 232/232/232 231/231/231 230/230/230
f 232/232/232 233/233/233 231/231/231
f 234/234/234 233/233/233 232/232/232
f 237/237/237 236/236/236 235/235/235
f 240/240/240 239/239/239 238/238/238
f 240/240/240 241/241/241 239/239/239
f 244/244/244 243/243/243 242/242/242
f 244/244/244 245/245/245 243/243/243
f 248/248/248 247/247/247 246/246/246
f 251/251/251 250/250/250 249/249/249
f 251/251/251 252/252/252 250/250/250
f 255/255/255 254/254/254 253/253/253
f 255/255/255 256/256/256 254/254/254
f 254/254/254 257/257/257 253/253/253
f 260/260/260 259/259/259 258/258/258
f 263/263/263 262/262/262 261/261/261
f 264/264/264 263/263/263 261/261/261
f 264/264/264 265/265/265 263/263/263
f 264/264/264 266/266/266 265/265/265
f 267/267/267 261/261/261 262/262/262
f 267/267/267 262/262/262 268/268/268
f 268/268/268 262/262/262 269/269/269
f 270/270/270 266/266/266 264/264/264
f 271/271/271 270/270/270 264/264/264
f 272/272/272 270/270/270 271/271/271
f 272/272/272 273/273/273 270/270/270
f 271/271/271 274/274/274 272/272/272
f 271/271/271 264/264/264 274/274/274
f 261/261/261 275/275/275 264/264/264
f 261/261/261 276/276/276 275/275/275
f 276/276/276 277/277/277 275/275/275
f 278/278/278 263/263/263 265/265/265
f 263/263/263 278/278/278 262/262/262
f 273/273/273 279/279/279 270/270/270
f 279/279/279 266/266/266 270/270/270
f 273/273/273 280/280/280 279/279/279
f 280/280/280 273/273/273 281/281/281
f 280/280/280 281/281/281 282/282/282
f 281/281/281 283/283/283 282/282/282
f 280/280/280 284/284/284 279/279/279
f 285/285/285 279/279/279 284/284/284
f 286/286/286 285/285/285 284/284/284
f 287/287/287 285/285/285 286/286/286
f 279/279/279 285/285/285 288/288/288
f 285/285/285 287/287/287 288/288/288
f 287/287/287 289/289/289 288/288/288
f 280/280/280 290/290/290 284/284/284
f 290/290/290 291/291/291 284/284/284
f 290/290/290 292/292/292 291/291/291
f 293/293/293 292/292/292 290/290/290
f 284/284/284 291/291/291 294/294/294
f 295/295/295 293/293/293 290/290/290
f 296/296/296 295/295/295 290/290/290
f 296/296/296 297/297/297 295/295/295
f 298/298/298 284/284/284 294/294/294
f 298/298/298 299/299/299 284/284/284
f 286/286/286 299/299/299 298/298/298
f 299/299/299 286/286/286 284/284/284
f 300/300/300 296/296/296 290/290/290
f 301/301/301 296/296/296 300/300/300
f 300/300/300 290/290/290 280/280/280
f 282/282/282 300/300/300 280/280/280
f 282/282/282 302/302/302 300/300/300
f 302/302/302 301/301/301 300/300/300
f 301/301/301 303/303/303 296/296/296
f 297/297/297 296/296/296 303/303/303
f 304/304/304 297/297/297 303/303/303
f 301/301/301 304/304/304 303/303/303
f 304/304/304 305/305/305 297/297/297
f 305/305/305 295/295/295 297/297/297
f 306/306/306 305/305/305 304/304/304
f 306/306/306 307/307/307 305/305/305
f 307/307/307 308/308/308 305/305/305
f 305/305/305 308/308/308 295/295/295
f 301/301/301 309/309/309 304/304/304
f 304/304/304 309/309/309 310/310/310
f 310/310/310 311/311/311 304/304/304
f 311/311/311 310/310/310 312/312/312
f 311/311/311 312/312/312 313/313/313
f 310/310/310 309/309/309 314/314/314
f 310/310/310 314/314/314 315/315/315
f 316/316/316 315/315/315 314/314/314
f 317/317/317 315/315/315 316/316/316
f 317/317/317 316/316/316 318/318/318
f 316/316/316 319/319/319 318/318/318
f 319/319/319 316/316/316 314/314/314
f 320/320/320 319/319/319 314/314/314
f 309/309/309 320/320/320 314/314/314
f 320/320/320 309/309/309 321/321/321
f 319/319/319 322/322/322 318/318/318
f 317/317/317 318/318/318 322/322/322
f 319/319/319 320/320/320 322/322/322
f 317/317/317 322/322/322 323/323/323
f 322/322/322 320/320/320 324/324/324
f 321/321/321 324/324/324 320/320/320
f 323/323/323 322/322/322 324/324/324
f 323/323/323 324/324/324 325/325/325
f 325/325/325 277/277/277 323/323/323
f 325/325/325 275/275/275 277/277/277
f 321/321/321 326/326/326 324/324/324
f 326/326/326 325/325/325 324/324/324
f 326/326/326 321/321/321 327/327/327
f 328/328/328 325/325/325 326/326/326
f 327/327/327 328/328/328 326/326/326
f 315/315/315 317/317/317 329/329/329
f 329/329/329 317/317/317 323/323/323
f 329/329/329 323/323/323 330/330/330
f 327/327/327 321/321/321 331/331/331
f 331/331/331 321/321/321 332/332/332
f 321/321/321 333/333/333 332/332/332
f 334/334/334 331/331/331 332/332/332
f 335/335/335 334/334/334 332/332/332
f 325/325/325 264/264/264 275/275/275
f 325/325/325 274/274/274 264/264/264
f 315/315/315 329/329/329 336/336/336
f 310/310/310 315/315/315 336/336/336
f 333/333/333 321/321/321 337/337/337
f 340/340/340 339/339/339 338/338/338
f 343/343/343 342/342/342 341/341/341
f 288/288/288 266/266/266 279/279/279
f 288/288/288 344/344/344 266/266/266
f 289/289/289 344/344/344 288/288/288
f 265/265/265 266/266/266 344/344/344
f 265/265/265 344/344/344 289/289/289
f 345/345/345 265/265/265 289/289/289
f 278/278/278 265/265/265 345/345/345
f 345/345/345 289/289/289 287/287/287
f 345/345/345 287/287/287 346/346/346
f 287/287/287 286/286/286 346/346/346
f 298/298/298 346/346/346 286/286/286
f 298/298/298 347/347/347 346/346/346
f 347/347/347 298/298/298 294/294/294
f 346/346/346 347/347/347 348/348/348
f 345/345/345 346/346/346 348/348/348
f 345/345/345 348/348/348 349/349/349
f 278/278/278 345/345/345 349/349/349
f 347/347/347 350/350/350 348/348/348
f 347/347/347 294/294/294 350/350/350
f 350/350/350 294/294/294 291/291/291
f 351/351/351 350/350/350 291/291/291
f 351/351/351 291/291/291 292/292/292
f 351/351/351 292/292/292 352/352/352
f 351/351/351 352/352/352 350/350/350
f 293/293/293 352/352/352 292/292/292
f 293/293/293 295/295/295 352/352/352
f 353/353/353 278/278/278 349/349/349
f 262/262/262 278/278/278 353/353/353
f 269/269/269 262/262/262 353/353/353
f 356/356/356 355/355/355 354/354/354
f 355/355/355 357/357/357 354/354/354
f 357/357/357 358/358/358 354/354/354
f 359/359/359 358/358/358 357/357/357
f 360/360/360 358/358/358 359/359/359
f 359/359/359 357/357/357 361/361/361
f 359/359/359 361/361/361 362/362/362
f 363/363/363 362/362/362 361/361/361
f 363/363/363 361/361/361 357/357/357
f 357/357/357 355/355/355 363/363/363
f 363/363/363 364/364/364 362/362/362
f 359/359/359 362/362/362 365/365/365
f 360/360/360 359/359/359 365/365/365
f 362/362/362 364/364/364 366/366/366
f 366/366/366 365/365/365 362/362/362
f 358/358/358 367/367/367 354/354/354
f 358/358/358 360/360/360 367/367/367
f 368/368/368 367/367/367 360/360/360
f 367/367/367 368/368/368 369/369/369
f 367/367/367 369/369/369 370/370/370
f 370/370/370 354/354/354 367/367/367
f 354/354/354 370/370/370 356/356/356
f 371/371/371 370/370/370 369/369/369
f 371/371/371 356/356/356 370/370/370
f 371/371/371 372/372/372 356/356/356
f 371/371/371 373/373/373 372/372/372
f 371/371/371 374/374/374 373/373/373
f 356/356/356 372/372/372 375/375/375
f 355/355/355 356/356/356 375/375/375
f 355/355/355 375/375/375 376/376/376
f 355/355/355 376/376/376 363/363/363
f 377/377/377 373/373/373 374/374/374
f 376/376/376 375/375/375 378/378/378
f 374/374/374 379/379/379 377/377/377
f 379/379/379 374/374/374 380/380/380
f 380/380/380 374/374/374 371/371/371
f 380/380/380 371/371/371 369/369/369
f 379/379/379 380/380/380 381/381/381
f 381/381/381 382/382/382 379/379/379
f 381/381/381 383/383/383 382/382/382
f 384/384/384 379/379/379 382/382/382
f 382/382/382 385/385/385 384/384/384
f 382/382/382 383/383/383 385/385/385
f 386/386/386 383/383/383 381/381/381
f 381/381/381 380/380/380 386/386/386
f 377/377/377 379/379/379 387/387/387
f 379/379/379 384/384/384 387/387/387
f 388/388/388 384/384/384 385/385/385
f 385/385/385 383/383/383 388/388/388
f 389/389/389 388/388/388 383/383/383
f 389/389/389 383/383/383 390/390/390
f 383/383/383 386/386/386 390/390/390
f 391/391/391 390/390/390 386/386/386
f 380/380/380 391/391/391 386/386/386
f 390/390/390 391/391/391 392/392/392
f 393/393/393 390/390/390 392/392/392
f 393/393/393 389/389/389 390/390/390
f 388/388/388 394/394/394 384/384/384
f 394/394/394 388/388/388 395/395/395
f 389/389/389 395/395/395 388/388/388
f 366/366/366 395/395/395 389/389/389
f 366/366/366 389/389/389 393/393/393
f 394/394/394 395/395/395 396/396/396
f 394/394/394 397/397/397 384/384/384
f 387/387/387 384/384/384 397/397/397
f 394/394/394 398/398/398 397/397/397
f 396/396/396 398/398/398 394/394/394
f 364/364/364 395/395/395 366/366/366
f 364/364/364 396/396/396 395/395/395
f 366/366/366 393/393/393 365/365/365
f 365/365/365 393/393/393 392/392/392
f 365/365/365 392/392/392 399/399/399
f 399/399/399 392/392/392 391/391/391
f 360/360/360 365/365/365 399/399/399
f 399/399/399 368/368/368 360/360/360
f 399/399/399 391/391/391 368/368/368
f 368/368/368 391/391/391 369/369/369
f 369/369/369 391/391/391 380/380/380
f 402/402/402 401/401/401 400/400/400
f 401/401/401 402/402/402 403/403/403
f 400/400/400 404/404/404 402/402/402
f 400/400/400 405/405/405 404/404/404
f 404/404/404 405/405/405 406/406/406
f 404/404/404 406/406/406 407/407/407
f 402/402/402 404/404/404 408/408/408
f 404/404/404 407/407/407 408/408/408
f 408/408/408 403/403/403 402/402/402
f 409/409/409 405/405/405 400/400/400
f 409/409/409 400/400/400 401/401/401
f 410/410/410 409/409/409 401/401/401
f 411/411/411 406/406/406 405/405/405
f 411/411/411 412/412/412 406/406/406
f 411/411/411 413/413/413 412/412/412
f 410/410/410 414/414/414 409/409/409
f 415/415/415 414/414/414 410/410/410
f 416/416/416 414/414/414 411/411/411
f 414/414/414 416/416/416 409/409/409
f 416/416/416 411/411/411 405/405/405
f 409/409/409 416/416/416 405/405/405
f 414/414/414 417/417/417 411/411/411
f 411/411/411 417/417/417 413/413/413
f 417/417/417 414/414/414 418/418/418
f 418/418/418 414/414/414 415/415/415
f 418/418/418 413/413/413 417/417/417
f 407/407/407 406/406/406 419/419/419
f 412/412/412 419/419/419 406/406/406
f 407/407/407 419/419/419 420/420/420
f 420/420/420 408/408/408 407/407/407
f 420/420/420 421/421/421 408/408/408
f 421/421/421 422/422/422 408/408/408
f 423/423/423 422/422/422 421/421/421
f 412/412/412 424/424/424 419/419/419
f 425/425/425 424/424/424 412/412/412
f 412/412/412 413/413/413 425/425/425
f 426/426/426 425/425/425 413/413/413
f 426/426/426 413/413/413 427/427/427
f 427/427/427 413/413/413 428/428/428
f 418/418/418 428/428/428 413/413/413
f 429/429/429 422/422/422 423/423/423
f 429/429/429 430/430/430 422/422/422
f 431/431/431 430/430/430 429/429/429
f 423/423/423 432/432/432 429/429/429
f 433/433/433 427/427/427 428/428/428
f 427/427/427 433/433/433 434/434/434
f 435/435/435 434/434/434 433/433/433
f 435/435/435 433/433/433 436/436/436
f 436/436/436 433/433/433 428/428/428
f 435/435/435 436/436/436 431/431/431
f 435/435/435 437/437/437 434/434/434
f 438/438/438 427/427/427 434/434/434
f 438/438/438 434/434/434 437/437/437
f 426/426/426 427/427/427 438/438/438
f 439/439/439 438/438/438 437/437/437
f 437/437/437 440/440/440 439/439/439
f 440/440/440 437/437/437 441/441/441
f 440/440/440 441/441/441 442/442/442
f 441/441/441 443/443/443 442/442/442
f 442/442/442 443/443/443 432/432/432
f 432/432/432 443/443/443 429/429/429
f 441/441/441 444/444/444 443/443/443
f 443/443/443 444/444/444 429/429/429
f 431/431/431 429/429/429 445/445/445
f 446/446/446 431/431/431 444/444/444
f 441/441/441 446/446/446 444/444/444
f 437/437/437 446/446/446 441/441/441
f 410/410/410 431/431/431 436/436/436
f 431/431/431 410/410/410 401/401/401
f 431/431/431 401/401/401 430/430/430
f 410/410/410 436/436/436 415/415/415
f 428/428/428 415/415/415 436/436/436
f 428/428/428 447/447/447 415/415/415
f 422/422/422 430/430/430 401/401/401
f 422/422/422 401/401/401 403/403/403
f 408/408/408 422/422/422 403/403/403
f 450/450/450 449/449/449 448/448/448
f 450/450/450 451/451/451 449/449/449
f 452/452/452 448/448/448 449/449/449
f 452/452/452 449/449/449 453/453/453
f 454/454/454 450/450/450 448/448/448
f 454/454/454 448/448/448 452/452/452
f 454/454/454 455/455/455 450/450/450
f 455/455/455 456/456/456 450/450/450
f 454/454/454 452/452/452 457/457/457
f 458/458/458 452/452/452 453/453/453
f 458/458/458 457/457/457 452/452/452
f 459/459/459 458/458/458 453/453/453
f 459/459/459 460/460/460 458/458/458
f 460/460/460 459/459/459 461/461/461
f 455/455/455 462/462/462 456/456/456
f 455/455/455 463/463/463 462/462/462
f 464/464/464 455/455/455 454/454/454
f 464/464/464 463/463/463 455/455/455
f 464/464/464 454/454/454 457/457/457
f 464/464/464 457/457/457 465/465/465
f 466/466/466 460/460/460 461/461/461
f 457/457/457 467/467/467 465/465/465
f 457/457/457 458/458/458 467/467/467
f 458/458/458 460/460/460 468/468/468
f 468/468/468 467/467/467 458/458/458
f 466/466/466 468/468/468 460/460/460
f 461/461/461 469/469/469 466/466/466
f 459/459/459 469/469/469 461/461/461
f 467/467/467 468/468/468 470/470/470
f 462/462/462 463/463/463 471/471/471
f 471/471/471 463/463/463 464/464/464
f 467/467/467 470/470/470 472/472/472
f 473/473/473 467/467/467 472/472/472
f 473/473/473 472/472/472 474/474/474
f 470/470/470 474/474/474 472/472/472
f 464/464/464 475/475/475 471/471/471
f 464/464/464 465/465/465 475/475/475
f 467/467/467 473/473/473 475/475/475
f 475/475/475 465/465/465 467/467/467
f 462/462/462 471/471/471 476/476/476
f 476/476/476 471/471/471 475/475/475
f 470/470/470 477/477/477 474/474/474
f 474/474/474 477/477/477 478/478/478
f 478/478/478 473/473/473 474/474/474
f 477/477/477 479/479/479 478/478/478
f 470/470/470 479/479/479 477/477/477
f 470/470/470 468/468/468 479/479/479
f 480/480/480 466/466/466 469/469/469
f 480/480/480 481/481/481 466/466/466
f 468/468/468 481/481/481 479/479/479
f 468/468/468 466/466/466 481/481/481
f 481/481/481 480/480/480 482/482/482
f 478/478/478 479/479/479 482/482/482
f 479/479/479 481/481/481 482/482/482
f 459/459/459 480/480/480 469/469/469
f 480/480/480 483/483/483 482/482/482
f 483/483/483 484/484/484 482/482/482
f 483/483/483 485/485/485 484/484/484
f 483/483/483 486/486/486 485/485/485
f 487/487/487 484/484/484 485/485/485
f 487/487/487 488/488/488 484/484/484
f 489/489/489 484/484/484 488/488/488
f 489/489/489 488/488/488 490/490/490
f 487/487/487 490/490/490 488/488/488
f 485/485/485 491/491/491 487/487/487
f 491/491/491 485/485/485 492/492/492
f 491/491/491 492/492/492 493/493/493
f 494/494/494 493/493/493 492/492/492
f 494/494/494 492/492/492 495/495/495
f 492/492/492 485/485/485 495/495/495
f 491/491/491 496/496/496 487/487/487
f 487/487/487 496/496/496 490/490/490
f 496/496/496 491/491/491 497/497/497
f 498/498/498 496/496/496 497/497/497
f 498/498/498 499/499/499 496/496/496
f 498/498/498 500/500/500 499/499/499
f 500/500/500 497/497/497 491/491/491
f 500/500/500 498/498/498 497/497/497
f 496/496/496 499/499/499 501/501/501
f 496/496/496 501/501/501 502/502/502
f 490/490/490 496/496/496 502/502/502
f 502/502/502 501/501/501 503/503/503
f 504/504/504 503/503/503 501/501/501
f 504/504/504 505/505/505 503/503/503
f 505/505/505 506/506/506 503/503/503
f 507/507/507 504/504/504 501/501/501
f 507/507/507 501/501/501 499/499/499
f 499/499/499 500/500/500 507/507/507
f 502/502/502 503/503/503 508/508/508
f 508/508/508 503/503/503 506/506/506
f 462/462/462 508/508/508 506/506/506
f 462/462/462 476/476/476 508/508/508
f 502/502/502 508/508/508 476/476/476
f 509/509/509 502/502/502 476/476/476
f 475/475/475 509/509/509 476/476/476
f 475/475/475 490/490/490 509/509/509
f 502/502/502 509/509/509 490/490/490
f 473/473/473 490/490/490 475/475/475
f 473/473/473 478/478/478 490/490/490
f 510/510/510 504/504/504 507/507/507
f 510/510/510 505/505/505 504/504/504
f 510/510/510 511/511/511 505/505/505
f 510/510/510 451/451/451 511/511/511
f 505/505/505 511/511/511 450/450/450
f 451/451/451 450/450/450 511/511/511
f 450/450/450 456/456/456 505/505/505
f 506/506/506 456/456/456 462/462/462
f 506/506/506 505/505/505 456/456/456
f 512/512/512 490/490/490 478/478/478
f 482/482/482 512/512/512 478/478/478
f 512/512/512 482/482/482 484/484/484
f 512/512/512 484/484/484 489/489/489
f 512/512/512 489/489/489 490/490/490
f 515/515/515 514/514/514 513/513/513
f 515/515/515 516/516/516 514/514/514
f 516/516/516 515/515/515 517/517/517
f 515/515/515 518/518/518 517/517/517
f 513/513/513 518/518/518 515/515/515
f 516/516/516 517/517/517 519/519/519
f 513/513/513 520/520/520 518/518/518
f 517/517/517 518/518/518 520/520/520
f 513/513/513 521/521/521 520/520/520
f 522/522/522 516/516/516 519/519/519
f 523/523/523 516/516/516 522/522/522
f 524/524/524 523/523/523 522/522/522
f 525/525/525 524/524/524 522/522/522
f 525/525/525 522/522/522 526/526/526
f 522/522/522 519/519/519 526/526/526
f 525/525/525 526/526/526 527/527/527
f 528/528/528 525/525/525 527/527/527
f 529/529/529 528/528/528 527/527/527
f 529/529/529 527/527/527 530/530/530
f 531/531/531 529/529/529 530/530/530
f 530/530/530 527/527/527 532/532/532
f 530/530/530 532/532/532 531/531/531
f 526/526/526 533/533/533 527/527/527
f 533/533/533 532/532/532 527/527/527
f 526/526/526 519/519/519 534/534/534
f 534/534/534 533/533/533 526/526/526
f 534/534/534 519/519/519 535/535/535
f 536/536/536 534/534/534 535/535/535
f 533/533/533 534/534/534 536/536/536
f 535/535/535 519/519/519 517/517/517
f 517/517/517 536/536/536 535/535/535
f 517/517/517 520/520/520 536/536/536
f 537/537/537 531/531/531 532/532/532
f 531/531/531 537/537/537 538/538/538
f 537/537/537 532/532/532 539/539/539
f 537/537/537 539/539/539 538/538/538
f 532/532/532 533/533/533 539/539/539
f 539/539/539 533/533/533 540/540/540
f 541/541/541 540/540/540 533/533/533
f 520/520/520 541/541/541 542/542/542
f 541/541/541 533/533/533 542/542/542
f 520/520/520 542/542/542 536/536/536
f 536/536/536 542/542/542 533/533/533
f 541/541/541 543/543/543 540/540/540
f 541/541/541 520/520/520 543/543/543
f 540/540/540 543/543/543 544/544/544
f 521/521/521 544/544/544 543/543/543
f 520/520/520 521/521/521 543/543/543
f 545/545/545 540/540/540 544/544/544
f 545/545/545 539/539/539 540/540/540
f 539/539/539 546/546/546 538/538/538
f 547/547/547 538/538/538 546/546/546
f 531/531/531 538/538/538 547/547/547
f 548/548/548 547/547/547 546/546/546
f 549/549/549 548/548/548 546/546/546
f 549/549/549 546/546/546 539/539/539
f 531/531/531 547/547/547 550/550/550
f 547/547/547 548/548/548 550/550/550
f 548/548/548 551/551/551 550/550/550
f 548/548/548 552/552/552 551/551/551
f 553/553/553 552/552/552 548/548/548
f 552/552/552 553/553/553 554/554/554
f 552/552/552 554/554/554 551/551/551
f 551/551/551 554/554/554 555/555/555
f 551/551/551 555/555/555 556/556/556
f 556/556/556 555/555/555 557/557/557
f 557/557/557 555/555/555 558/558/558
f 554/554/554 558/558/558 555/555/555
f 559/559/559 557/557/557 558/558/558
f 559/559/559 556/556/556 557/557/557
f 560/560/560 559/559/559 558/558/558
f 561/561/561 558/558/558 554/554/554
f 558/558/558 561/561/561 560/560/560
f 559/559/559 560/560/560 562/562/562
f 559/559/559 562/562/562 563/563/563
f 556/556/556 559/559/559 563/563/563
f 563/563/563 564/564/564 556/556/556
f 556/556/556 564/564/564 514/514/514
f 513/513/513 514/514/514 564/564/564
f 513/513/513 564/564/564 521/521/521
f 564/564/564 563/563/563 521/521/521
f 565/565/565 563/563/563 562/562/562
f 560/560/560 565/565/565 562/562/562
f 544/544/544 565/565/565 560/560/560
f 561/561/561 544/544/544 560/560/560
f 561/561/561 566/566/566 544/544/544
f 545/545/545 544/544/544 566/566/566
f 567/567/567 545/545/545 566/566/566
f 568/568/568 567/567/567 566/566/566
f 568/568/568 566/566/566 561/561/561
f 539/539/539 545/545/545 569/569/569
f 572/572/572 571/571/571 570/570/570
f 572/572/572 573/573/573 571/571/571
f 574/574/574 572/572/572 570/570/570
f 574/574/574 575/575/575 572/572/572
f 576/576/576 571/571/571 573/573/573
f 576/576/576 577/577/577 571/571/571
f 580/580/580 579/579/579 578/578/578
f 580/580/580 581/581/581 579/579/579
f 581/581/581 582/582/582 579/579/579
f 581/581/581 583/583/583 582/582/582
f 584/584/584 580/580/580 578/578/578
f 584/584/584 578/578/578 585/585/585
f 586/586/586 584/584/584 585/585/585
f 586/586/586 585/585/585 587/587/587
f 583/583/583 588/588/588 582/582/582
f 583/583/583 589/589/589 588/588/588
f 589/589/589 590/590/590 588/588/588
f 589/589/589 591/591/591 590/590/590
f 591/591/591 592/592/592 590/590/590
f 591/591/591 593/593/593 592/592/592
f 593/593/593 594/594/594 592/592/592
f 593/593/593 595/595/595 594/594/594
f 598/598/598 597/597/597 596/596/596
f 598/598/598 599/599/599 597/597/597
f 600/600/600 597/597/597 599/599/599
f 600/600/600 601/601/601 597/597/597
f 602/602/602 601/601/601 600/600/600
f 602/602/602 603/603/603 601/601/601
f 606/606/606 605/605/605 604/604/604
f 606/606/606 607/607/607 605/605/605
f 607/607/607 608/608/608 605/605/605
f 607/607/607 609/609/609 608/608/608
f 609/609/609 610/610/610 608/608/608
f 609/609/609 611/611/611 610/610/610
f 612/612/612 606/606/606 604/604/604
f 612/612/612 604/604/604 613/613/613
f 614/614/614 612/612/612 613/613/613
f 614/614/614 613/613/613 615/615/615
f 616/616/616 614/614/614 615/615/615
f 616/616/616 615/615/615 617/617/617
f 618/618/618 616/616/616 617/617/617
f 618/618/618 617/617/617 619/619/619
f 620/620/620 618/618/618 619/619/619
f 620/620/620 619/619/619 621/621/621
f 624/624/624 623/623/623 622/622/622
f 624/624/624 625/625/625 623/623/623
f 626/626/626 624/624/624 622/622/622
f 626/626/626 622/622/622 627/627/627
f 625/625/625 628/628/628 623/623/623
f 625/625/625 629/629/629 628/628/628
f 629/629/629 630/630/630 628/628/628
f 629/629/629 631/631/631 630/630/630
f 631/631/631 632/632/632 630/630/630
f 631/631/631 633/633/633 632/632/632
f 633/633/633 634/634/634 632/632/632
f 633/633/633 635/635/635 634/634/634
f 635/635/635 636/636/636 634/634/634
f 635/635/635 637/637/637 636/636/636
f 637/637/637 638/638/638 636/636/636
f 637/637/637 639/639/639 638/638/638
f 639/639/639 640/640/640 638/638/638
f 639/639/639 641/641/641 640/640/640
f 641/641/641 642/642/642 640/640/640
f 641/641/641 643/643/643 642/642/642
f 646/646/646 645/645/645 644/644/644
f 646/646/646 647/647/647 645/645/645
f 648/648/648 646/646/646 644/644/644
f 648/648/648 644/644/644 649/649/649
f 650/650/650 648/648/648 649/649/649
f 650/650/650 649/649/649 651/651/651
f 652/652/652 650/650/650 651/651/651
f 652/652/652 651/651/651 653/653/653
f 654/654/654 652/652/652 653/653/653
f 654/654/654 653/653/653 655/655/655
f 656/656/656 654/654/654 655/655/655
f 656/656/656 655/655/655 657/657/657
f 658/658/658 656/656/656 657/657/657
f 658/658/658 657/657/657 659/659/659
f 660/660/660 658/658/658 659/659/659
f 660/660/660 659/659/659 661/661/661
f 662/662/662 660/660/660 661/661/661
f 662/662/662 661/661/661 663/663/663
f 647/647/647 662/662/662 663/663/663
f 647/647/647 663/663/663 645/645/645
f 666/666/666 665/665/665 664/664/664
f 666/666/666 667/667/667 665/665/665
f 668/668/668 666/666/666 664/664/664
f 668/668/668 664/664/664 669/669/669
f 667/667/667 670/670/670 665/665/665
f 667/667/667 671/671/671 670/670/670
f 672/672/672 668/668/668 669/669/669
f 672/672/672 669/669/669 673/673/673
f 674/674/674 672/672/672 673/673/673
f 674/674/674 673/673/673 675/675/675
f 676/676/676 674/674/674 675/675/675
f 676/676/676 675/675/675 677/677/677
f 680/680/680 679/679/679 678/678/678
f 680/680/680 681/681/681 679/679/679
f 682/682/682 680/680/680 678/678/678
f 682/682/682 678/678/678 683/683/683
f 681/681/681 684/684/684 679/679/679
f 681/681/681 685/685/685 684/684/684
f 685/685/685 686/686/686 684/684/684
f 685/685/685 687/687/687 686/686/686
f 687/687/687 688/688/688 686/686/686
f 687/687/687 689/689/689 688/688/688
f 689/689/689 690/690/690 688/688/688
f 689/689/689 691/691/691 690/690/690
f 694/694/694 693/693/693 692/692/692
f 694/694/694 695/695/695 693/693/693
f 696/696/696 694/694/694 692/692/692
f 696/696/696 692/692/692 697/697/697
f 698/698/698 696/696/696 697/697/697
f 698/698/698 697/697/697 699/699/699
f 700/700/700 698/698/698 699/699/699
f 700/700/700 699/699/699 701/701/701
f 702/702/702 700/700/700 701/701/701
f 702/702/702 701/701/701 703/703/703
f 695/695/695 704/704/704 693/693/693
f 695/695/695 705/705/705 704/704/704
f 705/705/705 706/706/706 704/704/704
f 705/705/705 707/707/707 706/706/706
f 707/707/707 708/708/708 706/706/706
f 707/707/707 709/709/709 708/708/708
f 709/709/709 710/710/710 708/708/708
f 709/709/709 711/711/711 710/710/710
f 714/714/714 713/713/713 712/712/712
f 714/714/714 715/715/715 713/713/713
f 715/715/715 716/716/716 713/713/713
f 715/715/715 717/717/717 716/716/716
f 717/717/717 718/718/718 716/716/716
f 717/717/717 719/719/719 718/718/718
f 719/719/719 720/720/720 718/718/718
f 719/719/719 721/721/721 720/720/720
f 721/721/721 722/722/722 720/720/720
f 721/721/721 723/723/723 722/722/722
f 723/723/723 724/724/724 722/722/722
f 723/723/723 725/725/725 724/724/724
f 725/725/725 726/726/726 724/724/724
f 725/725/725 727/727/727 726/726/726
f 727/727/727 728/728/728 726/726/726
f 727/727/727 729/729/729 728/728/728
f 729/729/729 730/730/730 728/728/728
f 729/729/729 731/731/731 730/730/730
f 731/731/731 712/712/712 730/730/730
f 731/731/731 714/714/714 712/712/712
f 734/734/734 733/733/733 732/732/732
f 734/734/734 735/735/735 733/733/733
f 735/735/735 736/736/736 733/733/733
f 735/735/735 737/737/737 736/736/736
f 738/738/738 734/734/734 732/732/732
f 738/738/738 732/732/732 739/739/739
f 740/740/740 738/738/738 739/739/739
f 740/740/740 739/739/739 741/741/741
f 742/742/742 740/740/740 741/741/741
f 742/742/742 741/741/741 743/743/743
f 744/744/744 742/742/742 743/743/743
f 744/744/744 743/743/743 745/745/745
f 746/746/746 744/744/744 745/745/745
f 746/746/746 745/745/745 747/747/747
f 748/748/748 746/746/746 747/747/747
f 748/748/748 747/747/747 749/749/749
f 750/750/750 748/748/748 749/749/749
f 750/750/750 749/749/749 751/751/751
f 752/752/752 750/750/750 751/751/751
f 752/752/752 751/751/751 753/753/753
f 756/756/756 755/755/755 754/754/754
f 756/756/756 757/757/757 755/755/755
f 758/758/758 756/756/756 754/754/754
f 758/758/758 759/759/759 756/756/756
f 758/758/758 760/760/760 759/759/759
f 758/758/758 761/761/761 760/760/760
f 762/762/762 760/760/760 761/761/761
f 762/762/762 763/763/763 760/760/760
f 766/766/766 765/765/765 764/764/764
f 766/766/766 767/767/767 765/765/765
f 770/770/770 769/769/769 768/768/768
f 770/770/770 771/771/771 769/769/769
f 774/774/774 773/773/773 772/772/772
f 774/774/774 775/775/775 773/773/773
f 778/778/778 777/777/777 776/776/776
f 778/778/778 779/779/779 777/777/777
f 776/776/776 780/780/780 778/778/778
f 776/776/776 781/781/781 780/780/780
f 784/784/784 783/783/783 782/782/782
f 784/784/784 785/785/785 783/783/783
f 788/788/788 787/787/787 786/786/786
f 788/788/788 789/789/789 787/787/787
f 792/792/792 791/791/791 790/790/790
f 792/792/792 793/793/793 791/791/791
f 792/792/792 790/790/790 794/794/794
f 792/792/792 794/794/794 795/795/795
f 798/798/798 797/797/797 796/796/796
f 798/798/798 799/799/799 797/797/797
f 802/802/802 801/801/801 800/800/800
f 802/802/802 803/803/803 801/801/801
f 806/806/806 805/805/805 804/804/804
f 806/806/806 807/807/807 805/805/805
f 810/810/810 809/809/809 808/808/808
f 810/810/810 811/811/811 809/809/809
f 814/814/814 813/813/813 812/812/812
f 814/814/814 815/815/815 813/813/813
f 818/818/818 817/817/817 816/816/816
f 818/818/818 819/819/819 817/817/817
f 822/822/822 821/821/821 820/820/820
f 822/822/822 823/823/823 821/821/821
f 826/826/826 825/825/825 824/824/824
f 826/826/826 827/827/827 825/825/825
f 830/830/830 829/829/829 828/828/828
f 830/830/830 831/831/831 829/829/829
f 834/834/834 833/833/833 832/832/832
f 834/834/834 835/835/835 833/833/833
f 834/834/834 832/832/832 836/836/836
f 834/834/834 836/836/836 837/837/837
f 840/840/840 839/839/839 838/838/838
f 839/839/839 841/841/841 838/838/838
f 844/844/844 843/843/843 842/842/842
f 844/844/844 845/845/845 843/843/843
f 848/848/848 847/847/847 846/846/846
f 848/848/848 849/849/849 847/847/847
f 852/852/852 851/851/851 850/850/850
f 852/852/852 853/853/853 851/851/851
f 856/856/856 855/855/855 854/854/854
f 856/856/856 857/857/857 855/855/855
f 860/860/860 859/859/859 858/858/858
f 860/860/860 861/861/861 859/859/859
f 864/864/864 863/863/863 862/862/862
f 864/864/864 865/865/865 863/863/863
f 868/868/868 867/867/867 866/866/866
f 868/868/868 869/869/869 867/867/867
f 872/872/872 871/871/871 870/870/870
f 871/871/871 873/873/873 870/870/870
f 876/876/876 875/875/875 874/874/874
f 876/876/876 877/877/877 875/875/875
f 880/880/880 879/879/879 878/878/878
f 880/880/880 881/881/881 879/879/879
f 884/884/884 883/883/883 882/882/882
f 884/884/884 885/885/885 883/883/883
f 888/888/888 887/887/887 886/886/886
f 887/887/887 889/889/889 886/886/886
f 892/892/892 891/891/891 890/890/890
f 892/892/892 893/893/893 891/891/891
f 896/896/896 895/895/895 894/894/894
f 896/896/896 897/897/897 895/895/895
f 900/900/900 899/899/899 898/898/898
f 900/900/900 901/901/901 899/899/899
f 904/904/904 903/903/903 902/902/902
f 904/904/904 905/905/905 903/903/903
f 908/908/908 907/907/907 906/906/906
f 908/908/908 909/909/909 907/907/907
f 912/912/912 911/911/911 910/910/910
f 912/912/912 913/913/913 911/911/911
f 916/916/916 915/915/915 914/914/914
f 916/916/916 917/917/917 915/915/915
f 920/920/920 919/919/919 918/918/918
f 920/920/920 921/921/921 919/919/919
f 924/924/924 923/923/923 922/922/922
f 924/924/924 925/925/925 923/923/923
f 928/928/928 927/927/927 926/926/926
f 928/928/928 929/929/929 927/927/927
f 932/932/932 931/931/931 930/930/930
f 932/932/932 933/933/933 931/931/931
f 936/936/936 935/935/935 934/934/934
f 936/936/936 937/937/937 935/935/935
f 940/940/940 939/939/939 938/938/938
f 940/940/940 941/941/941 939/939/939
f 944/944/944 943/943/943 942/942/942
f 944/944/944 945/945/945 943/943/943
f 948/948/948 947/947/947 946/946/946
f 948/948/948 949/949/949 947/947/947
f 952/952/952 951/951/951 950/950/950
f 952/952/952 953/953/953 951/951/951
f 956/956/956 955/955/955 954/954/954
f 956/956/956 957/957/957 955/955/955
f 960/960/960 959/959/959 958/958/958
f 960/960/960 961/961/961 959/959/959
f 964/964/964 963/963/963 962/962/962
f 964/964/964 965/965/965 963/963/963
f 968/968/968 967/967/967 966/966/966
f 968/968/968 969/969/969 967/967/967
f 972/972/972 971/971/971 970/970/970
f 972/972/972 973/973/973 971/971/971
f 976/976/976 975/975/975 974/974/974
f 976/976/976 977/977/977 975/975/975
f 980/980/980 979/979/979 978/978/978
f 980/980/980 981/981/981 979/979/979
f 984/984/984 983/983/983 982/982/982
f 984/984/984 985/985/985 983/983/983
f 988/988/988 987/987/987 986/986/986
f 988/988/988 989/989/989 987/987/987
f 992/992/992 991/991/991 990/990/990
f 992/992/992 993/993/993 991/991/991
f 996/996/996 995/995/995 994/994/994
f 996/996/996 997/997/997 995/995/995
f 1000/1000/1000 999/999/999 998/998/998
f 1000/1000/1000 1001/1001/1001 999/999/999
f 1004/1004/1004 1003/1003/1003 1002/1002/1002
f 1004/1004/1004 1005/1005/1005 1003/1003/1003
f 1008/1008/1008 1007/1007/1007 1006/1006/1006
f 1008/1008/1008 1009/1009/1009 1007/1007/1007
f 1012/1012/1012 1011/1011/1011 1010/1010/1010
f 1012/1012/1012 1013/1013/1013 1011/1011/1011
f 1014/1014/1014 1011/1011/1011 1013/1013/1013
f 1014/1014/1014 1015/1015/1015 1011/1011/1011
f 1015/1015/1015 1014/1014/1014 1016/1016/1016
f 1015/1015/1015 1016/1016/1016 1017/1017/1017
f 1020/1020/1020 1019/1019/1019 1018/1018/1018
f 1020/1020/1020 1021/1021/1021 1019/1019/1019
f 1024/1024/1024 1023/1023/1023 1022/1022/1022
f 1024/1024/1024 1025/1025/1025 1023/1023/1023
f 1025/1025/1025 1024/1024/1024 1026/1026/1026
f 1025/1025/1025 1026/1026/1026 1027/1027/1027
f 1028/1028/1028 1027/1027/1027 1026/1026/1026
f 1028/1028/1028 1026/1026/1026 1029/1029/1029
f 1032/1032/1032 1031/1031/1031 1030/1030/1030
f 1032/1032/1032 1033/1033/1033 1031/1031/1031
f 1034/1034/1034 1031/1031/1031 1033/1033/1033
f 1034/1034/1034 1035/1035/1035 1031/1031/1031
f 1035/1035/1035 1036/1036/1036 1031/1031/1031
f 1035/1035/1035 1037/1037/1037 1036/1036/1036
f 1037/1037/1037 1038/1038/1038 1036/1036/1036
f 1038/1038/1038 1039/1039/1039 1036/1036/1036
f 1040/1040/1040 1034/1034/1034 1033/1033/1033
f 1034/1034/1034 1040/1040/1040 1041/1041/1041
f 1040/1040/1040 1033/1033/1033 1042/1042/1042
f 1040/1040/1040 1042/1042/1042 1043/1043/1043
f 1040/1040/1040 1043/1043/1043 1044/1044/1044
f 1040/1040/1040 1044/1044/1044 1045/1045/1045
f 1048/1048/1048 1047/1047/1047 1046/1046/1046
f 1048/1048/1048 1049/1049/1049 1047/1047/1047
f 1052/1052/1052 1051/1051/1051 1050/1050/1050
f 1052/1052/1052 1053/1053/1053 1051/1051/1051
f 1056/1056/1056 1055/1055/1055 1054/1054/1054
f 1056/1056/1056 1057/1057/1057 1055/1055/1055
f 1060/1060/1060 1059/1059/1059 1058/1058/1058
f 1060/1060/1060 1061/1061/1061 1059/1059/1059
f 1064/1064/1064 1063/1063/1063 1062/1062/1062
f 1064/1064/1064 1065/1065/1065 1063/1063/1063
f 1066/1066/1066 1062/1062/1062 1063/1063/1063
f 1066/1066/1066 1067/1067/1067 1062/1062/1062
f 1067/1067/1067 1066/1066/1066 1068/1068/1068
f 1067/1067/1067 1068/1068/1068 1069/1069/1069
f 1070/1070/1070 1069/1069/1069 1068/1068/1068
f 1070/1070/1070 1071/1071/1071 1069/1069/1069
f 1074/1074/1074 1073/1073/1073 1072/1072/1072
f 1074/1074/1074 1075/1075/1075 1073/1073/1073
f 1075/1075/1075 1074/1074/1074 1076/1076/1076
f 1075/1075/1075 1076/1076/1076 1077/1077/1077
f 1078/1078/1078 1077/1077/1077 1076/1076/1076
f 1078/1078/1078 1079/1079/1079 1077/1077/1077
f 1082/1082/1082 1081/1081/1081 1080/1080/1080
f 1082/1082/1082 1083/1083/1083 1081/1081/1081
f 1084/1084/1084 1080/1080/1080 1081/1081/1081
f 1084/1084/1084 1085/1085/1085 1080/1080/1080
f 1082/1082/1082 1086/1086/1086 1083/1083/1083
f 1089/1089/1089 1088/1088/1088 1087/1087/1087
f 1089/1089/1089 1090/1090/1090 1088/1088/1088
f 1093/1093/1093 1092/1092/1092 1091/1091/1091
f 1093/1093/1093 1094/1094/1094 1092/1092/1092
f 1097/1097/1097 1096/1096/1096 1095/1095/1095
f 1097/1097/1097 1098/1098/1098 1096/1096/1096
f 1096/1096/1096 1099/1099/1099 1095/1095/1095
f 1099/1099/1099 1100/1100/1100 1095/1095/1095
f 1100/1100/1100 1101/1101/1101 1095/1095/1095
f 1101/1101/1101 1102/1102/1102 1095/1095/1095
f 1102/1102/1102 1103/1103/1103 1095/1095/1095
f 1103/1103/1103 1104/1104/1104 1095/1095/1095
f 1104/1104/1104 1105/1105/1105 1095/1095/1095
f 1096/1096/1096 1106/1106/1106 1099/1099/1099
f 1097/1097/1097 1107/1107/1107 1098/1098/1098
f 1107/1107/1107 1108/1108/1108 1098/1098/1098
f 1107/1107/1107 1109/1109/1109 1108/1108/1108
f 1097/1097/1097 1110/1110/1110 1107/1107/1107
f 1113/1113/1113 1112/1112/1112 1111/1111/1111
f 1113/1113/1113 1114/1114/1114 1112/1112/1112
f 1115/1115/1115 1112/1112/1112 1114/1114/1114
f 1115/1115/1115 1116/1116/1116 1112/1112/1112
f 1117/1117/1117 1116/1116/1116 1115/1115/1115
f 1117/1117/1117 1118/1118/1118 1116/1116/1116
f 1121/1121/1121 1120/1120/1120 1119/1119/1119
f 1121/1121/1121 1122/1122/1122 1120/1120/1120
f 1121/1121/1121 1123/1123/1123 1122/1122/1122
f 1121/1121/1121 1124/1124/1124 1123/1123/1123
f 1124/1124/1124 1125/1125/1125 1123/1123/1123
f 1124/1124/1124 1126/1126/1126 1125/1125/1125
f 1127/1127/1127 1125/1125/1125 1126/1126/1126
f 1127/1127/1127 1128/1128/1128 1125/1125/1125
f 1119/1119/1119 1120/1120/1120 1129/1129/1129
f 1119/1119/1119 1129/1129/1129 1130/1130/1130
f 1127/1127/1127 1131/1131/1131 1128/1128/1128
f 1127/1127/1127 1132/1132/1132 1131/1131/1131
f 1133/1133/1133 1131/1131/1131 1132/1132/1132
f 1133/1133/1133 1134/1134/1134 1131/1131/1131
f 1133/1133/1133 1135/1135/1135 1134/1134/1134
f 1133/1133/1133 1136/1136/1136 1135/1135/1135
f 1136/1136/1136 1137/1137/1137 1135/1135/1135
f 1136/1136/1136 1138/1138/1138 1137/1137/1137
f 1138/1138/1138 1139/1139/1139 1137/1137/1137
f 1138/1138/1138 1140/1140/1140 1139/1139/1139
f 1140/1140/1140 1141/1141/1141 1139/1139/1139
f 1129/1129/1129 1142/1142/1142 1130/1130/1130
f 1129/1129/1129 1143/1143/1143 1142/1142/1142
f 1140/1140/1140 1144/1144/1144 1141/1141/1141
f 1145/1145/1145 1141/1141/1141 1144/1144/1144
f 1145/1145/1145 1146/1146/1146 1141/1141/1141
f 1149/1149/1149 1148/1148/1148 1147/1147/1147
f 1149/1149/1149 1150/1150/1150 1148/1148/1148
f 1153/1153/1153 1152/1152/1152 1151/1151/1151
f 1156/1156/1156 1155/1155/1155 1154/1154/1154
f 1156/1156/1156 1157/1157/1157 1155/1155/1155
f 1160/1160/1160 1159/1159/1159 1158/1158/1158
f 1163/1163/1163 1162/1162/1162 1161/1161/1161
f 1163/1163/1163 1164/1164/1164 1162/1162/1162
f 1167/1167/1167 1166/1166/1166 1165/1165/1165
f 1167/1167/1167 1168/1168/1168 1166/1166/1166
f 1171/1171/1171 1170/1170/1170 1169/1169/1169
f 1171/1171/1171 1172/1172/1172 1170/1170/1170
f 1175/1175/1175 1174/1174/1174 1173/1173/1173
f 1178/1178/1178 1177/1177/1177 1176/1176/1176
f 1178/1178/1178 1179/1179/1179 1177/1177/1177
f 1182/1182/1182 1181/1181/1181 1180/1180/1180
f 1182/1182/1182 1183/1183/1183 1181/1181/1181
f 1186/1186/1186 1185/1185/1185 1184/1184/1184
f 1186/1186/1186 1187/1187/1187 1185/1185/1185
f 1190/1190/1190 1189/1189/1189 1188/1188/1188
f 1190/1190/1190 1191/1191/1191 1189/1189/1189
f 1194/1194/1194 1193/1193/1193 1192/1192/1192
f 1194/1194/1194 1195/1195/1195 1193/1193/1193
f 1196/1196/1196 1192/1192/1192 1193/1193/1193
f 1196/1196/1196 1197/1197/1197 1192/1192/1192
f 1198/1198/1198 1197/1197/1197 1196/1196/1196
f 1198/1198/1198 1199/1199/1199 1197/1197/1197
f 1198/1198/1198 1200/1200/1200 1199/1199/1199
f 1198/1198/1198 1201/1201/1201 1200/1200/1200
f 1202/1202/1202 1200/1200/1200 1201/1201/1201
f 1202/1202/1202 1203/1203/1203 1200/1200/1200
f 1202/1202/1202 1204/1204/1204 1203/1203/1203
f 1202/1202/1202 1205/1205/1205 1204/1204/1204
f 1195/1195/1195 1206/1206/1206 1193/1193/1193
f 1194/1194/1194 1192/1192/1192 1207/1207/1207
f 1210/1210/1210 1209/1209/1209 1208/1208/1208
f 1210/1210/1210 1211/1211/1211 1209/1209/1209
f 1214/1214/1214 1213/1213/1213 1212/1212/1212
f 1217/1217/1217 1216/1216/1216 1215/1215/1215
f 1217/1217/1217 1218/1218/1218 1216/1216/1216
f 1221/1221/1221 1220/1220/1220 1219/1219/1219
f 1221/1221/1221 1222/1222/1222 1220/1220/1220
f 1225/1225/1225 1224/1224/1224 1223/1223/1223
f 1225/1225/1225 1226/1226/1226 1224/1224/1224
f 1229/1229/1229 1228/1228/1228 1227/1227/1227
f 1229/1229/1229 1230/1230/1230 1228/1228/1228
f 1233/1233/1233 1232/1232/1232 1231/1231/1231
f 1233/1233/1233 1234/1234/1234 1232/1232/1232
f 1237/1237/1237 1236/1236/1236 1235/1235/1235
f 1237/1237/1237 1238/1238/1238 1236/1236/1236
f 1241/1241/1241 1240/1240/1240 1239/1239/1239
f 1244/1244/1244 1243/1243/1243 1242/1242/1242
f 1244/1244/1244 1245/1245/1245 1243/1243/1243
f 1245/1245/1245 1246/1246/1246 1243/1243/1243
f 1245/1245/1245 1247/1247/1247 1246/1246/1246
f 1247/1247/1247 1248/1248/1248 1246/1246/1246
f 1247/1247/1247 1249/1249/1249 1248/1248/1248
f 1249/1249/1249 1250/1250/1250 1248/1248/1248
f 1249/1249/1249 1251/1251/1251 1250/1250/1250
f 1251/1251/1251 1252/1252/1252 1250/1250/1250
f 1251/1251/1251 1253/1253/1253 1252/1252/1252
f 1254/1254/1254 1252/1252/1252 1253/1253/1253
f 1254/1254/1254 1255/1255/1255 1252/1252/1252
f 1255/1255/1255 1254/1254/1254 1256/1256/1256
f 1255/1255/1255 1256/1256/1256 1257/1257/1257
f 1253/1253/1253 1258/1258/1258 1254/1254/1254
f 1259/1259/1259 1254/1254/1254 1258/1258/1258
f 1259/1259/1259 1260/1260/1260 1254/1254/1254
f 1263/1263/1263 1262/1262/1262 1261/1261/1261
f 1263/1263/1263 1264/1264/1264 1262/1262/1262
f 1267/1267/1267 1266/1266/1266 1265/1265/1265
f 1267/1267/1267 1268/1268/1268 1266/1266/1266
f 1271/1271/1271 1270/1270/1270 1269/1269/1269
f 1271/1271/1271 1272/1272/1272 1270/1270/1270
f 1275/1275/1275 1274/1274/1274 1273/1273/1273
f 1275/1275/1275 1276/1276/1276 1274/1274/1274
f 1279/1279/1279 1278/1278/1278 1277/1277/1277
f 1280/1280/1280 1278/1278/1278 1279/1279/1279
f 1278/1278/1278 1281/1281/1281 1277/1277/1277
f 1278/1278/1278 1282/1282/1282 1281/1281/1281
f 1285/1285/1285 1284/1284/1284 1283/1283/1283
f 1285/1285/1285 1286/1286/1286 1284/1284/1284
f 1289/1289/1289 1288/1288/1288 1287/1287/1287
f 1289/1289/1289 1290/1290/1290 1288/1288/1288
f 1291/1291/1291 1290/1290/1290 1289/1289/1289
f 1291/1291/1291 1292/1292/1292 1290/1290/1290
f 1291/1291/1291 1293/1293/1293 1292/1292/1292
f 1291/1291/1291 1294/1294/1294 1293/1293/1293
f 1297/1297/1297 1296/1296/1296 1295/1295/1295
f 1297/1297/1297 1298/1298/1298 1296/1296/1296
f 1301/1301/1301 1300/1300/1300 1299/1299/1299
f 1301/1301/1301 1302/1302/1302 1300/1300/1300
f 1305/1305/1305 1304/1304/1304 1303/1303/1303
f 1305/1305/1305 1306/1306/1306 1304/1304/1304
f 1309/1309/1309 1308/1308/1308 1307/1307/1307
f 1309/1309/1309 1310/1310/1310 1308/1308/1308
f 1313/1313/1313 1312/1312/1312 1311/1311/1311
f 1313/1313/1313 1314/1314/1314 1312/1312/1312
f 1317/1317/1317 1316/1316/1316 1315/1315/1315
f 1317/1317/1317 1318/1318/1318 1316/1316/1316
f 1321/1321/1321 1320/1320/1320 1319/1319/1319
f 1321/1321/1321 1322/1322/1322 1320/1320/1320
f 1325/1325/1325 1324/1324/1324 1323/1323/1323
f 1325/1325/1325 1326/1326/1326 1324/1324/1324
f 1329/1329/1329 1328/1328/1328 1327/1327/1327
f 1329/1329/1329 1330/1330/1330 1328/1328/1328
f 1333/1333/1333 1332/1332/1332 1331/1331/1331
f 1333/1333/1333 1334/1334/1334 1332/1332/1332
f 1337/1337/1337 1336/1336/1336 1335/1335/1335
f 1337/1337/1337 1338/1338/1338 1336/1336/1336
f 1341/1341/1341 1340/1340/1340 1339/1339/1339
f 1341/1341/1341 1342/1342/1342 1340/1340/1340
f 1345/1345/1345 1344/1344/1344 1343/1343/1343
f 1345/1345/1345 1346/1346/1346 1344/1344/1344
f 1349/1349/1349 1348/1348/1348 1347/1347/1347
f 1349/1349/1349 1350/1350/1350 1348/1348/1348
f 1353/1353/1353 1352/1352/1352 1351/1351/1351
f 1353/1353/1353 1354/1354/1354 1352/1352/1352
f 1357/1357/1357 1356/1356/1356 1355/1355/1355
f 1357/1357/1357 1358/1358/1358 1356/1356/1356
f 1359/1359/1359 1358/1358/1358 1357/1357/1357
f 1359/1359/1359 1360/1360/1360 1358/1358/1358
f 1361/1361/1361 1360/1360/1360 1359/1359/1359
f 1361/1361/1361 1362/1362/1362 1360/1360/1360
f 1363/1363/1363 1355/1355/1355 1356/1356/1356
f 1363/1363/1363 1364/1364/1364 1355/1355/1355
f 1365/1365/1365 1364/1364/1364 1363/1363/1363
f 1365/1365/1365 1366/1366/1366 1364/1364/1364
f 1367/1367/1367 1366/1366/1366 1365/1365/1365
f 1367/1367/1367 1368/1368/1368 1366/1366/1366
f 1369/1369/1369 1368/1368/1368 1367/1367/1367
f 1369/1369/1369 1370/1370/1370 1368/1368/1368
f 1373/1373/1373 1372/1372/1372 1371/1371/1371
f 1373/1373/1373 1374/1374/1374 1372/1372/1372
f 1377/1377/1377 1376/1376/1376 1375/1375/1375
f 1377/1377/1377 1378/1378/1378 1376/1376/1376
f 1381/1381/1381 1380/1380/1380 1379/1379/1379
f 1381/1381/1381 1382/1382/1382 1380/1380/1380
f 1385/1385/1385 1384/1384/1384 1383/1383/1383
f 1385/1385/1385 1386/1386/1386 1384/1384/1384
f 1389/1389/1389 1388/1388/1388 1387/1387/1387
f 1389/1389/1389 1390/1390/1390 1388/1388/1388
f 1393/1393/1393 1392/1392/1392 1391/1391/1391
f 1393/1393/1393 1394/1394/1394 1392/1392/1392
f 1397/1397/1397 1396/1396/1396 1395/1395/1395
f 1397/1397/1397 1398/1398/1398 1396/1396/1396
f 1401/1401/1401 1400/1400/1400 1399/1399/1399
f 1401/1401/1401 1402/1402/1402 1400/1400/1400
f 1403/1403/1403 1399/1399/1399 1400/1400/1400
f 1403/1403/1403 1404/1404/1404 1399/1399/1399
f 1405/1405/1405 1404/1404/1404 1403/1403/1403
f 1405/1405/1405 1406/1406/1406 1404/1404/1404
f 1405/1405/1405 1407/1407/1407 1406/1406/1406
f 1405/1405/1405 1408/1408/1408 1407/1407/1407
f 1411/1411/1411 1410/1410/1410 1409/1409/1409
f 1411/1411/1411 1412/1412/1412 1410/1410/1410
f 1413/1413/1413 1412/1412/1412 1411/1411/1411
f 1413/1413/1413 1414/1414/1414 1412/1412/1412
f 1409/1409/1409 1410/1410/1410 1415/1415/1415
f 1409/1409/1409 1415/1415/1415 1416/1416/1416
f 1417/1417/1417 1416/1416/1416 1415/1415/1415
f 1417/1417/1417 1415/1415/1415 1418/1418/1418
f 1417/1417/1417 1418/1418/1418 1419/1419/1419
f 1417/1417/1417 1419/1419/1419 1420/1420/1420
f 1421/1421/1421 1420/1420/1420 1419/1419/1419
f 1421/1421/1421 1419/1419/1419 1422/1422/1422
f 1414/1414/1414 1413/1413/1413 1423/1423/1423
f 1414/1414/1414 1423/1423/1423 1424/1424/1424
f 1427/1427/1427 1426/1426/1426 1425/1425/1425
f 1427/1427/1427 1428/1428/1428 1426/1426/1426
f 1426/1426/1426 1429/1429/1429 1425/1425/1425
f 1432/1432/1432 1431/1431/1431 1430/1430/1430
f 1433/1433/1433 1430/1430/1430 1431/1431/1431
f 1433/1433/1433 1434/1434/1434 1430/1430/1430
f 1437/1437/1437 1436/1436/1436 1435/1435/1435
f 1437/1437/1437 1438/1438/1438 1436/1436/1436
f 1441/1441/1441 1440/1440/1440 1439/1439/1439
f 1441/1441/1441 1442/1442/1442 1440/1440/1440
f 1445/1445/1445 1444/1444/1444 1443/1443/1443
f 1445/1445/1445 1446/1446/1446 1444/1444/1444
f 1449/1449/1449 1448/1448/1448 1447/1447/1447
f 1449/1449/1449 1450/1450/1450 1448/1448/1448
f 1453/1453/1453 1452/1452/1452 1451/1451/1451
f 1453/1453/1453 1454/1454/1454 1452/1452/1452
f 1457/1457/1457 1456/1456/1456 1455/1455/1455
f 1457/1457/1457 1458/1458/1458 1456/1456/1456
f 1459/1459/1459 1458/1458/1458 1457/1457/1457
f 1459/1459/1459 1460/1460/1460 1458/1458/1458
f 1461/1461/1461 1460/1460/1460 1459/1459/1459
f 1461/1461/1461 1462/1462/1462 1460/1460/1460
f 1456/1456/1456 1463/1463/1463 1455/1455/1455
f 1456/1456/1456 1464/1464/1464 1463/1463/1463
f 1464/1464/1464 1465/1465/1465 1463/1463/1463
f 1464/1464/1464 1466/1466/1466 1465/1465/1465
f 1466/1466/1466 1467/1467/1467 1465/1465/1465
f 1466/1466/1466 1468/1468/1468 1467/1467/1467
f 1468/1468/1468 1469/1469/1469 1467/1467/1467
f 1468/1468/1468 1470/1470/1470 1469/1469/1469
f 1473/1473/1473 1472/1472/1472 1471/1471/1471
f 1473/1473/1473 1474/1474/1474 1472/1472/1472
f 1477/1477/1477 1476/1476/1476 1475/1475/1475
f 1477/1477/1477 1478/1478/1478 1476/1476/1476
f 1481/1481/1481 1480/1480/1480 1479/1479/1479
f 1481/1481/1481 1482/1482/1482 1480/1480/1480
f 1485/1485/1485 1484/1484/1484 1483/1483/1483
f 1485/1485/1485 1486/1486/1486 1484/1484/1484
f 1489/1489/1489 1488/1488/1488 1487/1487/1487
f 1489/1489/1489 1490/1490/1490 1488/1488/1488
f 1493/1493/1493 1492/1492/1492 1491/1491/1491
f 1493/1493/1493 1494/1494/1494 1492/1492/1492
f 1497/1497/1497 1496/1496/1496 1495/1495/1495
f 1497/1497/1497 1498/1498/1498 1496/1496/1496
f 1501/1501/1501 1500/1500/1500 1499/1499/1499
f 1501/1501/1501 1502/1502/1502 1500/1500/1500
f 1503/1503/1503 1502/1502/1502 1501/1501/1501
f 1503/1503/1503 1504/1504/1504 1502/1502/1502
f 1505/1505/1505 1504/1504/1504 1503/1503/1503
f 1505/1505/1505 1506/1506/1506 1504/1504/1504
f 1507/1507/1507 1506/1506/1506 1505/1505/1505
f 1507/1507/1507 1505/1505/1505 1508/1508/1508
f 1511/1511/1511 1510/1510/1510 1509/1509/1509
f 1511/1511/1511 1509/1509/1509 1512/1512/1512
f 1515/1515/1515 1514/1514/1514 1513/1513/1513
f 1515/1515/1515 1516/1516/1516 1514/1514/1514
f 1519/1519/1519 1518/1518/1518 1517/1517/1517
f 1519/1519/1519 1520/1520/1520 1518/1518/1518
f 1523/1523/1523 1522/1522/1522 1521/1521/1521
f 1523/1523/1523 1524/1524/1524 1522/1522/1522
f 1527/1527/1527 1526/1526/1526 1525/1525/1525
f 1527/1527/1527 1528/1528/1528 1526/1526/1526
f 1531/1531/1531 1530/1530/1530 1529/1529/1529
f 1531/1531/1531 1532/1532/1532 1530/1530/1530
f 1535/1535/1535 1534/1534/1534 1533/1533/1533
f 1535/1535/1535 1536/1536/1536 1534/1534/1534
f 1539/1539/1539 1538/1538/1538 1537/1537/1537
f 1539/1539/1539 1540/1540/1540 1538/1538/1538
f 1540/1540/1540 1541/1541/1541 1538/1538/1538
f 1540/1540/1540 1542/1542/1542 1541/1541/1541
f 1542/1542/1542 1543/1543/1543 1541/1541/1541
f 1542/1542/1542 1544/1544/1544 1543/1543/1543
f 1544/1544/1544 1545/1545/1545 1543/1543/1543
f 1544/1544/1544 1546/1546/1546 1545/1545/1545
f 1546/1546/1546 1547/1547/1547 1545/1545/1545
f 1546/1546/1546 1548/1548/1548 1547/1547/1547
f 1549/1549/1549 1547/1547/1547 1548/1548/1548
f 1549/1549/1549 1550/1550/1550 1547/1547/1547
f 1550/1550/1550 1549/1549/1549 1551/1551/1551
f 1550/1550/1550 1551/1551/1551 1552/1552/1552
f 1548/1548/1548 1553/1553/1553 1549/1549/1549
f 1554/1554/1554 1549/1549/1549 1553/1553/1553
f 1554/1554/1554 1555/1555/1555 1549/1549/1549
f 1558/1558/1558 1557/1557/1557 1556/1556/1556
f 1558/1558/1558 1559/1559/1559 1557/1557/1557
f 1562/1562/1562 1561/1561/1561 1560/1560/1560
f 1562/1562/1562 1563/1563/1563 1561/1561/1561
f 1566/1566/1566 1565/1565/1565 1564/1564/1564
f 1566/1566/1566 1567/1567/1567 1565/1565/1565
f 1570/1570/1570 1569/1569/1569 1568/1568/1568
f 1570/1570/1570 1571/1571/1571 1569/1569/1569
f 1574/1574/1574 1573/1573/1573 1572/1572/1572
f 1575/1575/1575 1573/1573/1573 1574/1574/1574
f 1573/1573/1573 1576/1576/1576 1572/1572/1572
f 1573/1573/1573 1577/1577/1577 1576/1576/1576
f 1580/1580/1580 1579/1579/1579 1578/1578/1578
f 1580/1580/1580 1581/1581/1581 1579/1579/1579
f 1584/1584/1584 1583/1583/1583 1582/1582/1582
f 1584/1584/1584 1585/1585/1585 1583/1583/1583
f 1586/1586/1586 1585/1585/1585 1584/1584/1584
f 1586/1586/1586 1587/1587/1587 1585/1585/1585
f 1586/1586/1586 1588/1588/1588 1587/1587/1587
f 1586/1586/1586 1589/1589/1589 1588/1588/1588
f 1592/1592/1592 1591/1591/1591 1590/1590/1590
f 1592/1592/1592 1593/1593/1593 1591/1591/1591
f 1596/1596/1596 1595/1595/1595 1594/1594/1594
f 1596/1596/1596 1597/1597/1597 1595/1595/1595
f 1600/1600/1600 1599/1599/1599 1598/1598/1598
f 1600/1600/1600 1601/1601/1601 1599/1599/1599
f 1604/1604/1604 1603/1603/1603 1602/1602/1602
f 1604/1604/1604 1605/1605/1605 1603/1603/1603
f 1608/1608/1608 1607/1607/1607 1606/1606/1606
f 1608/1608/1608 1609/1609/1609 1607/1607/1607
f 1612/1612/1612 1611/1611/1611 1610/1610/1610
f 1612/1612/1612 1613/1613/1613 1611/1611/1611
f 1616/1616/1616 1615/1615/1615 1614/1614/1614
f 1616/1616/1616 1617/1617/1617 1615/1615/1615
f 1620/1620/1620 1619/1619/1619 1618/1618/1618
f 1620/1620/1620 1621/1621/1621 1619/1619/1619
f 1624/1624/1624 1623/1623/1623 1622/1622/1622
f 1624/1624/1624 1625/1625/1625 1623/1623/1623
f 1628/1628/1628 1627/1627/1627 1626/1626/1626
f 1628/1628/1628 1629/1629/1629 1627/1627/1627
f 1632/1632/1632 1631/1631/1631 1630/1630/1630
f 1632/1632/1632 1633/1633/1633 1631/1631/1631
f 1636/1636/1636 1635/1635/1635 1634/1634/1634
f 1636/1636/1636 1637/1637/1637 1635/1635/1635
f 1640/1640/1640 1639/1639/1639 1638/1638/1638
f 1640/1640/1640 1641/1641/1641 1639/1639/1639
f 1644/1644/1644 1643/1643/1643 1642/1642/1642
f 1644/1644/1644 1645/1645/1645 1643/1643/1643
f 1648/1648/1648 1647/1647/1647 1646/1646/1646
f 1648/1648/1648 1649/1649/1649 1647/1647/1647
f 1652/1652/1652 1651/1651/1651 1650/1650/1650
f 1652/1652/1652 1653/1653/1653 1651/1651/1651
f 1654/1654/1654 1653/1653/1653 1652/1652/1652
f 1654/1654/1654 1655/1655/1655 1653/1653/1653
f 1656/1656/1656 1655/1655/1655 1654/1654/1654
f 1656/1656/1656 1657/1657/1657 1655/1655/1655
f 1658/1658/1658 1650/1650/1650 1651/1651/1651
f 1658/1658/1658 1659/1659/1659 1650/1650/1650
f 1660/1660/1660 1659/1659/1659 1658/1658/1658
f 1660/1660/1660 1661/1661/1661 1659/1659/1659
f 1662/1662/1662 1661/1661/1661 1660/1660/1660
f 1662/1662/1662 1663/1663/1663 1661/1661/1661
f 1664/1664/1664 1663/1663/1663 1662/1662/1662
f 1664/1664/1664 1665/1665/1665 1663/1663/1663
f 1668/1668/1668 1667/1667/1667 1666/1666/1666
f 1668/1668/1668 1669/1669/1669 1667/1667/1667
f 1672/1672/1672 1671/1671/1671 1670/1670/1670
f 1672/1672/1672 1673/1673/1673 1671/1671/1671
f 1676/1676/1676 1675/1675/1675 1674/1674/1674
f 1676/1676/1676 1677/1677/1677 1675/1675/1675
f 1680/1680/1680 1679/1679/1679 1678/1678/1678
f 1680/1680/1680 1681/1681/1681 1679/1679/1679
f 1684/1684/1684 1683/1683/1683 1682/1682/1682
f 1684/1684/1684 1685/1685/1685 1683/1683/1683
f 1688/1688/1688 1687/1687/1687 1686/1686/1686
f 1688/1688/1688 1689/1689/1689 1687/1687/1687
f 1692/1692/1692 1691/1691/1691 1690/1690/1690
f 1692/1692/1692 1693/1693/1693 1691/1691/1691
f 1696/1696/1696 1695/1695/1695 1694/1694/1694
f 1696/1696/1696 1697/1697/1697 1695/1695/1695
f 1698/1698/1698 1694/1694/1694 1695/1695/1695
f 1698/1698/1698 1699/1699/1699 1694/1694/1694
f 1700/1700/1700 1699/1699/1699 1698/1698/1698
f 1700/1700/1700 1701/1701/1701 1699/1699/1699
f 1700/1700/1700 1702/1702/1702 1701/1701/1701
f 1700/1700/1700 1703/1703/1703 1702/1702/1702
f 1706/1706/1706 1705/1705/1705 1704/1704/1704
f 1706/1706/1706 1707/1707/1707 1705/1705/1705
f 1708/1708/1708 1707/1707/1707 1706/1706/1706
f 1708/1708/1708 1709/1709/1709 1707/1707/1707
f 1704/1704/1704 1705/1705/1705 1710/1710/1710
f 1704/1704/1704 1710/1710/1710 1711/1711/1711
f 1712/1712/1712 1711/1711/1711 1710/1710/1710
f 1712/1712/1712 1710/1710/1710 1713/1713/1713
f 1712/1712/1712 1713/1713/1713 1714/1714/1714
f 1712/1712/1712 1714/1714/1714 1715/1715/1715
f 1716/1716/1716 1715/1715/1715 1714/1714/1714
f 1716/1716/1716 1714/1714/1714 1717/1717/1717
f 1709/1709/1709 1708/1708/1708 1718/1718/1718
f 1709/1709/1709 1718/1718/1718 1719/1719/1719
f 1722/1722/1722 1721/1721/1721 1720/1720/1720
f 1722/1722/1722 1723/1723/1723 1721/1721/1721
f 1721/1721/1721 1724/1724/1724 1720/1720/1720
f 1727/1727/1727 1726/1726/1726 1725/1725/1725
f 1728/1728/1728 1725/1725/1725 1726/1726/1726
f 1728/1728/1728 1729/1729/1729 1725/1725/1725
f 1732/1732/1732 1731/1731/1731 1730/1730/1730
f 1732/1732/1732 1733/1733/1733 1731/1731/1731
f 1736/1736/1736 1735/1735/1735 1734/1734/1734
f 1736/1736/1736 1737/1737/1737 1735/1735/1735
f 1740/1740/1740 1739/1739/1739 1738/1738/1738
f 1740/1740/1740 1741/1741/1741 1739/1739/1739
f 1744/1744/1744 1743/1743/1743 1742/1742/1742
f 1744/1744/1744 1745/1745/1745 1743/1743/1743
f 1748/1748/1748 1747/1747/1747 1746/1746/1746
f 1748/1748/1748 1749/1749/1749 1747/1747/1747
f 1752/1752/1752 1751/1751/1751 1750/1750/1750
f 1752/1752/1752 1753/1753/1753 1751/1751/1751
f 1754/1754/1754 1753/1753/1753 1752/1752/1752
f 1754/1754/1754 1755/1755/1755 1753/1753/1753
f 1756/1756/1756 1755/1755/1755 1754/1754/1754
f 1756/1756/1756 1757/1757/1757 1755/1755/1755
f 1751/1751/1751 1758/1758/1758 1750/1750/1750
f 1751/1751/1751 1759/1759/1759 1758/1758/1758
f 1759/1759/1759 1760/1760/1760 1758/1758/1758
f 1759/1759/1759 1761/1761/1761 1760/1760/1760
f 1761/1761/1761 1762/1762/1762 1760/1760/1760
f 1761/1761/1761 1763/1763/1763 1762/1762/1762
f 1763/1763/1763 1764/1764/1764 1762/1762/1762
f 1763/1763/1763 1765/1765/1765 1764/1764/1764
f 1768/1768/1768 1767/1767/1767 1766/1766/1766
f 1768/1768/1768 1769/1769/1769 1767/1767/1767
f 1772/1772/1772 1771/1771/1771 1770/1770/1770
f 1772/1772/1772 1773/1773/1773 1771/1771/1771
f 1776/1776/1776 1775/1775/1775 1774/1774/1774
f 1776/1776/1776 1777/1777/1777 1775/1775/1775
f 1780/1780/1780 1779/1779/1779 1778/1778/1778
f 1780/1780/1780 1781/1781/1781 1779/1779/1779
f 1784/1784/1784 1783/1783/1783 1782/1782/1782
f 1784/1784/1784 1785/1785/1785 1783/1783/1783
f 1788/1788/1788 1787/1787/1787 1786/1786/1786
f 1788/1788/1788 1789/1789/1789 1787/1787/1787
f 1792/1792/1792 1791/1791/1791 1790/1790/1790
f 1792/1792/1792 1793/1793/1793 1791/1791/1791
f 1796/1796/1796 1795/1795/1795 1794/1794/1794
f 1796/1796/1796 1797/1797/1797 1795/1795/1795
f 1798/1798/1798 1797/1797/1797 1796/1796/1796
f 1798/1798/1798 1799/1799/1799 1797/1797/1797
f 1800/1800/1800 1799/1799/1799 1798/1798/1798
f 1800/1800/1800 1801/1801/1801 1799/1799/1799
f 1802/1802/1802 1801/1801/1801 1800/1800/1800
f 1802/1802/1802 1800/1800/1800 1803/1803/1803
f 1806/1806/1806 1805/1805/1805 1804/1804/1804
f 1806/1806/1806 1804/1804/1804 1807/1807/1807
f 1810/1810/1810 1809/1809/1809 1808/1808/1808
f 1810/1810/1810 1811/1811/1811 1809/1809/1809
f 1814/1814/1814 1813/1813/1813 1812/1812/1812
f 1814/1814/1814 1815/1815/1815 1813/1813/1813
f 1818/1818/1818 1817/1817/1817 1816/1816/1816
f 1818/1818/1818 1819/1819/1819 1817/1817/1817
f 1822/1822/1822 1821/1821/1821 1820/1820/1820
f 1822/1822/1822 1823/1823/1823 1821/1821/1821
f 1826/1826/1826 1825/1825/1825 1824/1824/1824
f 1826/1826/1826 1827/1827/1827 1825/1825/1825
f 1830/1830/1830 1829/1829/1829 1828/1828/1828
f 1830/1830/1830 1831/1831/1831 1829/1829/1829
f 1834/1834/1834 1833/1833/1833 1832/1832/1832
f 1834/1834/1834 1835/1835/1835 1833/1833/1833
f 1832/1832/1832 1833/1833/1833 1836/1836/1836
f 1832/1832/1832 1836/1836/1836 1837/1837/1837
f 1840/1840/1840 1839/1839/1839 1838/1838/1838
f 1840/1840/1840 1841/1841/1841 1839/1839/1839
f 1838/1838/1838 1839/1839/1839 1842/1842/1842
f 1838/1838/1838 1842/1842/1842 1843/1843/1843
f 1839/1839/1839 1844/1844/1844 1842/1842/1842
f 1847/1847/1847 1846/1846/1846 1845/1845/1845
f 1847/1847/1847 1848/1848/1848 1846/1846/1846
f 1848/1848/1848 1849/1849/1849 1846/1846/1846
f 1848/1848/1848 1850/1850/1850 1849/1849/1849
f 1850/1850/1850 1851/1851/1851 1849/1849/1849
f 1850/1850/1850 1852/1852/1852 1851/1851/1851
f 1852/1852/1852 1853/1853/1853 1851/1851/1851
f 1852/1852/1852 1854/1854/1854 1853/1853/1853
f 1854/1854/1854 1855/1855/1855 1853/1853/1853
f 1854/1854/1854 1856/1856/1856 1855/1855/1855
f 1856/1856/1856 1857/1857/1857 1855/1855/1855
f 1856/1856/1856 1858/1858/1858 1857/1857/1857
f 1858/1858/1858 1859/1859/1859 1857/1857/1857
f 1858/1858/1858 1860/1860/1860 1859/1859/1859
f 1845/1845/1845 1846/1846/1846 1861/1861/1861
f 1845/1845/1845 1861/1861/1861 1862/1862/1862
f 1851/1851/1851 1853/1853/1853 1863/1863/1863
f 1851/1851/1851 1863/1863/1863 1864/1864/1864
f 1853/1853/1853 1865/1865/1865 1863/1863/1863
f 1853/1853/1853 1866/1866/1866 1865/1865/1865
f 1853/1853/1853 1855/1855/1855 1866/1866/1866
f 1855/1855/1855 1867/1867/1867 1866/1866/1866
f 1857/1857/1857 1859/1859/1859 1868/1868/1868
f 1857/1857/1857 1868/1868/1868 1869/1869/1869
f 1855/1855/1855 1870/1870/1870 1867/1867/1867
f 1855/1855/1855 1857/1857/1857 1870/1870/1870
f 1857/1857/1857 1869/1869/1869 1870/1870/1870
f 1846/1846/1846 1871/1871/1871 1861/1861/1861
f 1846/1846/1846 1849/1849/1849 1871/1871/1871
f 1849/1849/1849 1872/1872/1872 1871/1871/1871
f 1849/1849/1849 1873/1873/1873 1872/1872/1872
f 1849/1849/1849 1851/1851/1851 1873/1873/1873
f 1851/1851/1851 1864/1864/1864 1873/1873/1873
f 1876/1876/1876 1875/1875/1875 1874/1874/1874
f 1876/1876/1876 1877/1877/1877 1875/1875/1875
f 1877/1877/1877 1878/1878/1878 1875/1875/1875
f 1878/1878/1878 1879/1879/1879 1875/1875/1875
f 1878/1878/1878 1880/1880/1880 1879/1879/1879
f 1881/1881/1881 1876/1876/1876 1874/1874/1874
f 1882/1882/1882 1881/1881/1881 1874/1874/1874
f 1882/1882/1882 1874/1874/1874 1883/1883/1883
f 1884/1884/1884 1882/1882/1882 1883/1883/1883
f 1885/1885/1885 1884/1884/1884 1883/1883/1883
f 1885/1885/1885 1883/1883/1883 1886/1886/1886
f 1887/1887/1887 1885/1885/1885 1886/1886/1886
f 1888/1888/1888 1887/1887/1887 1886/1886/1886
f 1888/1888/1888 1886/1886/1886 1889/1889/1889
f 1890/1890/1890 1888/1888/1888 1889/1889/1889
f 1891/1891/1891 1890/1890/1890 1889/1889/1889
f 1891/1891/1891 1889/1889/1889 1892/1892/1892
f 1893/1893/1893 1891/1891/1891 1892/1892/1892
f 1894/1894/1894 1893/1893/1893 1892/1892/1892
f 1894/1894/1894 1892/1892/1892 1895/1895/1895
f 1896/1896/1896 1894/1894/1894 1895/1895/1895
f 1897/1897/1897 1896/1896/1896 1895/1895/1895
f 1897/1897/1897 1895/1895/1895 1898/1898/1898
f 1899/1899/1899 1897/1897/1897 1898/1898/1898
f 1900/1900/1900 1899/1899/1899 1898/1898/1898
f 1900/1900/1900 1898/1898/1898 1901/1901/1901
f 1902/1902/1902 1900/1900/1900 1901/1901/1901
f 1905/1905/1905 1904/1904/1904 1903/1903/1903
f 1905/1905/1905 1906/1906/1906 1904/1904/1904
f 1907/1907/1907 1905/1905/1905 1903/1903/1903
f 1907/1907/1907 1903/1903/1903 1908/1908/1908
f 1909/1909/1909 1907/1907/1907 1908/1908/1908
f 1909/1909/1909 1908/1908/1908 1910/1910/1910
f 1911/1911/1911 1909/1909/1909 1910/1910/1910
f 1911/1911/1911 1910/1910/1910 1912/1912/1912
f 1913/1913/1913 1911/1911/1911 1912/1912/1912
f 1913/1913/1913 1912/1912/1912 1914/1914/1914
f 1915/1915/1915 1913/1913/1913 1914/1914/1914
f 1915/1915/1915 1914/1914/1914 1916/1916/1916
f 1917/1917/1917 1915/1915/1915 1916/1916/1916
f 1917/1917/1917 1916/1916/1916 1918/1918/1918
f 1919/1919/1919 1917/1917/1917 1918/1918/1918
f 1919/1919/1919 1918/1918/1918 1920/1920/1920
f 1921/1921/1921 1919/1919/1919 1920/1920/1920
f 1921/1921/1921 1920/1920/1920 1922/1922/1922
f 1925/1925/1925 1924/1924/1924 1923/1923/1923
f 1925/1925/1925 1926/1926/1926 1924/1924/1924
f 1929/1929/1929 1928/1928/1928 1927/1927/1927
f 1929/1929/1929 1930/1930/1930 1928/1928/1928
f 1933/1933/1933 1932/1932/1932 1931/1931/1931
f 1933/1933/1933 1934/1934/1934 1932/1932/1932
f 1937/1937/1937 1936/1936/1936 1935/1935/1935
f 1937/1937/1937 1938/1938/1938 1936/1936/1936
f 1941/1941/1941 1940/1940/1940 1939/1939/1939
f 1941/1941/1941 1942/1942/1942 1940/1940/1940
f 1945/1945/1945 1944/1944/1944 1943/1943/1943
f 1945/1945/1945 1946/1946/1946 1944/1944/1944
f 1949/1949/1949 1948/1948/1948 1947/1947/1947
f 1949/1949/1949 1950/1950/1950 1948/1948/1948
f 1953/1953/1953 1952/1952/1952 1951/1951/1951
f 1953/1953/1953 1954/1954/1954 1952/1952/1952
f 1957/1957/1957 1956/1956/1956 1955/1955/1955
f 1957/1957/1957 1958/1958/1958 1956/1956/1956
f 1961/1961/1961 1960/1960/1960 1959/1959/1959
f 1961/1961/1961 1962/1962/1962 1960/1960/1960
f 1965/1965/1965 1964/1964/1964 1963/1963/1963
f 1965/1965/1965 1966/1966/1966 1964/1964/1964
f 1969/1969/1969 1968/1968/1968 1967/1967/1967
f 1969/1969/1969 1970/1970/1970 1968/1968/1968
f 1973/1973/1973 1972/1972/1972 1971/1971/1971
f 1973/1973/1973 1974/1974/1974 1972/1972/1972
f 1977/1977/1977 1976/1976/1976 1975/1975/1975
f 1980/1980/1980 1979/1979/1979 1978/1978/1978
f 1980/1980/1980 1981/1981/1981 1979/1979/1979
f 1984/1984/1984 1983/1983/1983 1982/1982/1982
f 1987/1987/1987 1986/1986/1986 1985/1985/1985
f 1987/1987/1987 1988/1988/1988 1986/1986/1986
f 1991/1991/1991 1990/1990/1990 1989/1989/1989
f 1991/1991/1991 1992/1992/1992 1990/1990/1990
f 1995/1995/1995 1994/1994/1994 1993/1993/1993
f 1995/1995/1995 1996/1996/1996 1994/1994/1994
f 1999/1999/1999 1998/1998/1998 1997/1997/1997
f 1999/1999/1999 2000/2000/2000 1998/1998/1998
f 2003/2003/2003 2002/2002/2002 2001/2001/2001
f 2003/2003/2003 2004/2004/2004 2002/2002/2002
f 2007/2007/2007 2006/2006/2006 2005/2005/2005
f 2007/2007/2007 2008/2008/2008 2006/2006/2006
f 2011/2011/2011 2010/2010/2010 2009/2009/2009
f 2011/2011/2011 2012/2012/2012 2010/2010/2010
f 2015/2015/2015 2014/2014/2014 2013/2013/2013
f 2015/2015/2015 2016/2016/2016 2014/2014/2014
f 2019/2019/2019 2018/2018/2018 2017/2017/2017
f 2019/2019/2019 2020/2020/2020 2018/2018/2018
f 2023/2023/2023 2022/2022/2022 2021/2021/2021
f 2023/2023/2023 2024/2024/2024 2022/2022/2022
f 2027/2027/2027 2026/2026/2026 2025/2025/2025
f 2027/2027/2027 2028/2028/2028 2026/2026/2026
f 2031/2031/2031 2030/2030/2030 2029/2029/2029
f 2031/2031/2031 2032/2032/2032 2030/2030/2030
f 2035/2035/2035 2034/2034/2034 2033/2033/2033
f 2038/2038/2038 2037/2037/2037 2036/2036/2036
f 2038/2038/2038 2039/2039/2039 2037/2037/2037
f 2042/2042/2042 2041/2041/2041 2040/2040/2040
f 2045/2045/2045 2044/2044/2044 2043/2043/2043
f 2045/2045/2045 2046/2046/2046 2044/2044/2044
f 2049/2049/2049 2048/2048/2048 2047/2047/2047
f 2049/2049/2049 2050/2050/2050 2048/2048/2048
f 2053/2053/2053 2052/2052/2052 2051/2051/2051
f 2053/2053/2053 2054/2054/2054 2052/2052/2052
f 2057/2057/2057 2056/2056/2056 2055/2055/2055
f 2057/2057/2057 2058/2058/2058 2056/2056/2056
f 2061/2061/2061 2060/2060/2060 2059/2059/2059
f 2061/2061/2061 2062/2062/2062 2060/2060/2060
f 2065/2065/2065 2064/2064/2064 2063/2063/2063
f 2065/2065/2065 2066/2066/2066 2064/2064/2064
f 2069/2069/2069 2068/2068/2068 2067/2067/2067
f 2069/2069/2069 2070/2070/2070 2068/2068/2068
f 2073/2073/2073 2072/2072/2072 2071/2071/2071
f 2073/2073/2073 2074/2074/2074 2072/2072/2072
f 2077/2077/2077 2076/2076/2076 2075/2075/2075
f 2077/2077/2077 2078/2078/2078 2076/2076/2076
f 2081/2081/2081 2080/2080/2080 2079/2079/2079
f 2081/2081/2081 2082/2082/2082 2080/2080/2080
f 2085/2085/2085 2084/2084/2084 2083/2083/2083
f 2088/2088/2088 2087/2087/2087 2086/2086/2086
f 2088/2088/2088 2089/2089/2089 2087/2087/2087
f 2092/2092/2092 2091/2091/2091 2090/2090/2090
f 2095/2095/2095 2094/2094/2094 2093/2093/2093
f 2095/2095/2095 2096/2096/2096 2094/2094/2094
f 2099/2099/2099 2098/2098/2098 2097/2097/2097
f 2099/2099/2099 2100/2100/2100 2098/2098/2098
f 2103/2103/2103 2102/2102/2102 2101/2101/2101
f 2103/2103/2103 2104/2104/2104 2102/2102/2102
f 2107/2107/2107 2106/2106/2106 2105/2105/2105
f 2107/2107/2107 2108/2108/2108 2106/2106/2106
f 2111/2111/2111 2110/2110/2110 2109/2109/2109
f 2111/2111/2111 2112/2112/2112 2110/2110/2110
f 2115/2115/2115 2114/2114/2114 2113/2113/2113
f 2115/2115/2115 2116/2116/2116 2114/2114/2114
f 2119/2119/2119 2118/2118/2118 2117/2117/2117
f 2119/2119/2119 2120/2120/2120 2118/2118/2118
f 2123/2123/2123 2122/2122/2122 2121/2121/2121
f 2123/2123/2123 2124/2124/2124 2122/2122/2122
f 2127/2127/2127 2126/2126/2126 2125/2125/2125
f 2127/2127/2127 2128/2128/2128 2126/2126/2126
f 2131/2131/2131 2130/2130/2130 2129/2129/2129
f 2131/2131/2131 2132/2132/2132 2130/2130/2130
f 2135/2135/2135 2134/2134/2134 2133/2133/2133
f 2135/2135/2135 2136/2136/2136 2134/2134/2134
f 2139/2139/2139 2138/2138/2138 2137/2137/2137
f 2139/2139/2139 2140/2140/2140 2138/2138/2138
f 2143/2143/2143 2142/2142/2142 2141/2141/2141
f 2143/2143/2143 2144/2144/2144 2142/2142/2142
f 2147/2147/2147 2146/2146/2146 2145/2145/2145
f 2147/2147/2147 2148/2148/2148 2146/2146/2146
f 2149/2149/2149 2147/2147/2147 2145/2145/2145
f 2149/2149/2149 2145/2145/2145 2150/2150/2150
f 2151/2151/2151 2149/2149/2149 2150/2150/2150
f 2151/2151/2151 2150/2150/2150 2152/2152/2152
f 2153/2153/2153 2151/2151/2151 2152/2152/2152
f 2153/2153/2153 2152/2152/2152 2154/2154/2154
f 2148/2148/2148 2155/2155/2155 2146/2146/2146
f 2148/2148/2148 2156/2156/2156 2155/2155/2155
f 2156/2156/2156 2157/2157/2157 2155/2155/2155
f 2156/2156/2156 2158/2158/2158 2157/2157/2157
f 2158/2158/2158 2159/2159/2159 2157/2157/2157
f 2158/2158/2158 2160/2160/2160 2159/2159/2159
f 2160/2160/2160 2161/2161/2161 2159/2159/2159
f 2160/2160/2160 2162/2162/2162 2161/2161/2161
f 2162/2162/2162 2163/2163/2163 2161/2161/2161
f 2162/2162/2162 2164/2164/2164 2163/2163/2163
f 2167/2167/2167 2166/2166/2166 2165/2165/2165
f 2167/2167/2167 2168/2168/2168 2166/2166/2166
f 2169/2169/2169 2166/2166/2166 2168/2168/2168
f 2169/2169/2169 2170/2170/2170 2166/2166/2166
f 2169/2169/2169 2171/2171/2171 2170/2170/2170
f 2169/2169/2169 2172/2172/2172 2171/2171/2171
f 2173/2173/2173 2167/2167/2167 2165/2165/2165
f 2173/2173/2173 2165/2165/2165 2174/2174/2174
f 2175/2175/2175 2173/2173/2173 2174/2174/2174
f 2175/2175/2175 2174/2174/2174 2176/2176/2176
f 2177/2177/2177 2175/2175/2175 2176/2176/2176
f 2177/2177/2177 2176/2176/2176 2178/2178/2178
f 2177/2177/2177 2178/2178/2178 2179/2179/2179
f 2177/2177/2177 2179/2179/2179 2180/2180/2180
f 2181/2181/2181 2180/2180/2180 2179/2179/2179
f 2181/2181/2181 2179/2179/2179 2182/2182/2182
f 2183/2183/2183 2181/2181/2181 2182/2182/2182
f 2183/2183/2183 2182/2182/2182 2184/2184/2184
f 2185/2185/2185 2183/2183/2183 2184/2184/2184
f 2185/2185/2185 2184/2184/2184 2186/2186/2186
f 2187/2187/2187 2185/2185/2185 2186/2186/2186
f 2187/2187/2187 2186/2186/2186 2188/2188/2188
f 2189/2189/2189 2187/2187/2187 2188/2188/2188
f 2189/2189/2189 2188/2188/2188 2190/2190/2190
f 2193/2193/2193 2192/2192/2192 2191/2191/2191
f 2193/2193/2193 2194/2194/2194 2192/2192/2192
f 2193/2193/2193 2191/2191/2191 2195/2195/2195
f 2193/2193/2193 2195/2195/2195 2196/2196/2196
f 2197/2197/2197 2196/2196/2196 2195/2195/2195
f 2197/2197/2197 2195/2195/2195 2198/2198/2198
f 2197/2197/2197 2198/2198/2198 2199/2199/2199
f 2197/2197/2197 2199/2199/2199 2200/2200/2200
f 2200/2200/2200 2199/2199/2199 2201/2201/2201
f 2200/2200/2200 2201/2201/2201 2202/2202/2202
f 2202/2202/2202 2201/2201/2201 2203/2203/2203
f 2202/2202/2202 2203/2203/2203 2204/2204/2204
f 2204/2204/2204 2203/2203/2203 2205/2205/2205
f 2204/2204/2204 2205/2205/2205 2206/2206/2206
f 2206/2206/2206 2205/2205/2205 2207/2207/2207
f 2206/2206/2206 2207/2207/2207 2208/2208/2208
f 2208/2208/2208 2207/2207/2207 2209/2209/2209
f 2208/2208/2208 2209/2209/2209 2210/2210/2210
f 2213/2213/2213 2212/2212/2212 2211/2211/2211
f 2213/2213/2213 2214/2214/2214 2212/2212/2212
f 2215/2215/2215 2213/2213/2213 2211/2211/2211
f 2215/2215/2215 2211/2211/2211 2216/2216/2216
f 2217/2217/2217 2215/2215/2215 2216/2216/2216
f 2217/2217/2217 2216/2216/2216 2218/2218/2218
f 2219/2219/2219 2217/2217/2217 2218/2218/2218
f 2219/2219/2219 2218/2218/2218 2220/2220/2220
f 2221/2221/2221 2219/2219/2219 2220/2220/2220
f 2221/2221/2221 2220/2220/2220 2222/2222/2222
f 2223/2223/2223 2221/2221/2221 2222/2222/2222
f 2223/2223/2223 2222/2222/2222 2224/2224/2224
f 2225/2225/2225 2223/2223/2223 2224/2224/2224
f 2225/2225/2225 2224/2224/2224 2226/2226/2226
f 2227/2227/2227 2225/2225/2225 2226/2226/2226
f 2227/2227/2227 2226/2226/2226 2228/2228/2228
f 2229/2229/2229 2227/2227/2227 2228/2228/2228
f 2229/2229/2229 2228/2228/2228 2230/2230/2230
f 2231/2231/2231 2229/2229/2229 2230/2230/2230
f 2231/2231/2231 2230/2230/2230 2232/2232/2232
f 2233/2233/2233 2231/2231/2231 2232/2232/2232
f 2233/2233/2233 2232/2232/2232 2234/2234/2234
f 2214/2214/2214 2233/2233/2233 2234/2234/2234
f 2214/2214/2214 2234/2234/2234 2212/2212/2212
f 2237/2237/2237 2236/2236/2236 2235/2235/2235
f 2237/2237/2237 2238/2238/2238 2236/2236/2236
f 2241/2241/2241 2240/2240/2240 2239/2239/2239
f 2241/2241/2241 2242/2242/2242 2240/2240/2240
f 2245/2245/2245 2244/2244/2244 2243/2243/2243
f 2245/2245/2245 2246/2246/2246 2244/2244/2244
f 2249/2249/2249 2248/2248/2248 2247/2247/2247
f 2249/2249/2249 2250/2250/2250 2248/2248/2248
f 2253/2253/2253 2252/2252/2252 2251/2251/2251
f 2253/2253/2253 2254/2254/2254 2252/2252/2252
f 2257/2257/2257 2256/2256/2256 2255/2255/2255
f 2257/2257/2257 2258/2258/2258 2256/2256/2256
f 2261/2261/2261 2260/2260/2260 2259/2259/2259
f 2261/2261/2261 2259/2259/2259 2262/2262/2262
f 2263/2263/2263 2260/2260/2260 2261/2261/2261
f 2261/2261/2261 2264/2264/2264 2263/2263/2263
f 2261/2261/2261 2265/2265/2265 2264/2264/2264
f 2260/2260/2260 2266/2266/2266 2259/2259/2259
f 2260/2260/2260 2267/2267/2267 2266/2266/2266
f 2263/2263/2263 2267/2267/2267 2260/2260/2260
f 2259/2259/2259 2268/2268/2268 2262/2262/2262
f 2259/2259/2259 2266/2266/2266 2268/2268/2268
f 2265/2265/2265 2269/2269/2269 2264/2264/2264
f 2265/2265/2265 2270/2270/2270 2269/2269/2269
f 2264/2264/2264 2271/2271/2271 2263/2263/2263
f 2264/2264/2264 2269/2269/2269 2271/2271/2271
f 2263/2263/2263 2271/2271/2271 2267/2267/2267
f 2274/2274/2274 2273/2273/2273 2272/2272/2272
f 2275/2275/2275 2274/2274/2274 2272/2272/2272
f 2275/2275/2275 2272/2272/2272 2276/2276/2276
f 2275/2275/2275 2276/2276/2276 2277/2277/2277
f 2278/2278/2278 2277/2277/2277 2276/2276/2276
f 2278/2278/2278 2279/2279/2279 2277/2277/2277
f 2279/2279/2279 2280/2280/2280 2277/2277/2277
f 2279/2279/2279 2281/2281/2281 2280/2280/2280
f 2282/2282/2282 2277/2277/2277 2280/2280/2280
f 2282/2282/2282 2275/2275/2275 2277/2277/2277
f 2282/2282/2282 2283/2283/2283 2275/2275/2275
f 2282/2282/2282 2284/2284/2284 2283/2283/2283
f 2283/2283/2283 2285/2285/2285 2275/2275/2275
f 2275/2275/2275 2285/2285/2285 2274/2274/2274
f 2286/2286/2286 2284/2284/2284 2282/2282/2282
f 2287/2287/2287 2286/2286/2286 2282/2282/2282
f 2287/2287/2287 2282/2282/2282 2280/2280/2280
f 2287/2287/2287 2288/2288/2288 2286/2286/2286
f 2281/2281/2281 2289/2289/2289 2280/2280/2280
f 2287/2287/2287 2280/2280/2280 2289/2289/2289
f 2281/2281/2281 2290/2290/2290 2289/2289/2289
f 2291/2291/2291 2288/2288/2288 2287/2287/2287
f 2290/2290/2290 2292/2292/2292 2289/2289/2289
f 2290/2290/2290 2293/2293/2293 2292/2292/2292
f 2294/2294/2294 2289/2289/2289 2292/2292/2292
f 2294/2294/2294 2287/2287/2287 2289/2289/2289
f 2293/2293/2293 2295/2295/2295 2292/2292/2292
f 2293/2293/2293 2296/2296/2296 2295/2295/2295
f 2296/2296/2296 2297/2297/2297 2295/2295/2295
f 2296/2296/2296 2298/2298/2298 2297/2297/2297
f 2299/2299/2299 2295/2295/2295 2297/2297/2297
f 2299/2299/2299 2300/2300/2300 2295/2295/2295
f 2300/2300/2300 2292/2292/2292 2295/2295/2295
f 2300/2300/2300 2294/2294/2294 2292/2292/2292
f 2299/2299/2299 2301/2301/2301 2300/2300/2300
f 2299/2299/2299 2302/2302/2302 2301/2301/2301
f 2300/2300/2300 2303/2303/2303 2294/2294/2294
f 2300/2300/2300 2304/2304/2304 2303/2303/2303
f 2300/2300/2300 2301/2301/2301 2304/2304/2304
f 2305/2305/2305 2294/2294/2294 2303/2303/2303
f 2305/2305/2305 2287/2287/2287 2294/2294/2294
f 2305/2305/2305 2291/2291/2291 2287/2287/2287
f 2308/2308/2308 2307/2307/2307 2306/2306/2306
f 2308/2308/2308 2309/2309/2309 2307/2307/2307
f 2308/2308/2308 2310/2310/2310 2309/2309/2309
f 2306/2306/2306 2307/2307/2307 2311/2311/2311
f 2306/2306/2306 2311/2311/2311 2312/2312/2312
f 2313/2313/2313 2312/2312/2312 2311/2311/2311
f 2313/2313/2313 2314/2314/2314 2312/2312/2312
f 2317/2317/2317 2316/2316/2316 2315/2315/2315
f 2317/2317/2317 2318/2318/2318 2316/2316/2316
f 2319/2319/2319 2316/2316/2316 2318/2318/2318
f 2319/2319/2319 2320/2320/2320 2316/2316/2316
f 2319/2319/2319 2321/2321/2321 2320/2320/2320
f 2319/2319/2319 2322/2322/2322 2321/2321/2321
f 2323/2323/2323 2321/2321/2321 2322/2322/2322
f 2323/2323/2323 2324/2324/2324 2321/2321/2321
f 2323/2323/2323 2325/2325/2325 2324/2324/2324
f 2323/2323/2323 2326/2326/2326 2325/2325/2325
f 2329/2329/2329 2328/2328/2328 2327/2327/2327
f 2329/2329/2329 2330/2330/2330 2328/2328/2328
f 2331/2331/2331 2330/2330/2330 2329/2329/2329
f 2331/2331/2331 2332/2332/2332 2330/2330/2330
f 2333/2333/2333 2332/2332/2332 2331/2331/2331
f 2333/2333/2333 2334/2334/2334 2332/2332/2332
f 2335/2335/2335 2334/2334/2334 2333/2333/2333
f 2335/2335/2335 2336/2336/2336 2334/2334/2334
f 2337/2337/2337 2336/2336/2336 2335/2335/2335
f 2337/2337/2337 2338/2338/2338 2336/2336/2336
f 2341/2341/2341 2340/2340/2340 2339/2339/2339
f 2339/2339/2339 2342/2342/2342 2341/2341/2341
f 2345/2345/2345 2344/2344/2344 2343/2343/2343
f 2343/2343/2343 2346/2346/2346 2345/2345/2345
f 2349/2349/2349 2348/2348/2348 2347/2347/2347
f 2347/2347/2347 2350/2350/2350 2349/2349/2349
f 2353/2353/2353 2352/2352/2352 2351/2351/2351
f 2351/2351/2351 2354/2354/2354 2353/2353/2353
f 2357/2357/2357 2356/2356/2356 2355/2355/2355
f 2355/2355/2355 2358/2358/2358 2357/2357/2357
f 2361/2361/2361 2360/2360/2360 2359/2359/2359
f 2359/2359/2359 2362/2362/2362 2361/2361/2361
f 2365/2365/2365 2364/2364/2364 2363/2363/2363
f 2363/2363/2363 2366/2366/2366 2365/2365/2365
f 2369/2369/2369 2368/2368/2368 2367/2367/2367
f 2367/2367/2367 2370/2370/2370 2369/2369/2369
f 2373/2373/2373 2372/2372/2372 2371/2371/2371
f 2371/2371/2371 2374/2374/2374 2373/2373/2373
f 2377/2377/2377 2376/2376/2376 2375/2375/2375
f 2375/2375/2375 2378/2378/2378 2377/2377/2377
f 2381/2381/2381 2380/2380/2380 2379/2379/2379
f 2379/2379/2379 2382/2382/2382 2381/2381/2381
f 2385/2385/2385 2384/2384/2384 2383/2383/2383
f 2383/2383/2383 2386/2386/2386 2385/2385/2385
f 2389/2389/2389 2388/2388/2388 2387/2387/2387
f 2387/2387/2387 2390/2390/2390 2389/2389/2389
f 2393/2393/2393 2392/2392/2392 2391/2391/2391
f 2391/2391/2391 2394/2394/2394 2393/2393/2393
f 2397/2397/2397 2396/2396/2396 2395/2395/2395
f 2395/2395/2395 2398/2398/2398 2397/2397/2397
f 2401/2401/2401 2400/2400/2400 2399/2399/2399
f 2399/2399/2399 2402/2402/2402 2401/2401/2401
f 2405/2405/2405 2404/2404/2404 2403/2403/2403
f 2404/2404/2404 2406/2406/2406 2403/2403/2403
f 2404/2404/2404 2407/2407/2407 2406/2406/2406
f 2407/2407/2407 2404/2404/2404 2408/2408/2408
f 2404/2404/2404 2405/2405/2405 2409/2409/2409
f 2412/2412/2412 2411/2411/2411 2410/2410/2410
f 2410/2410/2410 2413/2413/2413 2412/2412/2412
f 2416/2416/2416 2415/2415/2415 2414/2414/2414
f 2414/2414/2414 2417/2417/2417 2416/2416/2416
f 2420/2420/2420 2419/2419/2419 2418/2418/2418
f 2418/2418/2418 2421/2421/2421 2420/2420/2420
f 2421/2421/2421 2418/2418/2418 2422/2422/2422
f 2422/2422/2422 2423/2423/2423 2421/2421/2421
f 2423/2423/2423 2422/2422/2422 2424/2424/2424
f 2424/2424/2424 2425/2425/2425 2423/2423/2423
f 2425/2425/2425 2424/2424/2424 2426/2426/2426
f 2426/2426/2426 2427/2427/2427 2425/2425/2425
f 2427/2427/2427 2426/2426/2426 2428/2428/2428
f 2428/2428/2428 2429/2429/2429 2427/2427/2427
f 2429/2429/2429 2428/2428/2428 2430/2430/2430
f 2430/2430/2430 2431/2431/2431 2429/2429/2429
f 2434/2434/2434 2433/2433/2433 2432/2432/2432
f 2432/2432/2432 2435/2435/2435 2434/2434/2434
f 2435/2435/2435 2432/2432/2432 2436/2436/2436
f 2436/2436/2436 2437/2437/2437 2435/2435/2435
f 2437/2437/2437 2436/2436/2436 2438/2438/2438
f 2438/2438/2438 2439/2439/2439 2437/2437/2437
f 2439/2439/2439 2438/2438/2438 2440/2440/2440
f 2440/2440/2440 2441/2441/2441 2439/2439/2439
f 2441/2441/2441 2440/2440/2440 2442/2442/2442
f 2442/2442/2442 2443/2443/2443 2441/2441/2441
f 2443/2443/2443 2442/2442/2442 2444/2444/2444
f 2444/2444/2444 2445/2445/2445 2443/2443/2443
f 2445/2445/2445 2444/2444/2444 2446/2446/2446
f 2446/2446/2446 2447/2447/2447 2445/2445/2445
f 2450/2450/2450 2449/2449/2449 2448/2448/2448
f 2448/2448/2448 2451/2451/2451 2450/2450/2450
f 2454/2454/2454 2453/2453/2453 2452/2452/2452
f 2452/2452/2452 2455/2455/2455 2454/2454/2454
f 2458/2458/2458 2457/2457/2457 2456/2456/2456
f 2456/2456/2456 2459/2459/2459 2458/2458/2458
f 2462/2462/2462 2461/2461/2461 2460/2460/2460
f 2460/2460/2460 2463/2463/2463 2462/2462/2462
f 2466/2466/2466 2465/2465/2465 2464/2464/2464
f 2464/2464/2464 2467/2467/2467 2466/2466/2466
f 2470/2470/2470 2469/2469/2469 2468/2468/2468
f 2468/2468/2468 2471/2471/2471 2470/2470/2470
f 2474/2474/2474 2473/2473/2473 2472/2472/2472
f 2472/2472/2472 2475/2475/2475 2474/2474/2474
f 2478/2478/2478 2477/2477/2477 2476/2476/2476
f 2476/2476/2476 2479/2479/2479 2478/2478/2478
f 2482/2482/2482 2481/2481/2481 2480/2480/2480
f 2480/2480/2480 2483/2483/2483 2482/2482/2482
f 2486/2486/2486 2485/2485/2485 2484/2484/2484
f 2484/2484/2484 2487/2487/2487 2486/2486/2486
f 2490/2490/2490 2489/2489/2489 2488/2488/2488
f 2488/2488/2488 2491/2491/2491 2490/2490/2490
f 2494/2494/2494 2493/2493/2493 2492/2492/2492
f 2492/2492/2492 2495/2495/2495 2494/2494/2494
f 2498/2498/2498 2497/2497/2497 2496/2496/2496
f 2496/2496/2496 2499/2499/2499 2498/2498/2498
f 2502/2502/2502 2501/2501/2501 2500/2500/2500
f 2500/2500/2500 2503/2503/2503 2502/2502/2502
f 2506/2506/2506 2505/2505/2505 2504/2504/2504
f 2504/2504/2504 2507/2507/2507 2506/2506/2506
f 2510/2510/2510 2509/2509/2509 2508/2508/2508
f 2508/2508/2508 2511/2511/2511 2510/2510/2510
f 2514/2514/2514 2513/2513/2513 2512/2512/2512
f 2512/2512/2512 2515/2515/2515 2514/2514/2514
f 2518/2518/2518 2517/2517/2517 2516/2516/2516
f 2516/2516/2516 2519/2519/2519 2518/2518/2518
f 2522/2522/2522 2521/2521/2521 2520/2520/2520
f 2520/2520/2520 2523/2523/2523 2522/2522/2522
f 2526/2526/2526 2525/2525/2525 2524/2524/2524
f 2524/2524/2524 2527/2527/2527 2526/2526/2526
f 2530/2530/2530 2529/2529/2529 2528/2528/2528
f 2528/2528/2528 2531/2531/2531 2530/2530/2530
f 2534/2534/2534 2533/2533/2533 2532/2532/2532
f 2532/2532/2532 2535/2535/2535 2534/2534/2534
f 2538/2538/2538 2537/2537/2537 2536/2536/2536
f 2536/2536/2536 2539/2539/2539 2538/2538/2538
f 2542/2542/2542 2541/2541/2541 2540/2540/2540
f 2540/2540/2540 2543/2543/2543 2542/2542/2542
f 2540/2540/2540 2541/2541/2541 2544/2544/2544
f 2544/2544/2544 2545/2545/2545 2540/2540/2540
f 2546/2546/2546 2542/2542/2542 2543/2543/2543
f 2543/2543/2543 2547/2547/2547 2546/2546/2546
f 2548/2548/2548 2546/2546/2546 2547/2547/2547
f 2547/2547/2547 2549/2549/2549 2548/2548/2548
f 2548/2548/2548 2549/2549/2549 2550/2550/2550
f 2550/2550/2550 2551/2551/2551 2548/2548/2548
f 2554/2554/2554 2553/2553/2553 2552/2552/2552
f 2552/2552/2552 2555/2555/2555 2554/2554/2554
f 2558/2558/2558 2557/2557/2557 2556/2556/2556
f 2556/2556/2556 2559/2559/2559 2558/2558/2558
f 2562/2562/2562 2561/2561/2561 2560/2560/2560
f 2562/2562/2562 2563/2563/2563 2561/2561/2561
f 2564/2564/2564 2561/2561/2561 2563/2563/2563
f 2564/2564/2564 2565/2565/2565 2561/2561/2561
f 2561/2561/2561 2565/2565/2565 2566/2566/2566
f 2561/2561/2561 2566/2566/2566 2567/2567/2567
f 2570/2570/2570 2569/2569/2569 2568/2568/2568
f 2568/2568/2568 2571/2571/2571 2570/2570/2570
f 2571/2571/2571 2568/2568/2568 2572/2572/2572
f 2572/2572/2572 2573/2573/2573 2571/2571/2571
f 2573/2573/2573 2572/2572/2572 2574/2574/2574
f 2574/2574/2574 2575/2575/2575 2573/2573/2573
f 2576/2576/2576 2575/2575/2575 2574/2574/2574
f 2574/2574/2574 2577/2577/2577 2576/2576/2576
f 2576/2576/2576 2577/2577/2577 2578/2578/2578
f 2578/2578/2578 2579/2579/2579 2576/2576/2576
f 2580/2580/2580 2579/2579/2579 2578/2578/2578
f 2578/2578/2578 2581/2581/2581 2580/2580/2580
f 2584/2584/2584 2583/2583/2583 2582/2582/2582
f 2582/2582/2582 2585/2585/2585 2584/2584/2584
f 2588/2588/2588 2587/2587/2587 2586/2586/2586
f 2586/2586/2586 2589/2589/2589 2588/2588/2588
f 2592/2592/2592 2591/2591/2591 2590/2590/2590
f 2590/2590/2590 2593/2593/2593 2592/2592/2592
f 2596/2596/2596 2595/2595/2595 2594/2594/2594
f 2594/2594/2594 2597/2597/2597 2596/2596/2596
f 2600/2600/2600 2599/2599/2599 2598/2598/2598
f 2598/2598/2598 2601/2601/2601 2600/2600/2600
f 2604/2604/2604 2603/2603/2603 2602/2602/2602
f 2602/2602/2602 2605/2605/2605 2604/2604/2604
f 2608/2608/2608 2607/2607/2607 2606/2606/2606
f 2606/2606/2606 2609/2609/2609 2608/2608/2608
f 2612/2612/2612 2611/2611/2611 2610/2610/2610
f 2610/2610/2610 2613/2613/2613 2612/2612/2612
f 2616/2616/2616 2615/2615/2615 2614/2614/2614
f 2614/2614/2614 2617/2617/2617 2616/2616/2616
f 2620/2620/2620 2619/2619/2619 2618/2618/2618
f 2620/2620/2620 2618/2618/2618 2621/2621/2621
f 2618/2618/2618 2622/2622/2622 2621/2621/2621
f 2622/2622/2622 2623/2623/2623 2621/2621/2621
f 2623/2623/2623 2624/2624/2624 2621/2621/2621
f 2620/2620/2620 2621/2621/2621 2625/2625/2625
f 2628/2628/2628 2627/2627/2627 2626/2626/2626
f 2626/2626/2626 2629/2629/2629 2628/2628/2628
f 2632/2632/2632 2631/2631/2631 2630/2630/2630
f 2630/2630/2630 2633/2633/2633 2632/2632/2632
f 2636/2636/2636 2635/2635/2635 2634/2634/2634
f 2634/2634/2634 2637/2637/2637 2636/2636/2636
f 2640/2640/2640 2639/2639/2639 2638/2638/2638
f 2639/2639/2639 2640/2640/2640 2641/2641/2641
f 2641/2641/2641 2640/2640/2640 2642/2642/2642
f 2645/2645/2645 2644/2644/2644 2643/2643/2643
f 2645/2645/2645 2646/2646/2646 2644/2644/2644
f 2646/2646/2646 2647/2647/2647 2644/2644/2644
f 2650/2650/2650 2649/2649/2649 2648/2648/2648
f 2649/2649/2649 2650/2650/2650 2651/2651/2651
f 2651/2651/2651 2650/2650/2650 2652/2652/2652
f 2655/2655/2655 2654/2654/2654 2653/2653/2653
f 2655/2655/2655 2656/2656/2656 2654/2654/2654
f 2657/2657/2657 2654/2654/2654 2656/2656/2656
f 2657/2657/2657 2658/2658/2658 2654/2654/2654
f 2661/2661/2661 2660/2660/2660 2659/2659/2659
f 2661/2661/2661 2662/2662/2662 2660/2660/2660
f 2665/2665/2665 2664/2664/2664 2663/2663/2663
f 2665/2665/2665 2666/2666/2666 2664/2664/2664
f 2669/2669/2669 2668/2668/2668 2667/2667/2667
f 2669/2669/2669 2670/2670/2670 2668/2668/2668
f 2673/2673/2673 2672/2672/2672 2671/2671/2671
f 2673/2673/2673 2674/2674/2674 2672/2672/2672
f 2677/2677/2677 2676/2676/2676 2675/2675/2675
f 2677/2677/2677 2678/2678/2678 2676/2676/2676
f 2681/2681/2681 2680/2680/2680 2679/2679/2679
f 2681/2681/2681 2682/2682/2682 2680/2680/2680
f 2685/2685/2685 2684/2684/2684 2683/2683/2683
f 2685/2685/2685 2686/2686/2686 2684/2684/2684
f 2689/2689/2689 2688/2688/2688 2687/2687/2687
f 2689/2689/2689 2690/2690/2690 2688/2688/2688
f 2693/2693/2693 2692/2692/2692 2691/2691/2691
f 2693/2693/2693 2694/2694/2694 2692/2692/2692
f 2697/2697/2697 2696/2696/2696 2695/2695/2695
f 2697/2697/2697 2698/2698/2698 2696/2696/2696
f 2699/2699/2699 2696/2696/2696 2698/2698/2698
f 2699/2699/2699 2700/2700/2700 2696/2696/2696
f 2701/2701/2701 2700/2700/2700 2699/2699/2699
f 2701/2701/2701 2702/2702/2702 2700/2700/2700
f 2701/2701/2701 2703/2703/2703 2702/2702/2702
f 2706/2706/2706 2705/2705/2705 2704/2704/2704
f 2706/2706/2706 2707/2707/2707 2705/2705/2705
f 2708/2708/2708 2705/2705/2705 2707/2707/2707
f 2708/2708/2708 2709/2709/2709 2705/2705/2705
f 2710/2710/2710 2709/2709/2709 2708/2708/2708
f 2710/2710/2710 2711/2711/2711 2709/2709/2709
f 2710/2710/2710 2712/2712/2712 2711/2711/2711
f 2715/2715/2715 2714/2714/2714 2713/2713/2713
f 2715/2715/2715 2716/2716/2716 2714/2714/2714
f 2719/2719/2719 2718/2718/2718 2717/2717/2717
f 2719/2719/2719 2720/2720/2720 2718/2718/2718
f 2723/2723/2723 2722/2722/2722 2721/2721/2721
f 2723/2723/2723 2724/2724/2724 2722/2722/2722
f 2727/2727/2727 2726/2726/2726 2725/2725/2725
f 2727/2727/2727 2728/2728/2728 2726/2726/2726
f 2731/2731/2731 2730/2730/2730 2729/2729/2729
f 2731/2731/2731 2732/2732/2732 2730/2730/2730
f 2735/2735/2735 2734/2734/2734 2733/2733/2733
f 2735/2735/2735 2736/2736/2736 2734/2734/2734
f 2739/2739/2739 2738/2738/2738 2737/2737/2737
f 2739/2739/2739 2740/2740/2740 2738/2738/2738
f 2743/2743/2743 2742/2742/2742 2741/2741/2741
f 2743/2743/2743 2744/2744/2744 2742/2742/2742
f 2747/2747/2747 2746/2746/2746 2745/2745/2745
f 2747/2747/2747 2748/2748/2748 2746/2746/2746
f 2751/2751/2751 2750/2750/2750 2749/2749/2749
f 2751/2751/2751 2752/2752/2752 2750/2750/2750
f 2755/2755/2755 2754/2754/2754 2753/2753/2753
f 2755/2755/2755 2756/2756/2756 2754/2754/2754
f 2759/2759/2759 2758/2758/2758 2757/2757/2757
f 2759/2759/2759 2760/2760/2760 2758/2758/2758
f 2763/2763/2763 2762/2762/2762 2761/2761/2761
f 2763/2763/2763 2764/2764/2764 2762/2762/2762
f 2767/2767/2767 2766/2766/2766 2765/2765/2765
f 2767/2767/2767 2768/2768/2768 2766/2766/2766
f 2771/2771/2771 2770/2770/2770 2769/2769/2769
f 2771/2771/2771 2772/2772/2772 2770/2770/2770
f 2775/2775/2775 2774/2774/2774 2773/2773/2773
f 2775/2775/2775 2776/2776/2776 2774/2774/2774
f 2779/2779/2779 2778/2778/2778 2777/2777/2777
f 2779/2779/2779 2780/2780/2780 2778/2778/2778
f 2783/2783/2783 2782/2782/2782 2781/2781/2781
f 2783/2783/2783 2784/2784/2784 2782/2782/2782
f 2787/2787/2787 2786/2786/2786 2785/2785/2785
f 2787/2787/2787 2788/2788/2788 2786/2786/2786
f 2791/2791/2791 2790/2790/2790 2789/2789/2789
f 2791/2791/2791 2792/2792/2792 2790/2790/2790
f 2795/2795/2795 2794/2794/2794 2793/2793/2793
f 2795/2795/2795 2796/2796/2796 2794/2794/2794
f 2799/2799/2799 2798/2798/2798 2797/2797/2797
f 2799/2799/2799 2800/2800/2800 2798/2798/2798
f 2803/2803/2803 2802/2802/2802 2801/2801/2801
f 2803/2803/2803 2804/2804/2804 2802/2802/2802
f 2807/2807/2807 2806/2806/2806 2805/2805/2805
f 2807/2807/2807 2808/2808/2808 2806/2806/2806
f 2811/2811/2811 2810/2810/2810 2809/2809/2809
f 2811/2811/2811 2812/2812/2812 2810/2810/2810
f 2815/2815/2815 2814/2814/2814 2813/2813/2813
f 2815/2815/2815 2816/2816/2816 2814/2814/2814
f 2819/2819/2819 2818/2818/2818 2817/2817/2817
f 2819/2819/2819 2820/2820/2820 2818/2818/2818
f 2823/2823/2823 2822/2822/2822 2821/2821/2821
f 2823/2823/2823 2824/2824/2824 2822/2822/2822
f 2827/2827/2827 2826/2826/2826 2825/2825/2825
f 2827/2827/2827 2828/2828/2828 2826/2826/2826
f 2831/2831/2831 2830/2830/2830 2829/2829/2829
f 2831/2831/2831 2832/2832/2832 2830/2830/2830
f 2835/2835/2835 2834/2834/2834 2833/2833/2833
f 2835/2835/2835 2836/2836/2836 2834/2834/2834
f 2839/2839/2839 2838/2838/2838 2837/2837/2837
f 2839/2839/2839 2840/2840/2840 2838/2838/2838
f 2843/2843/2843 2842/2842/2842 2841/2841/2841
f 2843/2843/2843 2844/2844/2844 2842/2842/2842
f 2847/2847/2847 2846/2846/2846 2845/2845/2845
f 2847/2847/2847 2848/2848/2848 2846/2846/2846
f 2851/2851/2851 2850/2850/2850 2849/2849/2849
f 2851/2851/2851 2852/2852/2852 2850/2850/2850
f 2855/2855/2855 2854/2854/2854 2853/2853/2853
f 2855/2855/2855 2856/2856/2856 2854/2854/2854
f 2859/2859/2859 2858/2858/2858 2857/2857/2857
f 2859/2859/2859 2860/2860/2860 2858/2858/2858
f 2863/2863/2863 2862/2862/2862 2861/2861/2861
f 2863/2863/2863 2864/2864/2864 2862/2862/2862
f 2867/2867/2867 2866/2866/2866 2865/2865/2865
f 2867/2867/2867 2868/2868/2868 2866/2866/2866
f 2871/2871/2871 2870/2870/2870 2869/2869/2869
f 2871/2871/2871 2872/2872/2872 2870/2870/2870
f 2875/2875/2875 2874/2874/2874 2873/2873/2873
f 2875/2875/2875 2876/2876/2876 2874/2874/2874
f 2879/2879/2879 2878/2878/2878 2877/2877/2877
f 2879/2879/2879 2880/2880/2880 2878/2878/2878
f 2883/2883/2883 2882/2882/2882 2881/2881/2881
f 2882/2882/2882 2883/2883/2883 2884/2884/2884
f 2884/2884/2884 2883/2883/2883 2885/2885/2885
f 2888/2888/2888 2887/2887/2887 2886/2886/2886
f 2888/2888/2888 2889/2889/2889 2887/2887/2887
f 2889/2889/2889 2890/2890/2890 2887/2887/2887
f 2893/2893/2893 2892/2892/2892 2891/2891/2891
f 2892/2892/2892 2893/2893/2893 2894/2894/2894
f 2894/2894/2894 2893/2893/2893 2895/2895/2895
f 2898/2898/2898 2897/2897/2897 2896/2896/2896
f 2898/2898/2898 2899/2899/2899 2897/2897/2897
f 2900/2900/2900 2897/2897/2897 2899/2899/2899
f 2900/2900/2900 2901/2901/2901 2897/2897/2897
f 2904/2904/2904 2903/2903/2903 2902/2902/2902
f 2904/2904/2904 2905/2905/2905 2903/2903/2903
f 2908/2908/2908 2907/2907/2907 2906/2906/2906
f 2908/2908/2908 2909/2909/2909 2907/2907/2907
f 2912/2912/2912 2911/2911/2911 2910/2910/2910
f 2912/2912/2912 2913/2913/2913 2911/2911/2911
f 2916/2916/2916 2915/2915/2915 2914/2914/2914
f 2916/2916/2916 2917/2917/2917 2915/2915/2915
f 2920/2920/2920 2919/2919/2919 2918/2918/2918
f 2920/2920/2920 2921/2921/2921 2919/2919/2919
f 2924/2924/2924 2923/2923/2923 2922/2922/2922
f 2924/2924/2924 2925/2925/2925 2923/2923/2923
f 2928/2928/2928 2927/2927/2927 2926/2926/2926
f 2928/2928/2928 2929/2929/2929 2927/2927/2927
f 2932/2932/2932 2931/2931/2931 2930/2930/2930
f 2932/2932/2932 2933/2933/2933 2931/2931/2931
f 2936/2936/2936 2935/2935/2935 2934/2934/2934
f 2936/2936/2936 2937/2937/2937 2935/2935/2935
f 2940/2940/2940 2939/2939/2939 2938/2938/2938
f 2940/2940/2940 2941/2941/2941 2939/2939/2939
f 2942/2942/2942 2939/2939/2939 2941/2941/2941
f 2942/2942/2942 2943/2943/2943 2939/2939/2939
f 2944/2944/2944 2943/2943/2943 2942/2942/2942
f 2944/2944/2944 2945/2945/2945 2943/2943/2943
f 2944/2944/2944 2946/2946/2946 2945/2945/2945
f 2949/2949/2949 2948/2948/2948 2947/2947/2947
f 2949/2949/2949 2950/2950/2950 2948/2948/2948
f 2951/2951/2951 2948/2948/2948 2950/2950/2950
f 2951/2951/2951 2952/2952/2952 2948/2948/2948
f 2953/2953/2953 2952/2952/2952 2951/2951/2951
f 2953/2953/2953 2954/2954/2954 2952/2952/2952
f 2953/2953/2953 2955/2955/2955 2954/2954/2954
f 2958/2958/2958 2957/2957/2957 2956/2956/2956
f 2958/2958/2958 2959/2959/2959 2957/2957/2957
f 2962/2962/2962 2961/2961/2961 2960/2960/2960
f 2962/2962/2962 2963/2963/2963 2961/2961/2961
f 2966/2966/2966 2965/2965/2965 2964/2964/2964
f 2966/2966/2966 2967/2967/2967 2965/2965/2965
f 2970/2970/2970 2969/2969/2969 2968/2968/2968
f 2970/2970/2970 2971/2971/2971 2969/2969/2969
f 2974/2974/2974 2973/2973/2973 2972/2972/2972
f 2974/2974/2974 2975/2975/2975 2973/2973/2973
f 2978/2978/2978 2977/2977/2977 2976/2976/2976
f 2978/2978/2978 2979/2979/2979 2977/2977/2977
f 2982/2982/2982 2981/2981/2981 2980/2980/2980
f 2982/2982/2982 2983/2983/2983 2981/2981/2981
f 2986/2986/2986 2985/2985/2985 2984/2984/2984
f 2986/2986/2986 2987/2987/2987 2985/2985/2985
f 2990/2990/2990 2989/2989/2989 2988/2988/2988
f 2990/2990/2990 2991/2991/2991 2989/2989/2989
f 2994/2994/2994 2993/2993/2993 2992/2992/2992
f 2994/2994/2994 2995/2995/2995 2993/2993/2993
f 2998/2998/2998 2997/2997/2997 2996/2996/2996
f 2998/2998/2998 2999/2999/2999 2997/2997/2997
f 3002/3002/3002 3001/3001/3001 3000/3000/3000
f 3002/3002/3002 3003/3003/3003 3001/3001/3001
f 3006/3006/3006 3005/3005/3005 3004/3004/3004
f 3006/3006/3006 3007/3007/3007 3005/3005/3005
f 3010/3010/3010 3009/3009/3009 3008/3008/3008
f 3010/3010/3010 3011/3011/3011 3009/3009/3009
f 3014/3014/3014 3013/3013/3013 3012/3012/3012
f 3014/3014/3014 3015/3015/3015 3013/3013/3013
f 3018/3018/3018 3017/3017/3017 3016/3016/3016
f 3018/3018/3018 3019/3019/3019 3017/3017/3017
f 3022/3022/3022 3021/3021/3021 3020/3020/3020
f 3022/3022/3022 3023/3023/3023 3021/3021/3021
f 3026/3026/3026 3025/3025/3025 3024/3024/3024
f 3026/3026/3026 3027/3027/3027 3025/3025/3025
f 3030/3030/3030 3029/3029/3029 3028/3028/3028
f 3030/3030/3030 3031/3031/3031 3029/3029/3029
f 3034/3034/3034 3033/3033/3033 3032/3032/3032
f 3034/3034/3034 3035/3035/3035 3033/3033/3033
f 3038/3038/3038 3037/3037/3037 3036/3036/3036
f 3038/3038/3038 3039/3039/3039 3037/3037/3037
f 3042/3042/3042 3041/3041/3041 3040/3040/3040
f 3042/3042/3042 3043/3043/3043 3041/3041/3041
f 3046/3046/3046 3045/3045/3045 3044/3044/3044
f 3046/3046/3046 3047/3047/3047 3045/3045/3045
f 3050/3050/3050 3049/3049/3049 3048/3048/3048
f 3050/3050/3050 3051/3051/3051 3049/3049/3049
f 3054/3054/3054 3053/3053/3053 3052/3052/3052
f 3054/3054/3054 3055/3055/3055 3053/3053/3053
f 3058/3058/3058 3057/3057/3057 3056/3056/3056
f 3058/3058/3058 3059/3059/3059 3057/3057/3057
f 3062/3062/3062 3061/3061/3061 3060/3060/3060
f 3062/3062/3062 3063/3063/3063 3061/3061/3061
f 3066/3066/3066 3065/3065/3065 3064/3064/3064
f 3066/3066/3066 3067/3067/3067 3065/3065/3065
f 3070/3070/3070 3069/3069/3069 3068/3068/3068
f 3070/3070/3070 3071/3071/3071 3069/3069/3069
f 3074/3074/3074 3073/3073/3073 3072/3072/3072
f 3074/3074/3074 3075/3075/3075 3073/3073/3073
f 3078/3078/3078 3077/3077/3077 3076/3076/3076
f 3078/3078/3078 3079/3079/3079 3077/3077/3077
f 3082/3082/3082 3081/3081/3081 3080/3080/3080
f 3082/3082/3082 3083/3083/3083 3081/3081/3081
f 3086/3086/3086 3085/3085/3085 3084/3084/3084
f 3086/3086/3086 3087/3087/3087 3085/3085/3085
f 3090/3090/3090 3089/3089/3089 3088/3088/3088
f 3090/3090/3090 3091/3091/3091 3089/3089/3089
f 3094/3094/3094 3093/3093/3093 3092/3092/3092
f 3094/3094/3094 3095/3095/3095 3093/3093/3093
f 3098/3098/3098 3097/3097/3097 3096/3096/3096
f 3098/3098/3098 3099/3099/3099 3097/3097/3097
f 3102/3102/3102 3101/3101/3101 3100/3100/3100
f 3102/3102/3102 3103/3103/3103 3101/3101/3101
f 3106/3106/3106 3105/3105/3105 3104/3104/3104
f 3106/3106/3106 3107/3107/3107 3105/3105/3105
f 3110/3110/3110 3109/3109/3109 3108/3108/3108
f 3110/3110/3110 3111/3111/3111 3109/3109/3109
f 3114/3114/3114 3113/3113/3113 3112/3112/3112
f 3114/3114/3114 3115/3115/3115 3113/3113/3113
f 3118/3118/3118 3117/3117/3117 3116/3116/3116
f 3118/3118/3118 3119/3119/3119 3117/3117/3117
f 3122/3122/3122 3121/3121/3121 3120/3120/3120
f 3122/3122/3122 3123/3123/3123 3121/3121/3121
f 3126/3126/3126 3125/3125/3125 3124/3124/3124
f 3126/3126/3126 3127/3127/3127 3125/3125/3125
f 3130/3130/3130 3129/3129/3129 3128/3128/3128
f 3130/3130/3130 3131/3131/3131 3129/3129/3129
f 3134/3134/3134 3133/3133/3133 3132/3132/3132
f 3134/3134/3134 3135/3135/3135 3133/3133/3133
f 3138/3138/3138 3137/3137/3137 3136/3136/3136
f 3138/3138/3138 3139/3139/3139 3137/3137/3137
f 3142/3142/3142 3141/3141/3141 3140/3140/3140
f 3142/3142/3142 3143/3143/3143 3141/3141/3141
f 3146/3146/3146 3145/3145/3145 3144/3144/3144
f 3146/3146/3146 3147/3147/3147 3145/3145/3145
f 3150/3150/3150 3149/3149/3149 3148/3148/3148
f 3150/3150/3150 3151/3151/3151 3149/3149/3149
f 3154/3154/3154 3153/3153/3153 3152/3152/3152
f 3154/3154/3154 3155/3155/3155 3153/3153/3153
f 3158/3158/3158 3157/3157/3157 3156/3156/3156
f 3158/3158/3158 3159/3159/3159 3157/3157/3157
f 3162/3162/3162 3161/3161/3161 3160/3160/3160
f 3162/3162/3162 3163/3163/3163 3161/3161/3161
f 3166/3166/3166 3165/3165/3165 3164/3164/3164
f 3166/3166/3166 3167/3167/3167 3165/3165/3165
f 3170/3170/3170 3169/3169/3169 3168/3168/3168
f 3170/3170/3170 3171/3171/3171 3169/3169/3169
f 3174/3174/3174 3173/3173/3173 3172/3172/3172
f 3174/3174/3174 3175/3175/3175 3173/3173/3173
f 3176/3176/3176 3174/3174/3174 3172/3172/3172
f 3176/3176/3176 3172/3172/3172 3177/3177/3177
f 3178/3178/3178 3176/3176/3176 3177/3177/3177
f 3178/3178/3178 3177/3177/3177 3179/3179/3179
f 3180/3180/3180 3178/3178/3178 3179/3179/3179
f 3180/3180/3180 3179/3179/3179 3181/3181/3181
f 3182/3182/3182 3180/3180/3180 3181/3181/3181
f 3182/3182/3182 3181/3181/3181 3183/3183/3183
f 3175/3175/3175 3184/3184/3184 3173/3173/3173
f 3175/3175/3175 3185/3185/3185 3184/3184/3184
f 3188/3188/3188 3187/3187/3187 3186/3186/3186
f 3188/3188/3188 3189/3189/3189 3187/3187/3187
f 3189/3189/3189 3190/3190/3190 3187/3187/3187
f 3189/3189/3189 3191/3191/3191 3190/3190/3190
f 3191/3191/3191 3192/3192/3192 3190/3190/3190
f 3191/3191/3191 3193/3193/3193 3192/3192/3192
f 3193/3193/3193 3194/3194/3194 3192/3192/3192
f 3193/3193/3193 3195/3195/3195 3194/3194/3194
f 3195/3195/3195 3196/3196/3196 3194/3194/3194
f 3195/3195/3195 3197/3197/3197 3196/3196/3196
f 3200/3200/3200 3199/3199/3199 3198/3198/3198
f 3201/3201/3201 3199/3199/3199 3200/3200/3200
f 3201/3201/3201 3202/3202/3202 3199/3199/3199
f 3205/3205/3205 3204/3204/3204 3203/3203/3203
f 3205/3205/3205 3206/3206/3206 3204/3204/3204
f 3207/3207/3207 3205/3205/3205 3203/3203/3203
f 3207/3207/3207 3203/3203/3203 3208/3208/3208
f 3209/3209/3209 3207/3207/3207 3208/3208/3208
f 3209/3209/3209 3208/3208/3208 3210/3210/3210
f 3211/3211/3211 3209/3209/3209 3210/3210/3210
f 3211/3211/3211 3210/3210/3210 3212/3212/3212
f 3213/3213/3213 3211/3211/3211 3212/3212/3212
f 3213/3213/3213 3212/3212/3212 3214/3214/3214
f 3217/3217/3217 3216/3216/3216 3215/3215/3215
f 3217/3217/3217 3215/3215/3215 3218/3218/3218
f 3217/3217/3217 3218/3218/3218 3219/3219/3219
f 3222/3222/3222 3221/3221/3221 3220/3220/3220
f 3222/3222/3222 3223/3223/3223 3221/3221/3221
f 3224/3224/3224 3223/3223/3223 3222/3222/3222
f 3224/3224/3224 3225/3225/3225 3223/3223/3223
f 3228/3228/3228 3227/3227/3227 3226/3226/3226
f 3228/3228/3228 3229/3229/3229 3227/3227/3227
f 3226/3226/3226 3227/3227/3227 3230/3230/3230
f 3233/3233/3233 3232/3232/3232 3231/3231/3231
f 3233/3233/3233 3234/3234/3234 3232/3232/3232
f 3237/3237/3237 3236/3236/3236 3235/3235/3235
f 3237/3237/3237 3238/3238/3238 3236/3236/3236
f 3241/3241/3241 3240/3240/3240 3239/3239/3239
f 3241/3241/3241 3242/3242/3242 3240/3240/3240
f 3245/3245/3245 3244/3244/3244 3243/3243/3243
f 3245/3245/3245 3246/3246/3246 3244/3244/3244
f 3249/3249/3249 3248/3248/3248 3247/3247/3247
f 3249/3249/3249 3250/3250/3250 3248/3248/3248
f 3253/3253/3253 3252/3252/3252 3251/3251/3251
f 3253/3253/3253 3254/3254/3254 3252/3252/3252
f 3257/3257/3257 3256/3256/3256 3255/3255/3255
f 3257/3257/3257 3258/3258/3258 3256/3256/3256
f 3261/3261/3261 3260/3260/3260 3259/3259/3259
f 3261/3261/3261 3262/3262/3262 3260/3260/3260
f 3265/3265/3265 3264/3264/3264 3263/3263/3263
f 3265/3265/3265 3266/3266/3266 3264/3264/3264
f 3269/3269/3269 3268/3268/3268 3267/3267/3267
f 3269/3269/3269 3270/3270/3270 3268/3268/3268
f 3270/3270/3270 3271/3271/3271 3268/3268/3268
f 3274/3274/3274 3273/3273/3273 3272/3272/3272
f 3274/3274/3274 3275/3275/3275 3273/3273/3273
f 3278/3278/3278 3277/3277/3277 3276/3276/3276
f 3278/3278/3278 3279/3279/3279 3277/3277/3277
f 3282/3282/3282 3281/3281/3281 3280/3280/3280
f 3282/3282/3282 3283/3283/3283 3281/3281/3281
f 3286/3286/3286 3285/3285/3285 3284/3284/3284
f 3286/3286/3286 3287/3287/3287 3285/3285/3285
f 3290/3290/3290 3289/3289/3289 3288/3288/3288
f 3290/3290/3290 3291/3291/3291 3289/3289/3289
f 3294/3294/3294 3293/3293/3293 3292/3292/3292
f 3294/3294/3294 3295/3295/3295 3293/3293/3293
f 3298/3298/3298 3297/3297/3297 3296/3296/3296
f 3298/3298/3298 3299/3299/3299 3297/3297/3297
f 3302/3302/3302 3301/3301/3301 3300/3300/3300
f 3302/3302/3302 3303/3303/3303 3301/3301/3301
f 3306/3306/3306 3305/3305/3305 3304/3304/3304
f 3306/3306/3306 3307/3307/3307 3305/3305/3305
f 3310/3310/3310 3309/3309/3309 3308/3308/3308
f 3310/3310/3310 3311/3311/3311 3309/3309/3309
f 3314/3314/3314 3313/3313/3313 3312/3312/3312
f 3314/3314/3314 3315/3315/3315 3313/3313/3313
f 3318/3318/3318 3317/3317/3317 3316/3316/3316
f 3318/3318/3318 3319/3319/3319 3317/3317/3317
f 3322/3322/3322 3321/3321/3321 3320/3320/3320
f 3322/3322/3322 3323/3323/3323 3321/3321/3321
f 3324/3324/3324 3322/3322/3322 3320/3320/3320
f 3324/3324/3324 3320/3320/3320 3325/3325/3325
f 3326/3326/3326 3324/3324/3324 3325/3325/3325
f 3326/3326/3326 3325/3325/3325 3327/3327/3327
f 3328/3328/3328 3326/3326/3326 3327/3327/3327
f 3328/3328/3328 3327/3327/3327 3329/3329/3329
f 3330/3330/3330 3328/3328/3328 3329/3329/3329
f 3330/3330/3330 3329/3329/3329 3331/3331/3331
f 3323/3323/3323 3332/3332/3332 3321/3321/3321
f 3323/3323/3323 3333/3333/3333 3332/3332/3332
f 3336/3336/3336 3335/3335/3335 3334/3334/3334
f 3336/3336/3336 3337/3337/3337 3335/3335/3335
f 3337/3337/3337 3338/3338/3338 3335/3335/3335
f 3337/3337/3337 3339/3339/3339 3338/3338/3338
f 3339/3339/3339 3340/3340/3340 3338/3338/3338
f 3339/3339/3339 3341/3341/3341 3340/3340/3340
f 3341/3341/3341 3342/3342/3342 3340/3340/3340
f 3341/3341/3341 3343/3343/3343 3342/3342/3342
f 3343/3343/3343 3344/3344/3344 3342/3342/3342
f 3343/3343/3343 3345/3345/3345 3344/3344/3344
f 3348/3348/3348 3347/3347/3347 3346/3346/3346
f 3349/3349/3349 3347/3347/3347 3348/3348/3348
f 3349/3349/3349 3350/3350/3350 3347/3347/3347
f 3353/3353/3353 3352/3352/3352 3351/3351/3351
f 3353/3353/3353 3354/3354/3354 3352/3352/3352
f 3355/3355/3355 3353/3353/3353 3351/3351/3351
f 3355/3355/3355 3351/3351/3351 3356/3356/3356
f 3357/3357/3357 3355/3355/3355 3356/3356/3356
f 3357/3357/3357 3356/3356/3356 3358/3358/3358
f 3359/3359/3359 3357/3357/3357 3358/3358/3358
f 3359/3359/3359 3358/3358/3358 3360/3360/3360
f 3361/3361/3361 3359/3359/3359 3360/3360/3360
f 3361/3361/3361 3360/3360/3360 3362/3362/3362
f 3365/3365/3365 3364/3364/3364 3363/3363/3363
f 3365/3365/3365 3363/3363/3363 3366/3366/3366
f 3365/3365/3365 3366/3366/3366 3367/3367/3367
f 3370/3370/3370 3369/3369/3369 3368/3368/3368
f 3370/3370/3370 3371/3371/3371 3369/3369/3369
f 3372/3372/3372 3371/3371/3371 3370/3370/3370
f 3372/3372/3372 3373/3373/3373 3371/3371/3371
f 3376/3376/3376 3375/3375/3375 3374/3374/3374
f 3376/3376/3376 3377/3377/3377 3375/3375/3375
f 3380/3380/3380 3379/3379/3379 3378/3378/3378
f 3380/3380/3380 3381/3381/3381 3379/3379/3379
f 3384/3384/3384 3383/3383/3383 3382/3382/3382
f 3384/3384/3384 3385/3385/3385 3383/3383/3383
f 3388/3388/3388 3387/3387/3387 3386/3386/3386
f 3388/3388/3388 3389/3389/3389 3387/3387/3387
f 3392/3392/3392 3391/3391/3391 3390/3390/3390
f 3392/3392/3392 3393/3393/3393 3391/3391/3391
f 3396/3396/3396 3395/3395/3395 3394/3394/3394
f 3396/3396/3396 3397/3397/3397 3395/3395/3395
f 3400/3400/3400 3399/3399/3399 3398/3398/3398
f 3400/3400/3400 3401/3401/3401 3399/3399/3399
f 3404/3404/3404 3403/3403/3403 3402/3402/3402
f 3404/3404/3404 3405/3405/3405 3403/3403/3403
f 3408/3408/3408 3407/3407/3407 3406/3406/3406
f 3408/3408/3408 3409/3409/3409 3407/3407/3407
f 3412/3412/3412 3411/3411/3411 3410/3410/3410
f 3412/3412/3412 3413/3413/3413 3411/3411/3411
f 3413/3413/3413 3414/3414/3414 3411/3411/3411
f 3417/3417/3417 3416/3416/3416 3415/3415/3415
f 3417/3417/3417 3418/3418/3418 3416/3416/3416
f 3421/3421/3421 3420/3420/3420 3419/3419/3419
f 3421/3421/3421 3422/3422/3422 3420/3420/3420
f 3425/3425/3425 3424/3424/3424 3423/3423/3423
f 3425/3425/3425 3426/3426/3426 3424/3424/3424
f 3425/3425/3425 3427/3427/3427 3426/3426/3426
f 3425/3425/3425 3428/3428/3428 3427/3427/3427
f 3431/3431/3431 3430/3430/3430 3429/3429/3429
f 3431/3431/3431 3432/3432/3432 3430/3430/3430
f 3429/3429/3429 3430/3430/3430 3433/3433/3433
f 3429/3429/3429 3433/3433/3433 3434/3434/3434
f 3437/3437/3437 3436/3436/3436 3435/3435/3435
f 3438/3438/3438 3437/3437/3437 3435/3435/3435
f 3438/3438/3438 3435/3435/3435 3439/3439/3439
f 3442/3442/3442 3441/3441/3441 3440/3440/3440
f 3442/3442/3442 3443/3443/3443 3441/3441/3441
f 3446/3446/3446 3445/3445/3445 3444/3444/3444
f 3446/3446/3446 3447/3447/3447 3445/3445/3445
f 3450/3450/3450 3449/3449/3449 3448/3448/3448
f 3450/3450/3450 3451/3451/3451 3449/3449/3449
f 3454/3454/3454 3453/3453/3453 3452/3452/3452
f 3454/3454/3454 3455/3455/3455 3453/3453/3453
f 3458/3458/3458 3457/3457/3457 3456/3456/3456
f 3458/3458/3458 3459/3459/3459 3457/3457/3457
f 3460/3460/3460 3458/3458/3458 3456/3456/3456
f 3460/3460/3460 3456/3456/3456 3461/3461/3461
f 3464/3464/3464 3463/3463/3463 3462/3462/3462
f 3464/3464/3464 3465/3465/3465 3463/3463/3463
f 3466/3466/3466 3464/3464/3464 3462/3462/3462
f 3466/3466/3466 3462/3462/3462 3467/3467/3467
f 3470/3470/3470 3469/3469/3469 3468/3468/3468
f 3468/3468/3468 3471/3471/3471 3470/3470/3470
f 3474/3474/3474 3473/3473/3473 3472/3472/3472
f 3474/3474/3474 3475/3475/3475 3473/3473/3473
f 3478/3478/3478 3477/3477/3477 3476/3476/3476
f 3478/3478/3478 3479/3479/3479 3477/3477/3477
f 3482/3482/3482 3481/3481/3481 3480/3480/3480
f 3482/3482/3482 3483/3483/3483 3481/3481/3481
f 3486/3486/3486 3485/3485/3485 3484/3484/3484
f 3486/3486/3486 3487/3487/3487 3485/3485/3485
f 3490/3490/3490 3489/3489/3489 3488/3488/3488
f 3490/3490/3490 3491/3491/3491 3489/3489/3489
f 3492/3492/3492 3489/3489/3489 3491/3491/3491
f 3492/3492/3492 3493/3493/3493 3489/3489/3489
f 3494/3494/3494 3493/3493/3493 3492/3492/3492
f 3494/3494/3494 3495/3495/3495 3493/3493/3493
f 3496/3496/3496 3495/3495/3495 3494/3494/3494
f 3496/3496/3496 3497/3497/3497 3495/3495/3495
f 3490/3490/3490 3488/3488/3488 3498/3498/3498
f 3490/3490/3490 3498/3498/3498 3499/3499/3499
f 3502/3502/3502 3501/3501/3501 3500/3500/3500
f 3501/3501/3501 3503/3503/3503 3500/3500/3500
f 3501/3501/3501 3504/3504/3504 3503/3503/3503
f 3507/3507/3507 3506/3506/3506 3505/3505/3505
f 3507/3507/3507 3508/3508/3508 3506/3506/3506
f 3511/3511/3511 3510/3510/3510 3509/3509/3509
f 3511/3511/3511 3512/3512/3512 3510/3510/3510
f 3515/3515/3515 3514/3514/3514 3513/3513/3513
f 3515/3515/3515 3516/3516/3516 3514/3514/3514
f 3519/3519/3519 3518/3518/3518 3517/3517/3517
f 3519/3519/3519 3520/3520/3520 3518/3518/3518
f 3523/3523/3523 3522/3522/3522 3521/3521/3521
f 3523/3523/3523 3524/3524/3524 3522/3522/3522
f 3527/3527/3527 3526/3526/3526 3525/3525/3525
f 3527/3527/3527 3528/3528/3528 3526/3526/3526
f 3531/3531/3531 3530/3530/3530 3529/3529/3529
f 3531/3531/3531 3532/3532/3532 3530/3530/3530
f 3535/3535/3535 3534/3534/3534 3533/3533/3533
f 3535/3535/3535 3536/3536/3536 3534/3534/3534
f 3539/3539/3539 3538/3538/3538 3537/3537/3537
f 3539/3539/3539 3540/3540/3540 3538/3538/3538
f 3543/3543/3543 3542/3542/3542 3541/3541/3541
f 3543/3543/3543 3544/3544/3544 3542/3542/3542
f 3547/3547/3547 3546/3546/3546 3545/3545/3545
f 3547/3547/3547 3548/3548/3548 3546/3546/3546
f 3551/3551/3551 3550/3550/3550 3549/3549/3549
f 3551/3551/3551 3552/3552/3552 3550/3550/3550
f 3555/3555/3555 3554/3554/3554 3553/3553/3553
f 3553/3553/3553 3556/3556/3556 3555/3555/3555
f 3559/3559/3559 3558/3558/3558 3557/3557/3557
f 3559/3559/3559 3560/3560/3560 3558/3558/3558
f 3563/3563/3563 3562/3562/3562 3561/3561/3561
f 3563/3563/3563 3564/3564/3564 3562/3562/3562
f 3567/3567/3567 3566/3566/3566 3565/3565/3565
f 3567/3567/3567 3568/3568/3568 3566/3566/3566
f 3571/3571/3571 3570/3570/3570 3569/3569/3569
f 3571/3571/3571 3572/3572/3572 3570/3570/3570
f 3575/3575/3575 3574/3574/3574 3573/3573/3573
f 3575/3575/3575 3576/3576/3576 3574/3574/3574
f 3579/3579/3579 3578/3578/3578 3577/3577/3577
f 3579/3579/3579 3580/3580/3580 3578/3578/3578
f 3583/3583/3583 3582/3582/3582 3581/3581/3581
f 3583/3583/3583 3584/3584/3584 3582/3582/3582
f 3587/3587/3587 3586/3586/3586 3585/3585/3585
f 3587/3587/3587 3588/3588/3588 3586/3586/3586
f 3591/3591/3591 3590/3590/3590 3589/3589/3589
f 3591/3591/3591 3592/3592/3592 3590/3590/3590
f 3595/3595/3595 3594/3594/3594 3593/3593/3593
f 3595/3595/3595 3596/3596/3596 3594/3594/3594
f 3599/3599/3599 3598/3598/3598 3597/3597/3597
f 3599/3599/3599 3600/3600/3600 3598/3598/3598
f 3603/3603/3603 3602/3602/3602 3601/3601/3601
f 3603/3603/3603 3604/3604/3604 3602/3602/3602
f 3607/3607/3607 3606/3606/3606 3605/3605/3605
f 3607/3607/3607 3608/3608/3608 3606/3606/3606
f 3611/3611/3611 3610/3610/3610 3609/3609/3609
f 3611/3611/3611 3612/3612/3612 3610/3610/3610
f 3615/3615/3615 3614/3614/3614 3613/3613/3613
f 3615/3615/3615 3616/3616/3616 3614/3614/3614
f 3619/3619/3619 3618/3618/3618 3617/3617/3617
f 3619/3619/3619 3620/3620/3620 3618/3618/3618
f 3623/3623/3623 3622/3622/3622 3621/3621/3621
f 3623/3623/3623 3624/3624/3624 3622/3622/3622
f 3627/3627/3627 3626/3626/3626 3625/3625/3625
f 3627/3627/3627 3628/3628/3628 3626/3626/3626
f 3631/3631/3631 3630/3630/3630 3629/3629/3629
f 3631/3631/3631 3632/3632/3632 3630/3630/3630
f 3635/3635/3635 3634/3634/3634 3633/3633/3633
f 3635/3635/3635 3636/3636/3636 3634/3634/3634
f 3639/3639/3639 3638/3638/3638 3637/3637/3637
f 3639/3639/3639 3640/3640/3640 3638/3638/3638
f 3643/3643/3643 3642/3642/3642 3641/3641/3641
f 3643/3643/3643 3644/3644/3644 3642/3642/3642
f 3647/3647/3647 3646/3646/3646 3645/3645/3645
f 3647/3647/3647 3648/3648/3648 3646/3646/3646
f 3651/3651/3651 3650/3650/3650 3649/3649/3649
f 3651/3651/3651 3652/3652/3652 3650/3650/3650
f 3655/3655/3655 3654/3654/3654 3653/3653/3653
f 3655/3655/3655 3656/3656/3656 3654/3654/3654
f 3659/3659/3659 3658/3658/3658 3657/3657/3657
f 3659/3659/3659 3660/3660/3660 3658/3658/3658
f 3663/3663/3663 3662/3662/3662 3661/3661/3661
f 3663/3663/3663 3664/3664/3664 3662/3662/3662
f 3667/3667/3667 3666/3666/3666 3665/3665/3665
f 3666/3666/3666 3668/3668/3668 3665/3665/3665
f 3671/3671/3671 3670/3670/3670 3669/3669/3669
f 3671/3671/3671 3672/3672/3672 3670/3670/3670
f 3675/3675/3675 3674/3674/3674 3673/3673/3673
f 3675/3675/3675 3676/3676/3676 3674/3674/3674
f 3679/3679/3679 3678/3678/3678 3677/3677/3677
f 3679/3679/3679 3680/3680/3680 3678/3678/3678
f 3683/3683/3683 3682/3682/3682 3681/3681/3681
f 3683/3683/3683 3684/3684/3684 3682/3682/3682
f 3687/3687/3687 3686/3686/3686 3685/3685/3685
f 3686/3686/3686 3688/3688/3688 3685/3685/3685
f 3691/3691/3691 3690/3690/3690 3689/3689/3689
f 3691/3691/3691 3692/3692/3692 3690/3690/3690
f 3695/3695/3695 3694/3694/3694 3693/3693/3693
f 3695/3695/3695 3696/3696/3696 3694/3694/3694
f 3699/3699/3699 3698/3698/3698 3697/3697/3697
f 3699/3699/3699 3700/3700/3700 3698/3698/3698
f 3703/3703/3703 3702/3702/3702 3701/3701/3701
f 3703/3703/3703 3704/3704/3704 3702/3702/3702
f 3707/3707/3707 3706/3706/3706 3705/3705/3705
f 3707/3707/3707 3708/3708/3708 3706/3706/3706
f 3711/3711/3711 3710/3710/3710 3709/3709/3709
f 3711/3711/3711 3712/3712/3712 3710/3710/3710
f 3715/3715/3715 3714/3714/3714 3713/3713/3713
f 3715/3715/3715 3716/3716/3716 3714/3714/3714
f 3719/3719/3719 3718/3718/3718 3717/3717/3717
f 3719/3719/3719 3720/3720/3720 3718/3718/3718
f 3723/3723/3723 3722/3722/3722 3721/3721/3721
f 3723/3723/3723 3724/3724/3724 3722/3722/3722
f 3727/3727/3727 3726/3726/3726 3725/3725/3725
f 3727/3727/3727 3728/3728/3728 3726/3726/3726
f 3731/3731/3731 3730/3730/3730 3729/3729/3729
f 3732/3732/3732 3731/3731/3731 3729/3729/3729
f 3732/3732/3732 3733/3733/3733 3731/3731/3731
f 3734/3734/3734 3730/3730/3730 3731/3731/3731
f 3730/3730/3730 3734/3734/3734 3735/3735/3735
f 3730/3730/3730 3735/3735/3735 3736/3736/3736
f 3739/3739/3739 3738/3738/3738 3737/3737/3737
f 3739/3739/3739 3740/3740/3740 3738/3738/3738
f 3743/3743/3743 3742/3742/3742 3741/3741/3741
f 3743/3743/3743 3744/3744/3744 3742/3742/3742
f 3745/3745/3745 3743/3743/3743 3741/3741/3741
f 3745/3745/3745 3746/3746/3746 3743/3743/3743
f 3742/3742/3742 3744/3744/3744 3747/3747/3747
f 3742/3742/3742 3747/3747/3747 3748/3748/3748
f 3751/3751/3751 3750/3750/3750 3749/3749/3749
f 3751/3751/3751 3752/3752/3752 3750/3750/3750
f 3753/3753/3753 3750/3750/3750 3752/3752/3752
f 3753/3753/3753 3754/3754/3754 3750/3750/3750
f 3757/3757/3757 3756/3756/3756 3755/3755/3755
f 3757/3757/3757 3758/3758/3758 3756/3756/3756
f 3761/3761/3761 3760/3760/3760 3759/3759/3759
f 3761/3761/3761 3762/3762/3762 3760/3760/3760
f 3763/3763/3763 3762/3762/3762 3761/3761/3761
f 3766/3766/3766 3765/3765/3765 3764/3764/3764
f 3766/3766/3766 3767/3767/3767 3765/3765/3765
f 3764/3764/3764 3765/3765/3765 3768/3768/3768
f 3764/3764/3764 3768/3768/3768 3769/3769/3769
f 3772/3772/3772 3771/3771/3771 3770/3770/3770
f 3772/3772/3772 3773/3773/3773 3771/3771/3771
f 3770/3770/3770 3771/3771/3771 3774/3774/3774
f 3770/3770/3770 3774/3774/3774 3775/3775/3775
f 3778/3778/3778 3777/3777/3777 3776/3776/3776
f 3777/3777/3777 3779/3779/3779 3776/3776/3776
f 3782/3782/3782 3781/3781/3781 3780/3780/3780
f 3782/3782/3782 3783/3783/3783 3781/3781/3781
f 3786/3786/3786 3785/3785/3785 3784/3784/3784
f 3786/3786/3786 3787/3787/3787 3785/3785/3785
f 3788/3788/3788 3787/3787/3787 3786/3786/3786
f 3788/3788/3788 3789/3789/3789 3787/3787/3787
f 3784/3784/3784 3785/3785/3785 3790/3790/3790
f 3784/3784/3784 3790/3790/3790 3791/3791/3791
f 3794/3794/3794 3793/3793/3793 3792/3792/3792
f 3794/3794/3794 3795/3795/3795 3793/3793/3793
f 3793/3793/3793 3796/3796/3796 3792/3792/3792
f 3793/3793/3793 3797/3797/3797 3796/3796/3796
f 3795/3795/3795 3794/3794/3794 3798/3798/3798
f 3795/3795/3795 3798/3798/3798 3799/3799/3799
f 3802/3802/3802 3801/3801/3801 3800/3800/3800
f 3802/3802/3802 3803/3803/3803 3801/3801/3801
f 3806/3806/3806 3805/3805/3805 3804/3804/3804
f 3806/3806/3806 3807/3807/3807 3805/3805/3805
f 3810/3810/3810 3809/3809/3809 3808/3808/3808
f 3810/3810/3810 3811/3811/3811 3809/3809/3809
f 3812/3812/3812 3809/3809/3809 3811/3811/3811
f 3812/3812/3812 3813/3813/3813 3809/3809/3809
f 3814/3814/3814 3813/3813/3813 3812/3812/3812
f 3814/3814/3814 3815/3815/3815 3813/3813/3813
f 3818/3818/3818 3817/3817/3817 3816/3816/3816
f 3821/3821/3821 3820/3820/3820 3819/3819/3819
f 3821/3821/3821 3822/3822/3822 3820/3820/3820
f 3825/3825/3825 3824/3824/3824 3823/3823/3823
f 3825/3825/3825 3826/3826/3826 3824/3824/3824
f 3829/3829/3829 3828/3828/3828 3827/3827/3827
f 3829/3829/3829 3830/3830/3830 3828/3828/3828
f 3831/3831/3831 3828/3828/3828 3830/3830/3830
f 3831/3831/3831 3832/3832/3832 3828/3828/3828
f 3833/3833/3833 3832/3832/3832 3831/3831/3831
f 3833/3833/3833 3834/3834/3834 3832/3832/3832
f 3835/3835/3835 3829/3829/3829 3827/3827/3827
f 3835/3835/3835 3827/3827/3827 3836/3836/3836
f 3839/3839/3839 3838/3838/3838 3837/3837/3837
f 3842/3842/3842 3841/3841/3841 3840/3840/3840
f 3842/3842/3842 3843/3843/3843 3841/3841/3841
f 3843/3843/3843 3844/3844/3844 3841/3841/3841
f 3843/3843/3843 3845/3845/3845 3844/3844/3844
f 3845/3845/3845 3846/3846/3846 3844/3844/3844
f 3845/3845/3845 3847/3847/3847 3846/3846/3846
f 3848/3848/3848 3842/3842/3842 3840/3840/3840
f 3848/3848/3848 3849/3849/3849 3842/3842/3842
f 3852/3852/3852 3851/3851/3851 3850/3850/3850
f 3852/3852/3852 3853/3853/3853 3851/3851/3851
f 3856/3856/3856 3855/3855/3855 3854/3854/3854
f 3856/3856/3856 3857/3857/3857 3855/3855/3855
f 3857/3857/3857 3856/3856/3856 3858/3858/3858
f 3857/3857/3857 3858/3858/3858 3859/3859/3859
f 3858/3858/3858 3860/3860/3860 3859/3859/3859
f 3858/3858/3858 3861/3861/3861 3860/3860/3860
f 3862/3862/3862 3860/3860/3860 3861/3861/3861
f 3862/3862/3862 3863/3863/3863 3860/3860/3860
f 3866/3866/3866 3865/3865/3865 3864/3864/3864
f 3866/3866/3866 3867/3867/3867 3865/3865/3865
f 3870/3870/3870 3869/3869/3869 3868/3868/3868
f 3870/3870/3870 3871/3871/3871 3869/3869/3869
f 3872/3872/3872 3871/3871/3871 3870/3870/3870
f 3872/3872/3872 3873/3873/3873 3871/3871/3871
f 3874/3874/3874 3873/3873/3873 3872/3872/3872
f 3874/3874/3874 3875/3875/3875 3873/3873/3873
f 3876/3876/3876 3868/3868/3868 3869/3869/3869
f 3876/3876/3876 3877/3877/3877 3868/3868/3868
f 3874/3874/3874 3878/3878/3878 3875/3875/3875
f 3874/3874/3874 3879/3879/3879 3878/3878/3878
f 3882/3882/3882 3881/3881/3881 3880/3880/3880
f 3885/3885/3885 3884/3884/3884 3883/3883/3883
f 3885/3885/3885 3886/3886/3886 3884/3884/3884
f 3889/3889/3889 3888/3888/3888 3887/3887/3887
f 3889/3889/3889 3890/3890/3890 3888/3888/3888
f 3890/3890/3890 3889/3889/3889 3891/3891/3891
f 3890/3890/3890 3891/3891/3891 3892/3892/3892
f 3893/3893/3893 3892/3892/3892 3891/3891/3891
f 3893/3893/3893 3891/3891/3891 3894/3894/3894
f 3895/3895/3895 3893/3893/3893 3894/3894/3894
f 3895/3895/3895 3894/3894/3894 3896/3896/3896
f 3897/3897/3897 3895/3895/3895 3896/3896/3896
f 3897/3897/3897 3896/3896/3896 3898/3898/3898
f 3901/3901/3901 3900/3900/3900 3899/3899/3899
f 3901/3901/3901 3902/3902/3902 3900/3900/3900
f 3905/3905/3905 3904/3904/3904 3903/3903/3903
f 3905/3905/3905 3906/3906/3906 3904/3904/3904
f 3907/3907/3907 3906/3906/3906 3905/3905/3905
f 3907/3907/3907 3905/3905/3905 3908/3908/3908
f 3907/3907/3907 3908/3908/3908 3909/3909/3909
f 3907/3907/3907 3909/3909/3909 3910/3910/3910
f 3911/3911/3911 3910/3910/3910 3909/3909/3909
f 3911/3911/3911 3912/3912/3912 3910/3910/3910
f 3915/3915/3915 3914/3914/3914 3913/3913/3913
f 3915/3915/3915 3916/3916/3916 3914/3914/3914
f 3919/3919/3919 3918/3918/3918 3917/3917/3917
f 3919/3919/3919 3920/3920/3920 3918/3918/3918
f 3923/3923/3923 3922/3922/3922 3921/3921/3921
f 3921/3921/3921 3922/3922/3922 3924/3924/3924
f 3921/3921/3921 3924/3924/3924 3925/3925/3925
f 3928/3928/3928 3927/3927/3927 3926/3926/3926
f 3928/3928/3928 3929/3929/3929 3927/3927/3927
f 3932/3932/3932 3931/3931/3931 3930/3930/3930
f 3932/3932/3932 3933/3933/3933 3931/3931/3931
f 3936/3936/3936 3935/3935/3935 3934/3934/3934
f 3936/3936/3936 3937/3937/3937 3935/3935/3935
f 3940/3940/3940 3939/3939/3939 3938/3938/3938
f 3940/3940/3940 3941/3941/3941 3939/3939/3939
f 3944/3944/3944 3943/3943/3943 3942/3942/3942
f 3944/3944/3944 3945/3945/3945 3943/3943/3943
f 3948/3948/3948 3947/3947/3947 3946/3946/3946
f 3948/3948/3948 3949/3949/3949 3947/3947/3947
f 3952/3952/3952 3951/3951/3951 3950/3950/3950
f 3952/3952/3952 3953/3953/3953 3951/3951/3951
f 3956/3956/3956 3955/3955/3955 3954/3954/3954
f 3956/3956/3956 3957/3957/3957 3955/3955/3955
f 3960/3960/3960 3959/3959/3959 3958/3958/3958
f 3960/3960/3960 3961/3961/3961 3959/3959/3959
f 3964/3964/3964 3963/3963/3963 3962/3962/3962
f 3967/3967/3967 3966/3966/3966 3965/3965/3965
f 3967/3967/3967 3968/3968/3968 3966/3966/3966
f 3971/3971/3971 3970/3970/3970 3969/3969/3969
f 3971/3971/3971 3972/3972/3972 3970/3970/3970
f 3975/3975/3975 3974/3974/3974 3973/3973/3973
f 3975/3975/3975 3976/3976/3976 3974/3974/3974
f 3974/3974/3974 3977/3977/3977 3973/3973/3973
f 3974/3974/3974 3978/3978/3978 3977/3977/3977
f 3979/3979/3979 3976/3976/3976 3975/3975/3975
f 3979/3979/3979 3980/3980/3980 3976/3976/3976
f 3983/3983/3983 3982/3982/3982 3981/3981/3981
f 3983/3983/3983 3984/3984/3984 3982/3982/3982
f 3987/3987/3987 3986/3986/3986 3985/3985/3985
f 3987/3987/3987 3988/3988/3988 3986/3986/3986
f 3991/3991/3991 3990/3990/3990 3989/3989/3989
f 3991/3991/3991 3992/3992/3992 3990/3990/3990
f 3995/3995/3995 3994/3994/3994 3993/3993/3993
f 3995/3995/3995 3996/3996/3996 3994/3994/3994
f 3997/3997/3997 3995/3995/3995 3993/3993/3993
f 3997/3997/3997 3998/3998/3998 3995/3995/3995
f 3999/3999/3999 3998/3998/3998 3997/3997/3997
f 3999/3999/3999 4000/4000/4000 3998/3998/3998
f 4003/4003/4003 4002/4002/4002 4001/4001/4001
f 4003/4003/4003 4004/4004/4004 4002/4002/4002
f 4007/4007/4007 4006/4006/4006 4005/4005/4005
f 4007/4007/4007 4008/4008/4008 4006/4006/4006
f 4011/4011/4011 4010/4010/4010 4009/4009/4009
f 4011/4011/4011 4012/4012/4012 4010/4010/4010
f 4015/4015/4015 4014/4014/4014 4013/4013/4013
f 4015/4015/4015 4016/4016/4016 4014/4014/4014
f 4019/4019/4019 4018/4018/4018 4017/4017/4017
f 4019/4019/4019 4020/4020/4020 4018/4018/4018
f 4023/4023/4023 4022/4022/4022 4021/4021/4021
f 4023/4023/4023 4024/4024/4024 4022/4022/4022
f 4027/4027/4027 4026/4026/4026 4025/4025/4025
f 4027/4027/4027 4028/4028/4028 4026/4026/4026
f 4031/4031/4031 4030/4030/4030 4029/4029/4029
f 4031/4031/4031 4032/4032/4032 4030/4030/4030
f 4035/4035/4035 4034/4034/4034 4033/4033/4033
f 4035/4035/4035 4036/4036/4036 4034/4034/4034
f 4039/4039/4039 4038/4038/4038 4037/4037/4037
f 4039/4039/4039 4040/4040/4040 4038/4038/4038
f 4043/4043/4043 4042/4042/4042 4041/4041/4041
f 4043/4043/4043 4044/4044/4044 4042/4042/4042
f 4047/4047/4047 4046/4046/4046 4045/4045/4045
f 4047/4047/4047 4048/4048/4048 4046/4046/4046
f 4051/4051/4051 4050/4050/4050 4049/4049/4049
f 4051/4051/4051 4052/4052/4052 4050/4050/4050
f 4055/4055/4055 4054/4054/4054 4053/4053/4053
f 4055/4055/4055 4056/4056/4056 4054/4054/4054
f 4059/4059/4059 4058/4058/4058 4057/4057/4057
f 4059/4059/4059 4060/4060/4060 4058/4058/4058
f 4063/4063/4063 4062/4062/4062 4061/4061/4061
f 4063/4063/4063 4064/4064/4064 4062/4062/4062
f 4067/4067/4067 4066/4066/4066 4065/4065/4065
f 4067/4067/4067 4068/4068/4068 4066/4066/4066
f 4071/4071/4071 4070/4070/4070 4069/4069/4069
f 4071/4071/4071 4072/4072/4072 4070/4070/4070
f 4075/4075/4075 4074/4074/4074 4073/4073/4073
f 4075/4075/4075 4076/4076/4076 4074/4074/4074
f 4079/4079/4079 4078/4078/4078 4077/4077/4077
f 4079/4079/4079 4080/4080/4080 4078/4078/4078
f 4083/4083/4083 4082/4082/4082 4081/4081/4081
f 4083/4083/4083 4084/4084/4084 4082/4082/4082
f 4087/4087/4087 4086/4086/4086 4085/4085/4085
f 4090/4090/4090 4089/4089/4089 4088/4088/4088
f 4093/4093/4093 4092/4092/4092 4091/4091/4091
f 4093/4093/4093 4094/4094/4094 4092/4092/4092
f 4097/4097/4097 4096/4096/4096 4095/4095/4095
f 4097/4097/4097 4098/4098/4098 4096/4096/4096
f 4101/4101/4101 4100/4100/4100 4099/4099/4099
f 4101/4101/4101 4102/4102/4102 4100/4100/4100
f 4105/4105/4105 4104/4104/4104 4103/4103/4103
f 4105/4105/4105 4106/4106/4106 4104/4104/4104
f 4109/4109/4109 4108/4108/4108 4107/4107/4107
f 4109/4109/4109 4110/4110/4110 4108/4108/4108
f 4113/4113/4113 4112/4112/4112 4111/4111/4111
f 4113/4113/4113 4114/4114/4114 4112/4112/4112
f 4117/4117/4117 4116/4116/4116 4115/4115/4115
f 4117/4117/4117 4118/4118/4118 4116/4116/4116
f 4121/4121/4121 4120/4120/4120 4119/4119/4119
f 4121/4121/4121 4122/4122/4122 4120/4120/4120
f 4125/4125/4125 4124/4124/4124 4123/4123/4123
f 4125/4125/4125 4126/4126/4126 4124/4124/4124
f 4129/4129/4129 4128/4128/4128 4127/4127/4127
f 4129/4129/4129 4130/4130/4130 4128/4128/4128
f 4133/4133/4133 4132/4132/4132 4131/4131/4131
f 4133/4133/4133 4134/4134/4134 4132/4132/4132
f 4137/4137/4137 4136/4136/4136 4135/4135/4135
f 4137/4137/4137 4138/4138/4138 4136/4136/4136
f 4141/4141/4141 4140/4140/4140 4139/4139/4139
f 4141/4141/4141 4142/4142/4142 4140/4140/4140
f 4145/4145/4145 4144/4144/4144 4143/4143/4143
f 4145/4145/4145 4146/4146/4146 4144/4144/4144
f 4149/4149/4149 4148/4148/4148 4147/4147/4147
f 4149/4149/4149 4150/4150/4150 4148/4148/4148
f 4153/4153/4153 4152/4152/4152 4151/4151/4151
f 4153/4153/4153 4154/4154/4154 4152/4152/4152
f 4157/4157/4157 4156/4156/4156 4155/4155/4155
f 4157/4157/4157 4158/4158/4158 4156/4156/4156
f 4161/4161/4161 4160/4160/4160 4159/4159/4159
f 4161/4161/4161 4162/4162/4162 4160/4160/4160
f 4165/4165/4165 4164/4164/4164 4163/4163/4163
f 4165/4165/4165 4166/4166/4166 4164/4164/4164
f 4169/4169/4169 4168/4168/4168 4167/4167/4167
f 4169/4169/4169 4170/4170/4170 4168/4168/4168
f 4173/4173/4173 4172/4172/4172 4171/4171/4171
f 4173/4173/4173 4174/4174/4174 4172/4172/4172
f 4177/4177/4177 4176/4176/4176 4175/4175/4175
f 4177/4177/4177 4178/4178/4178 4176/4176/4176
f 4181/4181/4181 4180/4180/4180 4179/4179/4179
f 4181/4181/4181 4182/4182/4182 4180/4180/4180
f 4185/4185/4185 4184/4184/4184 4183/4183/4183
f 4185/4185/4185 4186/4186/4186 4184/4184/4184
f 4189/4189/4189 4188/4188/4188 4187/4187/4187
f 4189/4189/4189 4190/4190/4190 4188/4188/4188
f 4193/4193/4193 4192/4192/4192 4191/4191/4191
f 4193/4193/4193 4194/4194/4194 4192/4192/4192
f 4197/4197/4197 4196/4196/4196 4195/4195/4195
f 4197/4197/4197 4198/4198/4198 4196/4196/4196
f 4201/4201/4201 4200/4200/4200 4199/4199/4199
f 4201/4201/4201 4202/4202/4202 4200/4200/4200
f 4205/4205/4205 4204/4204/4204 4203/4203/4203
f 4205/4205/4205 4206/4206/4206 4204/4204/4204
f 4209/4209/4209 4208/4208/4208 4207/4207/4207
f 4209/4209/4209 4210/4210/4210 4208/4208/4208
f 4213/4213/4213 4212/4212/4212 4211/4211/4211
f 4213/4213/4213 4214/4214/4214 4212/4212/4212
f 4217/4217/4217 4216/4216/4216 4215/4215/4215
f 4217/4217/4217 4218/4218/4218 4216/4216/4216
f 4221/4221/4221 4220/4220/4220 4219/4219/4219
f 4221/4221/4221 4222/4222/4222 4220/4220/4220
f 4225/4225/4225 4224/4224/4224 4223/4223/4223
f 4225/4225/4225 4226/4226/4226 4224/4224/4224
f 4229/4229/4229 4228/4228/4228 4227/4227/4227
f 4229/4229/4229 4230/4230/4230 4228/4228/4228
f 4233/4233/4233 4232/4232/4232 4231/4231/4231
f 4233/4233/4233 4234/4234/4234 4232/4232/4232
f 4237/4237/4237 4236/4236/4236 4235/4235/4235
f 4237/4237/4237 4238/4238/4238 4236/4236/4236
f 4241/4241/4241 4240/4240/4240 4239/4239/4239
f 4241/4241/4241 4242/4242/4242 4240/4240/4240
f 4245/4245/4245 4244/4244/4244 4243/4243/4243
f 4245/4245/4245 4246/4246/4246 4244/4244/4244
f 4249/4249/4249 4248/4248/4248 4247/4247/4247
f 4249/4249/4249 4250/4250/4250 4248/4248/4248
f 4253/4253/4253 4252/4252/4252 4251/4251/4251
f 4253/4253/4253 4254/4254/4254 4252/4252/4252
f 4257/4257/4257 4256/4256/4256 4255/4255/4255
f 4257/4257/4257 4258/4258/4258 4256/4256/4256
f 4261/4261/4261 4260/4260/4260 4259/4259/4259
f 4261/4261/4261 4262/4262/4262 4260/4260/4260
f 4265/4265/4265 4264/4264/4264 4263/4263/4263
f 4265/4265/4265 4266/4266/4266 4264/4264/4264
f 4269/4269/4269 4268/4268/4268 4267/4267/4267
f 4269/4269/4269 4270/4270/4270 4268/4268/4268
f 4273/4273/4273 4272/4272/4272 4271/4271/4271
f 4273/4273/4273 4274/4274/4274 4272/4272/4272
f 4277/4277/4277 4276/4276/4276 4275/4275/4275
f 4277/4277/4277 4278/4278/4278 4276/4276/4276
f 4281/4281/4281 4280/4280/4280 4279/4279/4279
f 4281/4281/4281 4282/4282/4282 4280/4280/4280
f 4285/4285/4285 4284/4284/4284 4283/4283/4283
f 4285/4285/4285 4286/4286/4286 4284/4284/4284
f 4289/4289/4289 4288/4288/4288 4287/4287/4287
f 4289/4289/4289 4290/4290/4290 4288/4288/4288
f 4293/4293/4293 4292/4292/4292 4291/4291/4291
f 4293/4293/4293 4294/4294/4294 4292/4292/4292
f 4297/4297/4297 4296/4296/4296 4295/4295/4295
f 4297/4297/4297 4298/4298/4298 4296/4296/4296
f 4301/4301/4301 4300/4300/4300 4299/4299/4299
f 4301/4301/4301 4302/4302/4302 4300/4300/4300
f 4305/4305/4305 4304/4304/4304 4303/4303/4303
f 4305/4305/4305 4306/4306/4306 4304/4304/4304
f 4309/4309/4309 4308/4308/4308 4307/4307/4307
f 4309/4309/4309 4310/4310/4310 4308/4308/4308
f 4313/4313/4313 4312/4312/4312 4311/4311/4311
f 4313/4313/4313 4314/4314/4314 4312/4312/4312
f 4317/4317/4317 4316/4316/4316 4315/4315/4315
f 4317/4317/4317 4318/4318/4318 4316/4316/4316
f 4321/4321/4321 4320/4320/4320 4319/4319/4319
f 4321/4321/4321 4322/4322/4322 4320/4320/4320
f 4325/4325/4325 4324/4324/4324 4323/4323/4323
f 4325/4325/4325 4326/4326/4326 4324/4324/4324
f 4329/4329/4329 4328/4328/4328 4327/4327/4327
f 4329/4329/4329 4330/4330/4330 4328/4328/4328
f 4333/4333/4333 4332/4332/4332 4331/4331/4331
f 4333/4333/4333 4334/4334/4334 4332/4332/4332
f 4337/4337/4337 4336/4336/4336 4335/4335/4335
f 4337/4337/4337 4338/4338/4338 4336/4336/4336
f 4341/4341/4341 4340/4340/4340 4339/4339/4339
f 4341/4341/4341 4342/4342/4342 4340/4340/4340
f 4345/4345/4345 4344/4344/4344 4343/4343/4343
f 4345/4345/4345 4346/4346/4346 4344/4344/4344
f 4349/4349/4349 4348/4348/4348 4347/4347/4347
f 4349/4349/4349 4350/4350/4350 4348/4348/4348
f 4353/4353/4353 4352/4352/4352 4351/4351/4351
f 4353/4353/4353 4354/4354/4354 4352/4352/4352
f 4357/4357/4357 4356/4356/4356 4355/4355/4355
f 4357/4357/4357 4358/4358/4358 4356/4356/4356
f 4361/4361/4361 4360/4360/4360 4359/4359/4359
f 4361/4361/4361 4362/4362/4362 4360/4360/4360
f 4365/4365/4365 4364/4364/4364 4363/4363/4363
f 4365/4365/4365 4366/4366/4366 4364/4364/4364
f 4369/4369/4369 4368/4368/4368 4367/4367/4367
f 4369/4369/4369 4370/4370/4370 4368/4368/4368
f 4373/4373/4373 4372/4372/4372 4371/4371/4371
f 4373/4373/4373 4374/4374/4374 4372/4372/4372
f 4377/4377/4377 4376/4376/4376 4375/4375/4375
f 4377/4377/4377 4378/4378/4378 4376/4376/4376
f 4381/4381/4381 4380/4380/4380 4379/4379/4379
f 4381/4381/4381 4382/4382/4382 4380/4380/4380
f 4385/4385/4385 4384/4384/4384 4383/4383/4383
f 4385/4385/4385 4386/4386/4386 4384/4384/4384
f 4389/4389/4389 4388/4388/4388 4387/4387/4387
f 4389/4389/4389 4390/4390/4390 4388/4388/4388
f 4393/4393/4393 4392/4392/4392 4391/4391/4391
f 4393/4393/4393 4394/4394/4394 4392/4392/4392
f 4397/4397/4397 4396/4396/4396 4395/4395/4395
f 4397/4397/4397 4398/4398/4398 4396/4396/4396
f 4401/4401/4401 4400/4400/4400 4399/4399/4399
f 4401/4401/4401 4402/4402/4402 4400/4400/4400
f 4405/4405/4405 4404/4404/4404 4403/4403/4403
f 4405/4405/4405 4406/4406/4406 4404/4404/4404
f 4409/4409/4409 4408/4408/4408 4407/4407/4407
f 4409/4409/4409 4410/4410/4410 4408/4408/4408
f 4413/4413/4413 4412/4412/4412 4411/4411/4411
f 4413/4413/4413 4414/4414/4414 4412/4412/4412
f 4417/4417/4417 4416/4416/4416 4415/4415/4415
f 4417/4417/4417 4418/4418/4418 4416/4416/4416
f 4421/4421/4421 4420/4420/4420 4419/4419/4419
f 4421/4421/4421 4422/4422/4422 4420/4420/4420
f 4425/4425/4425 4424/4424/4424 4423/4423/4423
f 4425/4425/4425 4426/4426/4426 4424/4424/4424
f 4429/4429/4429 4428/4428/4428 4427/4427/4427
f 4432/4432/4432 4431/4431/4431 4430/4430/4430
f 4432/4432/4432 4433/4433/4433 4431/4431/4431
f 4432/4432/4432 4434/4434/4434 4433/4433/4433
f 4434/4434/4434 4435/4435/4435 4433/4433/4433
f 4438/4438/4438 4437/4437/4437 4436/4436/4436
f 4438/4438/4438 4439/4439/4439 4437/4437/4437
f 4438/4438/4438 4440/4440/4440 4439/4439/4439
f 4443/4443/4443 4442/4442/4442 4441/4441/4441
